saleId,year,month,day,region,product,quantity,unitPrice,amount
S000001,2024,1,1,West,Doohickey,14,53.95,755.3
S000002,2024,1,1,East,Doohickey,6,158.78,952.68
S000003,2024,1,1,North,Gadget,37,64.45,2384.65
S000004,2024,1,1,East,Gizmo,20,174.11,3482.2
S000005,2024,1,1,North,Gizmo,46,62.32,2866.72
S000006,2024,1,1,North,Widget,42,156.33,6565.86
S000007,2024,1,1,East,Thingamajig,47,114.61,5386.67
S000008,2024,1,1,West,Gadget,11,104.41,1148.51
S000009,2024,1,1,South,Thingamajig,28,89.47,2505.16
S000010,2024,1,1,South,Doohickey,12,248.2,2978.4
S000011,2024,1,1,East,Widget,42,200.6,8425.2
S000012,2024,1,1,West,Thingamajig,49,191.91,9403.59
S000013,2024,1,1,North,Doohickey,36,86.71,3121.56
S000014,2024,1,1,North,Gizmo,17,162.46,2761.82
S000015,2024,1,1,,Widget,13,58.81,764.53
S000016,2024,1,1,North,Thingamajig,9,223.52,2011.68
S000017,2024,1,1,North,Doohickey,7,58.41,408.87
S000018,2024,1,1,East,Gadget,36,100.49,3617.64
S000019,2024,1,1,West,Widget,12,51.2,614.4
S000020,2024,1,1,North,Gizmo,14,94.3,1320.2
S000021,2024,1,3,North,Gizmo,4,220.24,880.96
S000022,2024,1,4,West,Widget,5,146.52,732.6
S000023,2024,1,4,North,Thingamajig,40,241.84,9673.6
S000024,2024,1,4,East,Thingamajig,7,5.6,39.2
S000025,2024,1,4,South,Thingamajig,26,173.71,4516.46
S000026,2024,1,4,East,Doohickey,4,203.47,813.88
S000027,2024,1,4,West,Doohickey,17,5.89,100.13
S000028,2024,1,4,West,Gizmo,15,194.74,2921.1
S000029,2024,1,4,East,Doohickey,14,157.73,2208.22
S000030,2024,1,5,North,Widget,31,63.69,1974.39
S000031,2024,1,5,,Gadget,44,94.04,4137.76
S000032,2024,1,5,West,Thingamajig,29,65.56,1901.24
S000033,2024,1,5,East,Thingamajig,39,164.01,6396.39
S000034,2024,1,5,North,Doohickey,18,91.37,1644.66
S000035,2024,1,6,West,Gadget,23,213.94,4920.62
S000036,2024,1,6,South,Thingamajig,49,35.19,1724.31
S000037,2024,1,6,South,Gizmo,26,57.41,1492.66
S000038,2024,1,9,South,Gadget,9,72.3,
S000039,2024,1,9,North,Gadget,22,72.28,1590.16
S000040,2024,1,9,North,Gadget,17,68.49,1164.33
S000041,2024,1,9,West,Widget,33,15.86,523.38
S000042,2024,1,9,North,Gadget,46,81.09,3730.14
S000043,2024,1,9,South,Doohickey,29,172.94,5015.26
S000044,2024,1,9,South,Gadget,13,54.3,705.9
S000045,2024,1,9,West,Widget,50,213.3,10665.0
S000046,2024,1,9,South,Gadget,47,79.83,3752.01
S000047,2024,1,9,West,Doohickey,7,94.19,659.33
S000048,2024,1,9,,Thingamajig,37,96.16,3557.92
S000049,2024,1,9,West,Gadget,19,130.41,2477.79
S000050,2024,1,9,North,Gadget,39,206.69,8060.91
S000051,2024,1,9,East,Doohickey,37,227.47,8416.39
S000052,2024,1,9,West,Doohickey,27,234.06,6319.62
S000053,2024,1,9,South,Widget,32,177.53,5680.96
S000054,2024,1,9,South,Gadget,18,242.21,4359.78
S000055,2024,1,9,West,Doohickey,22,196.98,4333.56
S000056,2024,1,9,North,Doohickey,6,129.24,775.44
S000057,2024,1,9,East,Gizmo,20,242.88,4857.6
S000058,2024,1,11,East,Widget,4,146.58,586.32
S000059,2024,1,14,North,Doohickey,27,209.34,
S000060,2024,1,14,West,Thingamajig,36,202.0,7272.0
S000061,2024,1,14,West,Thingamajig,19,85.49,1624.31
S000062,2024,1,19,North,Gizmo,12,167.44,2009.28
S000063,2024,1,20,North,Gadget,28,246.76,6909.28
S000064,2024,1,21,East,Thingamajig,35,237.67,8318.45
S000065,2024,1,21,North,Widget,6,129.68,778.08
S000066,2024,1,21,South,Gadget,36,245.94,8853.84
S000067,2024,1,22,North,Gadget,36,241.28,8686.08
S000068,2024,1,22,North,Widget,10,11.67,116.7
S000069,2024,1,22,East,Gizmo,24,239.13,5739.12
S000070,2024,1,25,West,Widget,21,197.37,4144.77
S000071,2024,1,27,North,Widget,3,25.74,77.22
S000072,2024,1,27,East,Doohickey,40,229.65,9186.0
S000073,2024,1,27,West,Widget,2,222.4,444.8
S000074,2024,2,1,North,Widget,44,33.72,1483.68
S000075,2024,2,1,North,Thingamajig,15,115.69,1735.35
S000076,2024,2,1,North,Widget,16,210.8,3372.8
S000077,2024,2,1,West,Doohickey,3,225.94,677.82
S000078,2024,2,1,West,Widget,12,225.51,2706.12
S000079,2024,2,3,South,Gadget,19,14.98,284.62
S000080,2024,2,3,West,Gizmo,29,125.68,3644.72
S000081,2024,2,3,East,Gadget,19,193.34,3673.46
S000082,2024,2,4,North,Gadget,17,49.01,833.17
S000083,2024,2,4,North,Gadget,7,121.61,851.27
S000084,2024,2,11,West,Gadget,19,201.13,3821.47
S000085,2024,2,14,West,Doohickey,43,20.92,899.56
S000086,2024,2,14,South,Doohickey,30,208.87,6266.1
S000087,2024,2,14,West,Widget,2,189.95,379.9
S000088,2024,2,14,North,Doohickey,46,67.96,3126.16
S000089,2024,2,14,South,Widget,43,197.37,
S000090,2024,2,16,South,Doohickey,34,12.17,413.78
S000091,2024,2,17,East,Gadget,46,60.79,2796.34
S000092,2024,2,17,North,Thingamajig,16,174.5,2792.0
S000093,2024,2,17,East,Widget,6,157.74,946.44
S000094,2024,2,19,South,Widget,9,188.31,1694.79
S000095,2024,2,20,North,Gizmo,16,15.97,255.52
S000096,2024,2,20,West,Widget,30,66.74,2002.2
S000097,2024,2,20,North,Gizmo,26,22.33,580.58
S000098,2024,2,22,South,Thingamajig,45,160.67,7230.15
S000099,2024,2,25,,Widget,35,213.25,7463.75
S000100,2024,2,25,North,Gizmo,11,217.6,2393.6
S000101,2024,2,25,East,Widget,15,42.19,632.85
S000102,2024,2,27,North,Gizmo,5,61.06,305.3
S000103,2024,2,27,South,Gizmo,1,169.01,169.01
S000104,2024,2,27,North,Gadget,6,205.87,1235.22
S000105,2024,3,2,South,Widget,3,243.49,730.47
S000106,2024,3,2,South,Gizmo,31,110.67,3430.77
S000107,2024,3,3,South,Gadget,3,52.34,157.02
S000108,2024,3,3,West,Gizmo,47,214.93,10101.71
S000109,2024,3,3,West,Widget,2,238.29,476.58
S000110,2024,3,3,South,Widget,41,134.03,5495.23
S000111,2024,3,3,East,Thingamajig,48,160.24,7691.52
S000112,2024,3,3,South,Gizmo,3,222.49,667.47
S000113,2024,3,3,East,Gizmo,46,152.91,7033.86
S000114,2024,3,3,South,Doohickey,32,17.94,574.08
S000115,2024,3,3,West,Thingamajig,41,197.69,8105.29
S000116,2024,3,3,South,Doohickey,6,180.01,1080.06
S000117,2024,3,3,South,Thingamajig,29,167.2,4848.8
S000118,2024,3,3,North,Thingamajig,36,217.49,7829.64
S000119,2024,3,3,East,Gadget,37,147.6,5461.2
S000120,2024,3,3,East,Gizmo,37,162.18,6000.66
S000121,2024,3,3,East,Gadget,16,86.44,
S000122,2024,3,3,South,Gizmo,31,230.25,7137.75
S000123,2024,3,3,East,Thingamajig,20,58.87,1177.4
S000124,2024,3,3,West,Thingamajig,41,24.21,992.61
S000125,2024,3,3,South,Doohickey,6,173.63,1041.78
S000126,2024,3,3,East,Doohickey,9,98.03,882.27
S000127,2024,3,4,East,Gadget,3,131.65,394.95
S000128,2024,3,4,North,Gizmo,44,239.55,
S000129,2024,3,4,West,Widget,41,184.1,7548.1
S000130,2024,3,5,South,Widget,25,72.57,1814.25
S000131,2024,3,5,South,Widget,7,239.74,1678.18
S000132,2024,3,6,West,Widget,15,30.06,450.9
S000133,2024,3,6,West,Doohickey,2,176.51,353.02
S000134,2024,3,6,South,Thingamajig,9,192.03,1728.27
S000135,2024,3,7,North,Gizmo,32,171.49,5487.68
S000136,2024,3,7,East,Thingamajig,40,189.33,7573.2
S000137,2024,3,7,North,Gadget,18,27.58,496.44
S000138,2024,3,7,West,Gizmo,44,80.64,3548.16
S000139,2024,3,7,North,Gizmo,37,43.54,1610.98
S000140,2024,3,11,North,Widget,43,96.68,4157.24
S000141,2024,3,11,West,Gizmo,23,243.59,5602.57
S000142,2024,3,11,West,Gadget,29,108.73,3153.17
S000143,2024,3,11,East,Doohickey,1,92.78,92.78
S000144,2024,3,11,North,Doohickey,29,136.82,3967.78
S000145,2024,3,11,West,Doohickey,21,203.11,4265.31
S000146,2024,3,11,North,Widget,42,148.42,
S000147,2024,3,11,East,Gadget,35,113.29,3965.15
S000148,2024,3,12,North,Widget,32,159.56,5105.92
S000149,2024,3,12,East,Gadget,9,57.85,520.65
S000150,2024,3,13,North,Doohickey,28,104.97,2939.16
S000151,2024,3,13,North,Thingamajig,46,242.91,11173.86
S000152,2024,3,14,North,Widget,29,48.66,1411.14
S000153,2024,3,14,East,Gadget,42,199.64,8384.88
S000154,2024,3,14,North,Gadget,47,88.04,4137.88
S000155,2024,3,14,North,Thingamajig,16,159.0,2544.0
S000156,2024,3,14,North,Gizmo,30,101.47,3044.1
S000157,2024,3,15,South,Gizmo,15,196.42,2946.3
S000158,2024,3,15,East,Gizmo,25,69.78,1744.5
S000159,2024,3,15,East,Widget,22,21.32,469.04
S000160,2024,3,16,South,Thingamajig,49,244.89,11999.61
S000161,2024,3,16,West,Doohickey,40,53.04,2121.6
S000162,2024,3,16,North,Thingamajig,18,133.35,2400.3
S000163,2024,3,16,South,Widget,33,209.8,6923.4
S000164,2024,3,16,North,Gadget,23,210.48,4841.04
S000165,2024,3,17,West,Gizmo,43,223.33,9603.19
S000166,2024,3,17,South,Doohickey,24,128.83,3091.92
S000167,2024,3,17,East,Thingamajig,45,244.05,10982.25
S000168,2024,3,18,West,Gadget,28,127.17,3560.76
S000169,2024,3,18,North,Widget,11,135.17,1486.87
S000170,2024,3,18,East,Widget,8,56.29,450.32
S000171,2024,3,19,North,Gizmo,49,39.92,1956.08
S000172,2024,3,19,East,Thingamajig,14,142.62,1996.68
S000173,2024,3,19,West,Doohickey,45,155.97,7018.65
S000174,2024,3,19,West,Widget,12,118.73,1424.76
S000175,2024,3,19,South,Thingamajig,26,165.19,4294.94
S000176,2024,3,19,South,Gadget,26,211.9,5509.4
S000177,2024,3,19,South,Gizmo,1,171.84,171.84
S000178,2024,3,19,West,Gadget,22,185.26,4075.72
S000179,2024,3,20,East,Thingamajig,41,124.93,5122.13
S000180,2024,3,24,West,Gizmo,1,203.27,203.27
S000181,2024,3,26,East,Thingamajig,40,141.49,5659.6
S000182,2024,3,27,North,Widget,15,43.49,652.35
S000183,2024,3,27,West,Gadget,33,109.39,3609.87
S000184,2024,3,27,South,Gizmo,8,169.7,1357.6
S000185,2024,3,28,North,Widget,45,33.17,1492.65
S000186,2024,3,28,West,Thingamajig,17,97.24,1653.08
S000187,2024,3,28,South,Gadget,30,119.31,3579.3
S000188,2024,3,28,West,Doohickey,3,120.2,360.6
S000189,2024,3,28,West,Widget,8,140.22,1121.76
S000190,2024,4,1,South,Gadget,19,61.06,1160.14
S000191,2024,4,1,West,Doohickey,34,218.95,7444.3
S000192,2024,4,1,East,Thingamajig,25,95.58,2389.5
S000193,2024,4,1,South,Gizmo,12,108.91,1306.92
S000194,2024,4,1,South,Gadget,36,71.04,2557.44
S000195,2024,4,2,East,Widget,39,143.37,5591.43
S000196,2024,4,2,South,Widget,37,213.39,7895.43
S000197,2024,4,2,West,Thingamajig,26,85.25,2216.5
S000198,2024,4,2,North,Gadget,23,230.52,5301.96
S000199,2024,4,2,East,Gadget,14,246.73,3454.22
S000200,2024,4,7,South,Gizmo,2,130.52,261.04
S000201,2024,4,7,North,Doohickey,25,235.76,5894.0
S000202,2024,4,7,West,Widget,29,213.84,6201.36
S000203,2024,4,8,West,Doohickey,15,68.99,1034.85
S000204,2024,4,8,South,Gizmo,30,5.02,150.6
S000205,2024,4,8,South,Gizmo,49,41.18,2017.82
S000206,2024,4,8,North,Gizmo,19,12.05,228.95
S000207,2024,4,8,East,Gadget,44,123.12,5417.28
S000208,2024,4,8,South,Widget,33,153.98,
S000209,2024,4,8,North,Gizmo,3,79.95,239.85
S000210,2024,4,8,South,Doohickey,33,59.51,1963.83
S000211,2024,4,10,North,Thingamajig,4,58.68,234.72
S000212,2024,4,10,North,Thingamajig,36,97.67,3516.12
S000213,2024,4,10,West,Doohickey,28,30.41,851.48
S000214,2024,4,10,North,Thingamajig,44,195.9,8619.6
S000215,2024,4,10,East,Gizmo,43,209.04,8988.72
S000216,2024,4,10,West,Gizmo,27,60.87,1643.49
S000217,2024,4,10,East,Gadget,4,83.01,332.04
S000218,2024,4,10,North,Gizmo,38,209.89,7975.82
S000219,2024,4,10,East,Doohickey,18,117.25,2110.5
S000220,2024,4,10,East,Doohickey,19,128.78,2446.82
S000221,2024,4,10,East,Widget,8,202.57,1620.56
S000222,2024,4,10,West,Doohickey,33,245.8,8111.4
S000223,2024,4,10,East,Widget,42,193.34,8120.28
S000224,2024,4,10,West,Gizmo,20,196.81,3936.2
S000225,2024,4,10,South,Gadget,42,49.29,2070.18
S000226,2024,4,10,West,Doohickey,19,23.95,455.05
S000227,2024,4,10,North,Gadget,11,192.49,2117.39
S000228,2024,4,10,East,Doohickey,6,25.5,153.0
S000229,2024,4,10,North,Gadget,10,150.85,1508.5
S000230,2024,4,10,West,Gadget,32,125.05,4001.6
S000231,2024,4,11,West,Doohickey,34,170.56,5799.04
S000232,2024,4,12,South,Gadget,10,125.34,1253.4
S000233,2024,4,13,East,Doohickey,15,60.6,909.0
S000234,2024,4,16,East,Widget,2,163.39,326.78
S000235,2024,4,16,,Gadget,36,41.62,1498.32
S000236,2024,4,16,South,Widget,20,42.09,
S000237,2024,4,16,North,Gizmo,50,240.39,12019.5
S000238,2024,4,16,North,Doohickey,29,61.45,1782.05
S000239,2024,4,16,West,Gadget,14,190.93,2673.02
S000240,2024,4,16,North,Widget,46,24.68,1135.28
S000241,2024,4,16,East,Thingamajig,20,75.03,1500.6
S000242,2024,4,16,South,Thingamajig,32,240.0,7680.0
S000243,2024,4,16,East,Widget,46,22.95,1055.7
S000244,2024,4,16,East,Gizmo,41,218.42,8955.22
S000245,2024,4,16,South,Gadget,9,128.42,1155.78
S000246,2024,4,16,South,Gadget,31,183.51,5688.81
S000247,2024,4,16,South,Widget,23,232.72,
S000248,2024,4,16,South,Gizmo,38,165.29,6281.02
S000249,2024,4,16,West,Gadget,21,30.76,645.96
S000250,2024,4,16,North,Doohickey,29,117.75,3414.75
S000251,2024,4,16,South,Doohickey,39,85.2,3322.8
S000252,2024,4,16,North,Gadget,47,111.72,5250.84
S000253,2024,4,16,East,Thingamajig,26,16.33,424.58
S000254,2024,4,21,East,Doohickey,41,240.46,9858.86
S000255,2024,4,24,East,Gadget,27,120.44,3251.88
S000256,2024,4,24,West,Widget,34,23.11,
S000257,2024,4,24,West,Widget,21,234.08,4915.68
S000258,2024,4,24,East,Widget,40,145.36,5814.4
S000259,2024,4,24,South,Gizmo,28,65.52,
S000260,2024,4,24,East,Doohickey,41,174.32,7147.12
S000261,2024,4,24,West,Widget,47,214.77,10094.19
S000262,2024,4,24,North,Gizmo,1,143.98,143.98
S000263,2024,4,25,South,Gizmo,11,201.74,2219.14
S000264,2024,4,26,South,Gadget,1,112.64,112.64
S000265,2024,4,27,,Gizmo,49,13.56,664.44
S000266,2024,4,27,South,Gizmo,17,38.93,661.81
S000267,2024,4,27,North,Widget,7,6.75,47.25
S000268,2024,4,27,West,Gizmo,7,119.75,838.25
S000269,2024,4,27,East,Thingamajig,43,154.72,6652.96
S000270,2024,4,27,North,Gadget,18,181.45,3266.1
S000271,2024,4,27,West,Widget,18,247.0,4446.0
S000272,2024,4,27,East,Widget,48,221.65,10639.2
S000273,2024,4,28,North,Gizmo,11,196.27,2158.97
S000274,2024,4,28,South,Widget,21,16.31,342.51
S000275,2024,4,28,East,Doohickey,10,208.4,2084.0
S000276,2024,4,28,North,Thingamajig,39,83.17,3243.63
S000277,2024,4,28,South,Doohickey,18,56.89,1024.02
S000278,2024,5,1,West,Gizmo,34,120.22,4087.48
S000279,2024,5,2,North,Gadget,20,18.42,368.4
S000280,2024,5,2,North,Gizmo,13,227.57,2958.41
S000281,2024,5,2,North,Thingamajig,31,47.33,1467.23
S000282,2024,5,4,East,Gizmo,15,144.96,2174.4
S000283,2024,5,4,East,Gizmo,33,179.92,5937.36
S000284,2024,5,4,North,Thingamajig,3,80.52,241.56
S000285,2024,5,5,South,Widget,28,63.9,1789.2
S000286,2024,5,5,West,Widget,11,192.67,2119.37
S000287,2024,5,5,North,Doohickey,19,100.1,1901.9
S000288,2024,5,6,West,Doohickey,17,72.35,1229.95
S000289,2024,5,6,South,Gadget,42,47.03,1975.26
S000290,2024,5,10,West,Widget,39,170.05,6631.95
S000291,2024,5,11,East,Widget,50,62.38,3119.0
S000292,2024,5,12,South,Widget,2,159.39,318.78
S000293,2024,5,12,North,Gadget,35,83.74,2930.9
S000294,2024,5,12,West,Thingamajig,26,42.67,1109.42
S000295,2024,5,12,West,Gizmo,22,116.56,2564.32
S000296,2024,5,12,South,Thingamajig,43,10.51,451.93
S000297,2024,5,13,North,Widget,43,16.36,703.48
S000298,2024,5,13,West,Gizmo,39,68.97,2689.83
S000299,2024,5,13,West,Thingamajig,47,205.0,9635.0
S000300,2024,5,15,West,Gizmo,10,41.11,
S000301,2024,5,15,West,Gadget,4,215.85,863.4
S000302,2024,5,15,North,Thingamajig,23,183.93,4230.39
S000303,2024,5,15,North,Widget,38,83.8,3184.4
S000304,2024,5,15,South,Thingamajig,31,125.74,3897.94
S000305,2024,5,15,North,Gizmo,46,189.47,8715.62
S000306,2024,5,15,West,Thingamajig,20,226.98,4539.6
S000307,2024,5,15,North,Doohickey,2,179.24,358.48
S000308,2024,5,18,West,Gadget,5,124.09,620.45
S000309,2024,5,18,North,Gizmo,18,22.38,402.84
S000310,2024,5,18,North,Thingamajig,15,218.65,3279.75
S000311,2024,5,19,,Thingamajig,25,53.63,1340.75
S000312,2024,5,20,East,Doohickey,47,18.39,864.33
S000313,2024,5,20,East,Thingamajig,28,139.27,3899.56
S000314,2024,5,20,West,Doohickey,10,233.34,2333.4
S000315,2024,5,20,East,Gizmo,5,70.19,350.95
S000316,2024,5,20,South,Widget,28,35.63,997.64
S000317,2024,5,22,East,Widget,31,209.85,6505.35
S000318,2024,5,22,North,Thingamajig,5,120.67,603.35
S000319,2024,5,22,East,Widget,15,57.89,868.35
S000320,2024,5,22,West,Doohickey,1,166.84,166.84
S000321,2024,5,22,South,Doohickey,34,173.33,5893.22
S000322,2024,5,22,South,Thingamajig,13,191.27,2486.51
S000323,2024,5,22,West,Gadget,18,165.71,2982.78
S000324,2024,5,22,East,Gizmo,20,231.89,4637.8
S000325,2024,5,22,East,Gizmo,35,234.83,8219.05
S000326,2024,5,22,North,Thingamajig,12,99.35,
S000327,2024,5,22,South,Widget,6,165.02,990.12
S000328,2024,5,22,South,Gizmo,48,203.99,9791.52
S000329,2024,5,22,,Widget,30,60.79,1823.7
S000330,2024,5,22,North,Doohickey,30,83.3,2499.0
S000331,2024,5,22,East,Widget,18,201.87,3633.66
S000332,2024,5,22,East,Widget,38,184.83,7023.54
S000333,2024,5,22,South,Gizmo,4,71.27,285.08
S000334,2024,5,22,West,Doohickey,41,176.34,7229.94
S000335,2024,5,22,East,Gadget,34,75.05,2551.7
S000336,2024,5,22,West,Widget,34,229.89,7816.26
S000337,2024,5,23,South,Doohickey,26,111.19,2890.94
S000338,2024,5,24,North,Thingamajig,19,122.68,2330.92
S000339,2024,5,24,East,Gizmo,38,128.59,4886.42
S000340,2024,5,24,West,Thingamajig,44,180.16,7927.04
S000341,2024,5,24,East,Doohickey,16,75.92,1214.72
S000342,2024,5,24,East,Gadget,21,163.51,3433.71
S000343,2024,5,24,North,Thingamajig,22,191.12,4204.64
S000344,2024,5,24,West,Widget,47,185.69,8727.43
S000345,2024,5,24,North,Gadget,26,14.06,365.56
S000346,2024,5,24,West,Widget,22,211.71,4657.62
S000347,2024,5,24,South,Gadget,15,240.98,3614.7
S000348,2024,5,24,North,Doohickey,1,121.69,121.69
S000349,2024,5,24,North,Thingamajig,38,150.55,5720.9
S000350,2024,5,24,South,Thingamajig,47,146.72,6895.84
S000351,2024,5,24,West,Widget,50,109.94,5497.0
S000352,2024,5,24,West,Thingamajig,6,167.8,1006.8
S000353,2024,5,24,South,Gizmo,15,98.03,1470.45
S000354,2024,5,24,West,Doohickey,28,148.31,4152.68
S000355,2024,5,24,South,Gadget,22,170.2,3744.4
S000356,2024,5,24,South,Gadget,4,143.49,573.96
S000357,2024,5,24,West,Widget,13,153.87,2000.31
S000358,2024,5,26,South,Widget,23,18.65,428.95
S000359,2024,5,27,West,Doohickey,40,18.49,739.6
S000360,2024,5,28,East,Widget,36,61.61,2217.96
S000361,2024,5,28,North,Widget,6,16.13,96.78
S000362,2024,5,28,West,Doohickey,26,98.68,2565.68
S000363,2024,5,28,West,Doohickey,42,191.03,8023.26
S000364,2024,5,28,West,Gadget,11,77.23,849.53
S000365,2024,5,28,South,Thingamajig,24,54.04,1296.96
S000366,2024,5,28,East,Gizmo,43,28.87,1241.41
S000367,2024,5,28,,Doohickey,49,105.69,5178.81
S000368,2024,5,28,West,Doohickey,1,52.61,52.61
S000369,2024,5,28,East,Gadget,26,47.11,1224.86
S000370,2024,5,28,North,Doohickey,47,62.34,2929.98
S000371,2024,5,28,South,Doohickey,36,217.99,7847.64
S000372,2024,5,28,South,Doohickey,32,189.08,6050.56
S000373,2024,5,28,,Widget,2,171.71,343.42
S000374,2024,5,28,North,Widget,18,155.39,2797.02
S000375,2024,5,28,South,Gadget,17,219.43,3730.31
S000376,2024,5,28,North,Widget,24,37.56,901.44
S000377,2024,5,28,South,Gizmo,37,9.25,342.25
S000378,2024,5,28,South,Thingamajig,1,224.19,224.19
S000379,2024,5,28,East,Gizmo,35,57.26,2004.1
S000380,2024,6,1,East,Gadget,8,218.38,1747.04
S000381,2024,6,1,West,Gadget,39,30.48,1188.72
S000382,2024,6,1,North,Thingamajig,29,215.11,6238.19
S000383,2024,6,1,South,Gadget,12,209.23,2510.76
S000384,2024,6,1,East,Gadget,24,55.7,1336.8
S000385,2024,6,1,West,Gizmo,45,172.55,7764.75
S000386,2024,6,1,East,Gadget,42,126.79,5325.18
S000387,2024,6,1,North,Widget,42,88.68,3724.56
S000388,2024,6,1,West,Widget,21,191.33,4017.93
S000389,2024,6,1,East,Gadget,31,228.79,7092.49
S000390,2024,6,1,West,Doohickey,3,114.91,344.73
S000391,2024,6,1,South,Doohickey,49,139.16,6818.84
S000392,2024,6,1,West,Gadget,23,247.85,5700.55
S000393,2024,6,1,South,Gadget,1,74.47,74.47
S000394,2024,6,1,South,Thingamajig,41,187.89,7703.49
S000395,2024,6,1,West,Doohickey,24,196.25,4710.0
S000396,2024,6,1,West,Thingamajig,4,72.97,291.88
S000397,2024,6,1,West,Widget,49,18.8,921.2
S000398,2024,6,1,North,Gizmo,41,223.72,9172.52
S000399,2024,6,1,West,Doohickey,13,176.3,2291.9
S000400,2024,6,3,West,Thingamajig,47,144.88,6809.36
S000401,2024,6,3,West,Doohickey,37,97.42,3604.54
S000402,2024,6,3,West,Thingamajig,46,201.93,9288.78
S000403,2024,6,3,West,Gizmo,6,80.41,482.46
S000404,2024,6,3,East,Thingamajig,50,166.12,8306.0
S000405,2024,6,3,West,Thingamajig,27,96.76,2612.52
S000406,2024,6,3,South,Gizmo,6,102.12,612.72
S000407,2024,6,3,West,Gadget,12,182.22,2186.64
S000408,2024,6,8,East,Widget,5,21.03,105.15
S000409,2024,6,8,North,Thingamajig,26,195.76,5089.76
S000410,2024,6,9,East,Widget,23,229.14,5270.22
S000411,2024,6,9,East,Doohickey,21,117.12,2459.52
S000412,2024,6,9,North,Gadget,46,202.55,9317.3
S000413,2024,6,9,West,Widget,41,203.53,8344.73
S000414,2024,6,9,West,Doohickey,1,109.2,109.2
S000415,2024,6,9,South,Doohickey,20,147.34,2946.8
S000416,2024,6,9,North,Doohickey,14,116.48,
S000417,2024,6,9,East,Gizmo,35,135.63,4747.05
S000418,2024,6,13,West,Doohickey,40,18.34,733.6
S000419,2024,6,16,South,Thingamajig,7,158.52,1109.64
S000420,2024,6,16,East,Doohickey,43,181.93,7822.99
S000421,2024,6,16,East,Widget,30,203.77,6113.1
S000422,2024,6,16,South,Gadget,38,73.21,2781.98
S000423,2024,6,16,South,Widget,25,230.62,5765.5
S000424,2024,6,17,East,Thingamajig,25,166.25,4156.25
S000425,2024,6,18,South,Widget,49,14.12,691.88
S000426,2024,6,22,East,Widget,8,58.19,465.52
S000427,2024,6,22,South,Doohickey,7,154.45,1081.15
S000428,2024,6,22,East,Thingamajig,33,247.3,8160.9
S000429,2024,6,22,East,Gadget,8,97.29,778.32
S000430,2024,6,22,South,Thingamajig,35,46.07,1612.45
S000431,2024,6,22,North,Thingamajig,4,32.0,128.0
S000432,2024,6,22,South,Thingamajig,7,232.9,1630.3
S000433,2024,6,22,East,Doohickey,13,122.55,1593.15
S000434,2024,6,24,North,Gadget,16,213.66,3418.56
S000435,2024,6,24,East,Widget,23,101.53,2335.19
S000436,2024,6,24,West,Thingamajig,33,193.23,6376.59
S000437,2024,6,25,West,Widget,13,62.79,816.27
S000438,2024,6,25,North,Gizmo,7,162.77,1139.39
S000439,2024,6,26,East,Widget,6,209.81,1258.86
S000440,2024,6,26,South,Doohickey,45,134.36,6046.2
S000441,2024,6,26,North,Doohickey,41,186.94,7664.54
S000442,2024,6,26,North,Doohickey,30,139.6,4188.0
S000443,2024,6,26,East,Doohickey,42,183.85,7721.7
S000444,2024,6,26,North,Doohickey,27,140.43,3791.61
S000445,2024,6,26,South,Widget,44,94.18,4143.92
S000446,2024,6,26,,Doohickey,21,20.66,433.86
S000447,2024,6,26,North,Widget,44,179.3,7889.2
S000448,2024,6,26,West,Gizmo,6,207.22,1243.32
S000449,2024,6,26,South,Gadget,25,152.1,3802.5
S000450,2024,6,26,South,Gadget,30,85.59,2567.7
S000451,2024,6,26,West,Gizmo,26,8.28,215.28
S000452,2024,6,26,East,Gizmo,49,246.45,12076.05
S000453,2024,6,26,West,Doohickey,49,221.43,10850.07
S000454,2024,6,26,South,Gadget,29,225.44,6537.76
S000455,2024,6,26,South,Thingamajig,35,6.98,244.3
S000456,2024,6,26,North,Doohickey,5,23.25,116.25
S000457,2024,6,26,North,Gizmo,37,145.65,5389.05
S000458,2024,6,26,North,Widget,2,63.48,
S000459,2024,6,28,West,Doohickey,28,61.61,1725.08
S000460,2024,6,28,West,Thingamajig,8,237.17,1897.36
S000461,2024,7,1,North,Thingamajig,22,48.83,1074.26
S000462,2024,7,3,South,Gadget,45,94.27,4242.15
S000463,2024,7,3,North,Thingamajig,49,20.79,1018.71
S000464,2024,7,3,North,Thingamajig,4,81.12,324.48
S000465,2024,7,3,South,Thingamajig,31,160.21,4966.51
S000466,2024,7,3,West,Doohickey,17,221.97,3773.49
S000467,2024,7,3,South,Thingamajig,6,140.76,844.56
S000468,2024,7,3,East,Gadget,41,208.26,8538.66
S000469,2024,7,3,North,Widget,6,17.77,106.62
S000470,2024,7,8,North,Thingamajig,45,20.45,920.25
S000471,2024,7,8,East,Gadget,22,172.48,3794.56
S000472,2024,7,8,South,Widget,45,213.82,
S000473,2024,7,8,South,Gizmo,22,247.02,5434.44
S000474,2024,7,8,North,Widget,11,151.89,1670.79
S000475,2024,7,8,South,Widget,9,84.91,764.19
S000476,2024,7,8,West,Doohickey,30,95.26,
S000477,2024,7,8,South,Gizmo,20,112.14,2242.8
S000478,2024,7,9,South,Gizmo,26,137.98,3587.48
S000479,2024,7,9,North,Gizmo,30,246.99,7409.7
S000480,2024,7,9,West,Gadget,33,231.23,7630.59
S000481,2024,7,9,North,Gadget,29,131.43,3811.47
S000482,2024,7,9,East,Gizmo,48,26.77,1284.96
S000483,2024,7,9,North,Gizmo,47,95.67,4496.49
S000484,2024,7,9,East,Thingamajig,13,23.72,308.36
S000485,2024,7,9,South,Gadget,26,157.01,4082.26
S000486,2024,7,9,East,Doohickey,41,184.72,
S000487,2024,7,9,West,Doohickey,25,149.41,3735.25
S000488,2024,7,9,East,Gizmo,45,196.36,8836.2
S000489,2024,7,9,West,Gadget,17,51.94,882.98
S000490,2024,7,9,North,Thingamajig,39,240.21,9368.19
S000491,2024,7,9,East,Widget,43,103.3,4441.9
S000492,2024,7,9,East,Thingamajig,13,33.92,440.96
S000493,2024,7,9,East,Doohickey,17,53.75,913.75
S000494,2024,7,9,South,Widget,18,126.86,2283.48
S000495,2024,7,9,East,Thingamajig,38,91.31,3469.78
S000496,2024,7,9,South,Gizmo,30,64.94,1948.2
S000497,2024,7,9,South,Gadget,27,143.45,3873.15
S000498,2024,7,10,,Doohickey,22,7.54,165.88
S000499,2024,7,10,North,Doohickey,2,212.31,424.62
S000500,2024,7,10,East,Doohickey,30,32.9,987.0
S000501,2024,7,11,South,Doohickey,21,230.34,4837.14
S000502,2024,7,11,East,Gizmo,45,145.68,6555.6
S000503,2024,7,11,West,Thingamajig,5,26.12,130.6
S000504,2024,7,11,South,Thingamajig,46,86.24,3967.04
S000505,2024,7,11,East,Thingamajig,5,5.37,26.85
S000506,2024,7,11,South,Gizmo,42,249.46,10477.32
S000507,2024,7,11,North,Gadget,41,91.47,3750.27
S000508,2024,7,11,South,Gadget,23,62.28,1432.44
S000509,2024,7,11,North,Thingamajig,7,61.34,429.38
S000510,2024,7,11,North,Widget,38,248.17,9430.46
S000511,2024,7,11,West,Thingamajig,15,240.28,3604.2
S000512,2024,7,11,South,Gizmo,18,222.81,4010.58
S000513,2024,7,11,South,Gizmo,15,163.26,2448.9
S000514,2024,7,11,North,Doohickey,19,224.98,4274.62
S000515,2024,7,11,North,Gadget,33,146.46,4833.18
S000516,2024,7,11,South,Gadget,37,215.92,7989.04
S000517,2024,7,11,West,Gadget,1,8.89,8.89
S000518,2024,7,11,West,Gizmo,19,148.42,2819.98
S000519,2024,7,11,North,Thingamajig,5,245.57,1227.85
S000520,2024,7,11,West,Doohickey,27,190.0,5130.0
S000521,2024,7,15,West,Doohickey,29,28.26,
S000522,2024,7,16,North,Widget,25,87.14,2178.5
S000523,2024,7,16,South,Doohickey,35,74.26,2599.1
S000524,2024,7,16,East,Doohickey,12,246.6,2959.2
S000525,2024,7,17,South,Gizmo,10,11.79,117.9
S000526,2024,7,17,North,Gadget,13,178.73,2323.49
S000527,2024,7,17,West,Thingamajig,41,31.5,1291.5
S000528,2024,7,17,East,Thingamajig,12,181.26,2175.12
S000529,2024,7,17,South,Thingamajig,26,221.69,5763.94
S000530,2024,7,17,East,Doohickey,22,31.34,689.48
S000531,2024,7,17,South,Doohickey,18,55.62,1001.16
S000532,2024,7,17,East,Gizmo,47,249.42,11722.74
S000533,2024,7,18,East,Doohickey,41,68.41,2804.81
S000534,2024,7,18,South,Gizmo,11,105.12,1156.32
S000535,2024,7,18,South,Thingamajig,8,201.77,1614.16
S000536,2024,7,19,West,Doohickey,15,151.24,2268.6
S000537,2024,7,19,East,Thingamajig,11,31.84,350.24
S000538,2024,7,19,West,Gadget,32,188.35,6027.2
S000539,2024,7,19,North,Doohickey,29,192.04,5569.16
S000540,2024,7,19,East,Thingamajig,39,155.8,6076.2
S000541,2024,7,19,South,Gizmo,5,217.76,1088.8
S000542,2024,7,19,North,Gadget,10,7.44,74.4
S000543,2024,7,19,North,Thingamajig,25,88.58,2214.5
S000544,2024,7,19,East,Doohickey,38,201.13,7642.94
S000545,2024,7,19,East,Widget,22,219.13,4820.86
S000546,2024,7,19,South,Widget,43,216.31,9301.33
S000547,2024,7,19,East,Widget,11,16.87,185.57
S000548,2024,7,19,South,Doohickey,13,20.26,263.38
S000549,2024,7,19,South,Gizmo,31,111.48,3455.88
S000550,2024,7,19,West,Gadget,2,183.59,367.18
S000551,2024,7,19,South,Thingamajig,17,12.03,204.51
S000552,2024,7,19,West,Doohickey,15,167.97,2519.55
S000553,2024,7,19,North,Thingamajig,7,106.86,748.02
S000554,2024,7,19,North,Widget,7,116.03,812.21
S000555,2024,7,19,South,Gizmo,30,27.29,818.7
S000556,2024,7,21,North,Doohickey,20,143.69,2873.8
S000557,2024,7,21,South,Gizmo,47,76.06,3574.82
S000558,2024,7,21,East,Widget,4,106.94,427.76
S000559,2024,7,21,North,Widget,40,67.42,2696.8
S000560,2024,7,21,East,Doohickey,27,62.83,1696.41
S000561,2024,7,22,East,Widget,20,36.68,733.6
S000562,2024,7,22,South,Widget,48,98.78,4741.44
S000563,2024,7,22,North,Widget,3,43.25,129.75
S000564,2024,7,22,West,Thingamajig,30,9.32,279.6
S000565,2024,7,22,West,Doohickey,32,62.22,1991.04
S000566,2024,7,26,East,Gizmo,28,20.85,583.8
S000567,2024,7,26,West,Widget,13,218.3,2837.9
S000568,2024,7,26,West,Gadget,17,67.5,1147.5
S000569,2024,8,3,South,Widget,31,86.75,2689.25
S000570,2024,8,4,North,Gadget,26,167.44,4353.44
S000571,2024,8,5,East,Gizmo,31,249.07,7721.17
S000572,2024,8,5,West,Doohickey,48,27.37,1313.76
S000573,2024,8,7,East,Doohickey,7,44.98,314.86
S000574,2024,8,7,North,Gizmo,20,109.71,2194.2
S000575,2024,8,7,West,Thingamajig,39,149.26,5821.14
S000576,2024,8,7,East,Gizmo,33,102.6,3385.8
S000577,2024,8,7,West,Gadget,42,175.26,7360.92
S000578,2024,8,7,South,Gadget,2,8.42,16.84
S000579,2024,8,7,South,Gizmo,26,67.79,1762.54
S000580,2024,8,7,East,Thingamajig,29,214.04,6207.16
S000581,2024,8,12,South,Gadget,28,234.83,6575.24
S000582,2024,8,12,West,Gadget,30,158.38,4751.4
S000583,2024,8,12,North,Widget,34,245.17,8335.78
S000584,2024,8,12,East,Gadget,43,64.8,2786.4
S000585,2024,8,12,East,Gadget,36,151.93,5469.48
S000586,2024,8,13,South,Widget,24,133.84,3212.16
S000587,2024,8,13,South,Thingamajig,24,162.73,3905.52
S000588,2024,8,13,South,Thingamajig,49,33.12,1622.88
S000589,2024,8,18,East,Doohickey,22,140.65,3094.3
S000590,2024,8,18,North,Widget,5,124.0,620.0
S000591,2024,8,18,South,Gizmo,40,81.09,3243.6
S000592,2024,8,20,West,Thingamajig,27,232.04,6265.08
S000593,2024,8,23,East,Gizmo,11,202.04,2222.44
S000594,2024,8,23,North,Thingamajig,49,17.99,881.51
S000595,2024,8,23,East,Gadget,33,164.56,5430.48
S000596,2024,8,25,West,Gizmo,34,227.25,7726.5
S000597,2024,8,27,South,Thingamajig,26,38.39,998.14
S000598,2024,8,28,North,Widget,20,154.28,3085.6
S000599,2024,8,28,South,Doohickey,19,74.74,1420.06
S000600,2024,8,28,South,Doohickey,25,24.05,601.25
S000601,2024,8,28,North,Widget,40,185.56,7422.4
S000602,2024,8,28,East,Gadget,14,198.31,2776.34
S000603,2024,9,2,South,Thingamajig,4,25.04,100.16
S000604,2024,9,4,South,Gadget,48,39.62,1901.76
S000605,2024,9,4,North,Gadget,28,103.94,2910.32
S000606,2024,9,4,North,Gadget,45,49.23,2215.35
S000607,2024,9,4,West,Gizmo,12,87.45,1049.4
S000608,2024,9,4,North,Doohickey,44,198.22,8721.68
S000609,2024,9,4,East,Gizmo,29,88.48,2565.92
S000610,2024,9,4,East,Thingamajig,23,229.17,5270.91
S000611,2024,9,4,North,Gizmo,21,122.41,2570.61
S000612,2024,9,5,North,Widget,23,51.52,
S000613,2024,9,5,,Gizmo,20,184.53,3690.6
S000614,2024,9,5,South,Gadget,15,105.53,1582.95
S000615,2024,9,6,South,Gizmo,5,57.93,289.65
S000616,2024,9,9,West,Thingamajig,37,94.53,3497.61
S000617,2024,9,9,South,Gizmo,14,140.3,1964.2
S000618,2024,9,9,East,Thingamajig,50,148.7,
S000619,2024,9,10,West,Thingamajig,35,66.74,2335.9
S000620,2024,9,10,North,Doohickey,18,202.98,3653.64
S000621,2024,9,12,North,Gadget,8,93.59,748.72
S000622,2024,9,13,North,Thingamajig,25,21.1,527.5
S000623,2024,9,13,West,Doohickey,27,79.86,2156.22
S000624,2024,9,16,South,Gizmo,14,81.51,1141.14
S000625,2024,9,16,North,Widget,28,105.72,2960.16
S000626,2024,9,16,North,Widget,45,180.68,8130.6
S000627,2024,9,18,North,Gizmo,43,175.46,7544.78
S000628,2024,9,18,North,Thingamajig,10,53.34,533.4
S000629,2024,9,18,South,Gizmo,48,32.71,1570.08
S000630,2024,9,18,North,Thingamajig,13,102.1,1327.3
S000631,2024,9,18,East,Doohickey,15,46.54,698.1
S000632,2024,9,18,West,Gadget,20,155.59,3111.8
S000633,2024,9,18,West,Widget,46,248.79,11444.34
S000634,2024,9,18,West,Gizmo,34,215.53,7328.02
S000635,2024,9,19,West,Widget,40,125.08,5003.2
S000636,2024,9,19,South,Doohickey,37,24.72,914.64
S000637,2024,9,19,West,Gadget,39,249.73,9739.47
S000638,2024,9,19,North,Widget,19,77.63,1474.97
S000639,2024,9,19,South,Widget,9,222.49,2002.41
S000640,2024,9,19,East,Widget,4,203.58,814.32
S000641,2024,9,19,South,Gizmo,18,164.61,2962.98
S000642,2024,9,19,North,Thingamajig,3,122.62,367.86
S000643,2024,9,20,West,Doohickey,45,143.51,6457.95
S000644,2024,9,20,East,Gadget,43,222.43,9564.49
S000645,2024,9,20,South,Gizmo,36,159.49,5741.64
S000646,2024,9,20,East,Thingamajig,26,248.85,6470.1
S000647,2024,9,20,West,Doohickey,16,201.46,3223.36
S000648,2024,9,20,East,Gizmo,38,103.23,3922.74
S000649,2024,9,20,South,Widget,19,225.51,4284.69
S000650,2024,9,20,East,Doohickey,33,104.21,3438.93
S000651,2024,9,21,West,Gizmo,9,159.92,1439.28
S000652,2024,9,21,East,Gadget,15,88.56,1328.4
S000653,2024,9,22,East,Thingamajig,19,49.15,933.85
S000654,2024,9,22,West,Gadget,25,167.94,4198.5
S000655,2024,9,23,West,Widget,10,45.8,458.0
S000656,2024,9,23,West,Widget,45,17.23,775.35
S000657,2024,9,23,South,Gizmo,33,161.61,5333.13
S000658,2024,9,23,West,Doohickey,36,179.98,6479.28
S000659,2024,9,23,South,Doohickey,24,145.16,3483.84
S000660,2024,9,23,South,Gadget,40,199.8,7992.0
S000661,2024,9,23,East,Thingamajig,21,15.2,319.2
S000662,2024,9,23,North,Doohickey,9,114.29,1028.61
S000663,2024,9,24,,Gizmo,44,166.83,7340.52
S000664,2024,9,24,East,Gizmo,42,52.04,2185.68
S000665,2024,9,25,South,Thingamajig,39,79.64,3105.96
S000666,2024,9,25,East,Doohickey,28,160.79,4502.12
S000667,2024,9,25,South,Gadget,35,231.79,8112.65
S000668,2024,9,25,North,Widget,24,79.49,1907.76
S000669,2024,9,25,West,Thingamajig,17,21.77,370.09
S000670,2024,9,26,East,Gadget,21,219.48,4609.08
S000671,2024,9,26,South,Doohickey,14,65.75,920.5
S000672,2024,9,26,West,Widget,35,39.54,1383.9
S000673,2024,9,26,East,Widget,11,132.02,1452.22
S000674,2024,9,26,South,Gizmo,42,78.96,3316.32
S000675,2024,9,28,West,Gadget,4,152.08,608.32
S000676,2024,9,28,North,Widget,19,166.81,3169.39
S000677,2024,10,3,South,Doohickey,15,33.28,499.2
S000678,2024,10,5,West,Thingamajig,15,61.58,923.7
S000679,2024,10,5,South,Doohickey,13,161.72,2102.36
S000680,2024,10,5,West,Widget,37,20.91,773.67
S000681,2024,10,5,North,Gizmo,34,25.25,858.5
S000682,2024,10,5,West,Gadget,4,111.97,447.88
S000683,2024,10,6,West,Thingamajig,20,55.39,1107.8
S000684,2024,10,6,North,Thingamajig,13,48.41,629.33
S000685,2024,10,9,North,Gizmo,10,70.73,707.3
S000686,2024,10,9,,Gadget,10,241.3,2413.0
S000687,2024,10,10,North,Gizmo,47,94.74,4452.78
S000688,2024,10,12,North,Gizmo,47,96.72,4545.84
S000689,2024,10,12,North,Gadget,18,35.03,630.54
S000690,2024,10,12,West,Doohickey,16,39.89,638.24
S000691,2024,10,12,South,Thingamajig,1,157.95,157.95
S000692,2024,10,12,South,Widget,46,202.52,9315.92
S000693,2024,10,12,North,Thingamajig,35,162.43,5685.05
S000694,2024,10,12,West,Gizmo,27,216.91,5856.57
S000695,2024,10,12,South,Gizmo,45,48.13,2165.85
S000696,2024,10,13,East,Doohickey,8,5.13,41.04
S000697,2024,10,13,West,Doohickey,41,37.39,1532.99
S000698,2024,10,13,,Gizmo,41,164.92,6761.72
S000699,2024,10,13,South,Doohickey,44,33.02,1452.88
S000700,2024,10,13,East,Widget,28,239.15,6696.2
S000701,2024,10,13,South,Gadget,30,78.1,
S000702,2024,10,13,East,Widget,49,114.39,5605.11
S000703,2024,10,13,North,Widget,13,143.5,1865.5
S000704,2024,10,13,East,Gadget,14,56.31,788.34
S000705,2024,10,13,East,Doohickey,2,120.75,241.5
S000706,2024,10,13,South,Thingamajig,27,27.19,734.13
S000707,2024,10,13,North,Widget,33,172.94,5707.02
S000708,2024,10,13,East,Gadget,43,167.77,7214.11
S000709,2024,10,13,West,Widget,37,143.2,5298.4
S000710,2024,10,13,East,Thingamajig,20,29.87,597.4
S000711,2024,10,13,South,Gadget,48,157.03,7537.44
S000712,2024,10,13,South,Gizmo,15,200.26,3003.9
S000713,2024,10,13,East,Gizmo,21,177.83,3734.43
S000714,2024,10,13,West,Thingamajig,32,244.84,7834.88
S000715,2024,10,13,South,Gadget,40,186.25,
S000716,2024,10,16,North,Widget,26,184.75,4803.5
S000717,2024,10,16,South,Gizmo,37,155.11,
S000718,2024,10,16,North,Gizmo,37,38.17,1412.29
S000719,2024,10,18,West,Gadget,29,170.03,4930.87
S000720,2024,10,19,South,Doohickey,12,71.26,855.12
S000721,2024,10,19,North,Doohickey,14,152.91,2140.74
S000722,2024,10,19,East,Gadget,21,161.45,3390.45
S000723,2024,10,26,North,Doohickey,12,78.91,946.92
S000724,2024,10,26,North,Widget,36,236.72,8521.92
S000725,2024,10,26,East,Widget,12,152.73,1832.76
S000726,2024,10,27,South,Gadget,20,207.47,4149.4
S000727,2024,10,27,South,Gizmo,47,101.47,4769.09
S000728,2024,10,27,North,Gadget,50,89.26,4463.0
S000729,2024,10,28,East,Gadget,43,175.42,7543.06
S000730,2024,10,28,South,Gizmo,6,182.06,1092.36
S000731,2024,10,28,East,Gadget,16,38.1,609.6
S000732,2024,10,28,North,Gizmo,27,108.59,2931.93
S000733,2024,10,28,North,Widget,39,178.97,6979.83
S000734,2024,11,1,South,Thingamajig,20,187.83,3756.6
S000735,2024,11,1,West,Widget,2,73.24,146.48
S000736,2024,11,2,West,Gizmo,42,101.34,4256.28
S000737,2024,11,2,South,Gadget,15,146.69,2200.35
S000738,2024,11,3,South,Doohickey,9,169.2,1522.8
S000739,2024,11,3,North,Thingamajig,19,116.06,2205.14
S000740,2024,11,4,East,Thingamajig,32,141.59,4530.88
S000741,2024,11,4,North,Doohickey,6,207.23,1243.38
S000742,2024,11,4,West,Gadget,18,72.47,1304.46
S000743,2024,11,6,North,Gadget,23,76.48,1759.04
S000744,2024,11,7,South,Gizmo,19,67.96,1291.24
S000745,2024,11,7,North,Thingamajig,14,97.92,1370.88
S000746,2024,11,7,North,Doohickey,35,191.42,6699.7
S000747,2024,11,8,North,Gizmo,3,199.84,599.52
S000748,2024,11,8,West,Gizmo,42,80.43,3378.06
S000749,2024,11,8,East,Doohickey,32,222.44,7118.08
S000750,2024,11,9,West,Widget,7,150.52,1053.64
S000751,2024,11,10,West,Gizmo,44,173.1,7616.4
S000752,2024,11,10,South,Widget,35,23.54,823.9
S000753,2024,11,12,North,Thingamajig,29,42.47,1231.63
S000754,2024,11,12,South,Thingamajig,3,106.02,318.06
S000755,2024,11,12,West,Gadget,43,191.26,8224.18
S000756,2024,11,15,West,Thingamajig,5,127.06,635.3
S000757,2024,11,15,West,Doohickey,49,168.11,8237.39
S000758,2024,11,16,West,Gizmo,30,102.12,3063.6
S000759,2024,11,16,East,Thingamajig,45,29.71,1336.95
S000760,2024,11,16,South,Widget,50,219.08,10954.0
S000761,2024,11,18,West,Gizmo,45,44.82,2016.9
S000762,2024,11,18,West,Gadget,39,77.04,3004.56
S000763,2024,11,18,South,Widget,16,116.33,1861.28
S000764,2024,11,18,North,Thingamajig,29,240.28,6968.12
S000765,2024,11,18,West,Thingamajig,27,44.93,1213.11
S000766,2024,11,18,East,Thingamajig,11,239.8,2637.8
S000767,2024,11,18,East,Doohickey,25,192.65,4816.25
S000768,2024,11,18,West,Gadget,41,186.08,7629.28
S000769,2024,11,19,North,Widget,21,187.28,3932.88
S000770,2024,11,19,East,Doohickey,42,93.44,3924.48
S000771,2024,11,19,South,Gizmo,24,40.9,981.6
S000772,2024,11,19,West,Gizmo,39,192.88,7522.32
S000773,2024,11,19,North,Doohickey,5,117.08,585.4
S000774,2024,11,20,South,Gizmo,19,101.6,1930.4
S000775,2024,11,20,West,Thingamajig,9,42.94,386.46
S000776,2024,11,20,East,Gadget,30,94.88,2846.4
S000777,2024,11,22,North,Doohickey,19,93.04,1767.76
S000778,2024,11,22,West,Gizmo,47,155.72,7318.84
S000779,2024,11,26,North,Gizmo,38,144.67,
S000780,2024,11,27,North,Thingamajig,10,230.95,2309.5
S000781,2024,11,27,East,Gizmo,1,42.28,42.28
S000782,2024,11,27,East,Widget,41,76.3,3128.3
S000783,2024,11,27,East,Gizmo,33,30.03,990.99
S000784,2024,11,27,West,Widget,29,247.22,7169.38
S000785,2024,11,27,North,Thingamajig,23,203.96,4691.08
S000786,2024,11,27,East,Gizmo,36,199.89,7196.04
S000787,2024,11,27,North,Gizmo,43,85.1,3659.3
S000788,2024,11,28,South,Thingamajig,23,36.76,845.48
S000789,2024,11,28,North,Doohickey,19,123.3,2342.7
S000790,2024,11,28,South,Doohickey,6,221.64,1329.84
S000791,2024,11,28,East,Doohickey,22,100.72,2215.84
S000792,2024,11,28,,Thingamajig,3,159.29,477.87
S000793,2024,11,28,South,Doohickey,41,142.53,5843.73
S000794,2024,11,28,North,Gadget,13,52.4,681.2
S000795,2024,11,28,West,Gadget,16,28.04,448.64
S000796,2024,12,1,North,Doohickey,43,111.47,4793.21
S000797,2024,12,2,North,Doohickey,21,75.64,1588.44
S000798,2024,12,4,North,Thingamajig,30,222.51,6675.3
S000799,2024,12,4,North,Gadget,3,237.36,712.08
S000800,2024,12,4,West,Thingamajig,9,142.36,1281.24
S000801,2024,12,4,East,Doohickey,48,221.86,10649.28
S000802,2024,12,4,North,Widget,41,231.6,9495.6
S000803,2024,12,4,East,Gizmo,46,73.7,3390.2
S000804,2024,12,4,East,Gadget,37,60.77,2248.49
S000805,2024,12,4,East,Thingamajig,8,68.81,550.48
S000806,2024,12,4,East,Thingamajig,1,184.55,184.55
S000807,2024,12,4,East,Widget,28,239.37,6702.36
S000808,2024,12,4,South,Gizmo,23,161.96,3725.08
S000809,2024,12,4,North,Thingamajig,12,177.54,2130.48
S000810,2024,12,4,West,Thingamajig,14,214.72,3006.08
S000811,2024,12,4,South,Thingamajig,36,224.91,8096.76
S000812,2024,12,4,East,Widget,17,205.83,3499.11
S000813,2024,12,4,East,Gizmo,43,38.29,1646.47
S000814,2024,12,4,East,Thingamajig,32,187.55,6001.6
S000815,2024,12,4,East,Gadget,27,88.07,2377.89
S000816,2024,12,4,West,Thingamajig,18,169.75,3055.5
S000817,2024,12,4,East,Doohickey,10,18.01,180.1
S000818,2024,12,5,South,Thingamajig,1,34.69,34.69
S000819,2024,12,8,North,Gadget,25,33.94,848.5
S000820,2024,12,8,North,Gizmo,27,100.29,2707.83
S000821,2024,12,8,East,Thingamajig,46,6.15,282.9
S000822,2024,12,9,East,Widget,38,204.9,7786.2
S000823,2024,12,9,North,Doohickey,42,89.02,3738.84
S000824,2024,12,9,East,Thingamajig,17,116.46,1979.82
S000825,2024,12,14,South,Widget,48,243.34,11680.32
S000826,2024,12,15,West,Thingamajig,39,119.42,4657.38
S000827,2024,12,15,South,Doohickey,5,232.97,1164.85
S000828,2024,12,16,West,Thingamajig,46,206.84,9514.64
S000829,2024,12,16,East,Widget,6,113.14,678.84
S000830,2024,12,16,North,Gadget,5,187.11,935.55
S000831,2024,12,16,West,Thingamajig,40,228.15,9126.0
S000832,2024,12,16,East,Thingamajig,29,59.49,1725.21
S000833,2024,12,16,East,Gadget,33,174.86,5770.38
S000834,2024,12,16,South,Gizmo,21,167.81,3524.01
S000835,2024,12,16,North,Widget,18,116.56,2098.08
S000836,2024,12,17,North,Gadget,10,239.41,2394.1
S000837,2024,12,20,West,Gizmo,37,11.14,412.18
S000838,2024,12,21,East,Widget,7,115.21,806.47
S000839,2024,12,21,East,Doohickey,45,137.81,6201.45
S000840,2024,12,21,North,Widget,40,231.76,9270.4
S000841,2024,12,22,South,Widget,19,247.87,4709.53
S000842,2024,12,22,South,Doohickey,43,17.43,
S000843,2024,12,23,East,Gadget,44,33.49,1473.56
S000844,2024,12,24,East,Widget,36,248.8,8956.8
S000845,2024,12,24,South,Gizmo,10,129.34,1293.4
S000846,2024,12,24,South,Gadget,45,6.67,300.15
S000847,2024,12,24,South,Doohickey,43,92.81,
S000848,2024,12,24,North,Thingamajig,9,114.07,1026.63
S000849,2024,12,24,East,Doohickey,37,176.08,6514.96
S000850,2024,12,24,,Gizmo,44,55.92,2460.48
S000851,2024,12,24,West,Widget,43,220.86,9496.98
S000852,2024,12,24,North,Doohickey,20,6.14,122.8
S000853,2024,12,24,East,Gizmo,32,203.8,6521.6
S000854,2024,12,24,West,Gadget,37,189.46,7010.02
S000855,2024,12,24,East,Doohickey,12,6.19,74.28
S000856,2024,12,24,East,Gizmo,36,81.56,2936.16
S000857,2024,12,24,West,Gizmo,42,153.46,6445.32
S000858,2024,12,24,North,Widget,33,216.88,7157.04
S000859,2024,12,24,West,Gizmo,29,20.87,605.23
S000860,2024,12,24,North,Gadget,35,63.59,2225.65
S000861,2024,12,24,North,Gadget,42,56.29,2364.18
S000862,2024,12,24,East,Gadget,34,165.17,5615.78
S000863,2024,12,24,East,Gizmo,26,67.51,1755.26
S000864,2024,12,25,East,Thingamajig,9,127.68,1149.12
S000865,2024,12,27,South,Doohickey,15,216.67,3250.05
S000866,2024,12,27,North,Widget,46,19.77,909.42
S000867,2024,12,27,North,Widget,19,192.79,3663.01
S000868,2024,12,27,East,Doohickey,15,124.19,1862.85
S000869,2024,12,27,West,Gadget,17,173.57,2950.69
S000870,2024,12,27,South,Gizmo,38,125.82,4781.16
S000871,2024,12,27,North,Widget,10,36.48,364.8
S000872,2024,12,27,East,Thingamajig,27,99.8,2694.6
S000873,2024,12,28,West,Widget,1,222.69,222.69
S000874,2024,12,28,West,Widget,49,167.32,8198.68
S000875,2024,12,28,East,Doohickey,15,158.46,2376.9
S000876,2025,1,1,East,Gadget,50,231.78,11589.0
S000877,2025,1,4,East,Gizmo,32,43.03,1376.96
S000878,2025,1,4,North,Widget,50,91.11,4555.5
S000879,2025,1,4,East,Gadget,27,229.25,6189.75
S000880,2025,1,6,North,Gadget,46,121.97,5610.62
S000881,2025,1,7,South,Thingamajig,10,155.37,1553.7
S000882,2025,1,11,West,Thingamajig,33,218.04,7195.32
S000883,2025,1,13,West,Doohickey,4,28.54,114.16
S000884,2025,1,13,West,Gadget,34,149.21,5073.14
S000885,2025,1,13,East,Widget,13,35.63,463.19
S000886,2025,1,17,South,Widget,27,35.96,970.92
S000887,2025,1,17,North,Gadget,47,210.8,9907.6
S000888,2025,1,19,West,Widget,12,155.55,1866.6
S000889,2025,1,20,West,Widget,35,115.34,4036.9
S000890,2025,1,20,North,Doohickey,15,233.68,3505.2
S000891,2025,1,20,East,Gadget,1,170.37,170.37
S000892,2025,1,20,South,Doohickey,40,146.68,5867.2
S000893,2025,1,20,West,Thingamajig,50,31.07,1553.5
S000894,2025,1,20,North,Thingamajig,10,69.05,690.5
S000895,2025,1,20,East,Thingamajig,18,31.67,570.06
S000896,2025,1,20,North,Doohickey,23,153.68,3534.64
S000897,2025,1,21,North,Thingamajig,48,221.75,10644.0
S000898,2025,1,21,North,Gizmo,6,149.57,897.42
S000899,2025,1,21,East,Thingamajig,41,228.27,9359.07
S000900,2025,1,21,East,Doohickey,10,248.39,2483.9
S000901,2025,1,21,South,Gadget,50,181.12,9056.0
S000902,2025,1,21,East,Gadget,44,240.84,10596.96
S000903,2025,1,21,South,Thingamajig,28,9.95,278.6
S000904,2025,1,21,North,Gadget,32,244.67,7829.44
S000905,2025,1,25,West,Widget,34,71.02,2414.68
S000906,2025,1,25,East,Doohickey,41,171.32,7024.12
S000907,2025,1,25,South,Gadget,30,128.03,3840.9
S000908,2025,1,25,East,Gizmo,45,203.15,9141.75
S000909,2025,1,25,North,Gizmo,12,158.55,1902.6
S000910,2025,1,26,East,Gizmo,17,141.64,2407.88
S000911,2025,1,26,East,Doohickey,11,166.8,
S000912,2025,1,26,North,Gadget,32,14.73,471.36
S000913,2025,1,26,South,Gadget,25,140.78,3519.5
S000914,2025,1,26,West,Doohickey,32,204.0,6528.0
S000915,2025,1,26,East,Gadget,11,221.43,2435.73
S000916,2025,1,26,South,Thingamajig,40,119.55,4782.0
S000917,2025,1,26,East,Widget,3,10.57,31.71
S000918,2025,1,26,North,Thingamajig,49,58.01,2842.49
S000919,2025,1,26,West,Thingamajig,31,134.38,4165.78
S000920,2025,1,26,South,Widget,28,193.45,5416.6
S000921,2025,1,26,West,Gadget,34,117.3,3988.2
S000922,2025,1,26,West,Gadget,49,133.16,6524.84
S000923,2025,1,26,East,Thingamajig,39,210.28,8200.92
S000924,2025,1,26,North,Thingamajig,48,195.37,9377.76
S000925,2025,1,26,East,Gadget,47,29.21,1372.87
S000926,2025,1,26,South,Thingamajig,33,72.17,2381.61
S000927,2025,1,26,North,Gizmo,10,7.04,70.4
S000928,2025,1,26,North,Widget,42,228.89,9613.38
S000929,2025,1,26,North,Widget,6,103.82,622.92
S000930,2025,2,1,North,Gadget,43,19.02,817.86
S000931,2025,2,1,North,Thingamajig,50,204.02,10201.0
S000932,2025,2,1,East,Gizmo,40,17.95,718.0
S000933,2025,2,3,North,Gadget,6,7.51,45.06
S000934,2025,2,3,West,Doohickey,34,100.63,3421.42
S000935,2025,2,3,East,Doohickey,38,162.9,6190.2
S000936,2025,2,5,,Doohickey,15,36.89,553.35
S000937,2025,2,5,North,Gadget,42,194.94,8187.48
S000938,2025,2,5,North,Gadget,6,13.33,79.98
S000939,2025,2,6,West,Thingamajig,8,160.95,1287.6
S000940,2025,2,6,West,Widget,16,54.42,870.72
S000941,2025,2,6,North,Widget,33,62.94,2077.02
S000942,2025,2,6,North,Thingamajig,22,177.59,3906.98
S000943,2025,2,6,West,Widget,7,131.31,919.17
S000944,2025,2,8,North,Thingamajig,21,8.43,177.03
S000945,2025,2,8,South,Widget,47,76.75,3607.25
S000946,2025,2,8,North,Thingamajig,43,53.22,2288.46
S000947,2025,2,8,North,Doohickey,5,211.23,1056.15
S000948,2025,2,8,East,Doohickey,16,101.09,1617.44
S000949,2025,2,8,East,Thingamajig,42,173.74,7297.08
S000950,2025,2,8,West,Doohickey,48,222.48,10679.04
S000951,2025,2,8,West,Widget,24,67.2,1612.8
S000952,2025,2,8,South,Widget,43,201.76,8675.68
S000953,2025,2,8,East,Widget,25,143.13,3578.25
S000954,2025,2,8,North,Thingamajig,19,193.04,3667.76
S000955,2025,2,8,North,Doohickey,50,202.74,10137.0
S000956,2025,2,8,North,Doohickey,14,141.44,1980.16
S000957,2025,2,8,South,Widget,34,104.08,3538.72
S000958,2025,2,8,East,Doohickey,46,12.53,576.38
S000959,2025,2,8,East,Widget,9,220.05,1980.45
S000960,2025,2,8,North,Gizmo,13,238.07,3094.91
S000961,2025,2,8,East,Doohickey,5,229.39,1146.95
S000962,2025,2,8,South,Gadget,31,145.23,4502.13
S000963,2025,2,8,East,Gizmo,26,149.21,3879.46
S000964,2025,2,9,East,Doohickey,45,36.45,1640.25
S000965,2025,2,10,North,Thingamajig,28,146.98,4115.44
S000966,2025,2,10,North,Doohickey,50,115.15,5757.5
S000967,2025,2,10,West,Gizmo,7,139.34,975.38
S000968,2025,2,10,East,Gadget,34,160.24,5448.16
S000969,2025,2,10,East,Thingamajig,13,108.6,1411.8
S000970,2025,2,10,West,Doohickey,26,246.52,6409.52
S000971,2025,2,10,North,Widget,32,186.4,5964.8
S000972,2025,2,10,North,Gadget,5,89.09,445.45
S000973,2025,2,11,West,Gadget,50,82.93,4146.5
S000974,2025,2,11,East,Thingamajig,3,180.48,541.44
S000975,2025,2,17,East,Gadget,47,139.17,6540.99
S000976,2025,2,18,East,Gizmo,20,129.52,2590.4
S000977,2025,2,18,South,Widget,27,102.45,
S000978,2025,2,18,West,Gizmo,49,161.29,7903.21
S000979,2025,2,18,West,Doohickey,38,36.46,1385.48
S000980,2025,2,18,North,Thingamajig,29,43.69,1267.01
S000981,2025,2,18,South,Widget,32,195.14,6244.48
S000982,2025,2,18,South,Gadget,39,138.77,5412.03
S000983,2025,2,18,East,Doohickey,36,223.06,8030.16
S000984,2025,2,18,North,Gizmo,35,153.34,5366.9
S000985,2025,2,18,West,Widget,18,129.71,2334.78
S000986,2025,2,18,North,Thingamajig,16,64.17,1026.72
S000987,2025,2,18,South,Gizmo,22,249.61,5491.42
S000988,2025,2,18,North,Doohickey,3,218.2,654.6
S000989,2025,2,18,North,Doohickey,49,51.99,2547.51
S000990,2025,2,18,North,Gizmo,41,148.92,
S000991,2025,2,18,North,Doohickey,18,120.05,2160.9
S000992,2025,2,18,North,Thingamajig,8,22.04,176.32
S000993,2025,2,18,East,Doohickey,10,166.32,1663.2
S000994,2025,2,18,North,Doohickey,8,159.95,1279.6
S000995,2025,2,18,North,Gizmo,22,121.64,2676.08
S000996,2025,2,20,East,Gadget,47,134.1,6302.7
S000997,2025,2,20,East,Doohickey,28,234.33,6561.24
S000998,2025,2,23,South,Gadget,4,65.55,262.2
S000999,2025,2,23,South,Doohickey,35,183.12,6409.2
S001000,2025,2,23,West,Doohickey,43,53.83,2314.69
S001001,2025,2,24,West,Gadget,13,26.22,340.86
S001002,2025,2,25,North,Thingamajig,44,185.03,8141.32
S001003,2025,2,25,West,Doohickey,20,127.09,2541.8
S001004,2025,2,28,East,Gadget,8,85.49,683.92
S001005,2025,3,1,West,Gadget,23,124.23,2857.29
S001006,2025,3,1,West,Gadget,2,65.63,131.26
S001007,2025,3,1,West,Thingamajig,45,92.65,4169.25
S001008,2025,3,2,South,Doohickey,27,138.85,3748.95
S001009,2025,3,2,,Gadget,12,189.91,2278.92
S001010,2025,3,2,South,Gadget,18,134.48,2420.64
S001011,2025,3,2,East,Gizmo,34,16.33,555.22
S001012,2025,3,2,West,Doohickey,40,47.37,1894.8
S001013,2025,3,2,East,Gadget,34,51.08,1736.72
S001014,2025,3,2,West,Gadget,26,66.78,1736.28
S001015,2025,3,2,West,Gadget,35,145.18,5081.3
S001016,2025,3,4,North,Thingamajig,46,228.43,10507.78
S001017,2025,3,4,West,Gizmo,45,59.36,2671.2
S001018,2025,3,4,East,Gizmo,14,110.09,1541.26
S001019,2025,3,5,West,Widget,1,177.06,177.06
S001020,2025,3,6,West,Gizmo,21,45.9,963.9
S001021,2025,3,6,North,Doohickey,36,248.0,8928.0
S001022,2025,3,6,South,Gadget,25,27.07,676.75
S001023,2025,3,6,East,Gadget,22,60.7,1335.4
S001024,2025,3,6,North,Gadget,10,24.29,242.9
S001025,2025,3,6,South,Gizmo,30,212.86,6385.8
S001026,2025,3,6,South,Gizmo,41,84.3,3456.3
S001027,2025,3,6,West,Thingamajig,39,136.9,5339.1
S001028,2025,3,7,North,Gadget,41,153.93,6311.13
S001029,2025,3,7,West,Thingamajig,32,143.38,4588.16
S001030,2025,3,7,East,Gadget,48,88.97,4270.56
S001031,2025,3,7,,Doohickey,29,156.59,4541.11
S001032,2025,3,7,West,Gizmo,48,50.23,2411.04
S001033,2025,3,7,North,Gizmo,48,129.6,6220.8
S001034,2025,3,7,South,Doohickey,6,212.64,1275.84
S001035,2025,3,7,North,Thingamajig,13,135.93,1767.09
S001036,2025,3,8,West,Gadget,40,78.69,3147.6
S001037,2025,3,8,West,Thingamajig,2,164.0,328.0
S001038,2025,3,8,South,Gadget,45,169.6,7632.0
S001039,2025,3,8,East,Thingamajig,13,221.96,2885.48
S001040,2025,3,8,,Doohickey,50,85.92,4296.0
S001041,2025,3,9,South,Thingamajig,38,101.87,3871.06
S001042,2025,3,13,West,Widget,9,57.43,516.87
S001043,2025,3,13,,Thingamajig,3,19.44,58.32
S001044,2025,3,13,North,Thingamajig,50,19.18,959.0
S001045,2025,3,14,South,Gizmo,50,189.13,9456.5
S001046,2025,3,16,West,Gizmo,48,149.15,7159.2
S001047,2025,3,17,North,Doohickey,20,106.83,2136.6
S001048,2025,3,17,South,Widget,2,148.89,297.78
S001049,2025,3,17,East,Thingamajig,16,231.63,
S001050,2025,3,17,East,Widget,26,182.55,4746.3
S001051,2025,3,17,South,Thingamajig,38,245.99,9347.62
S001052,2025,3,17,South,Gizmo,2,178.49,356.98
S001053,2025,3,17,West,Gadget,23,34.07,783.61
S001054,2025,3,17,West,Gadget,6,181.16,1086.96
S001055,2025,3,17,West,Gizmo,38,11.87,451.06
S001056,2025,3,17,East,Thingamajig,29,117.72,3413.88
S001057,2025,3,17,West,Gadget,29,220.95,6407.55
S001058,2025,3,17,North,Gizmo,6,200.92,1205.52
S001059,2025,3,17,South,Gadget,34,102.35,3479.9
S001060,2025,3,17,North,Widget,49,141.38,6927.62
S001061,2025,3,17,North,Gizmo,25,188.39,4709.75
S001062,2025,3,17,East,Gizmo,2,204.61,409.22
S001063,2025,3,17,East,Widget,25,201.84,5046.0
S001064,2025,3,17,North,Gizmo,45,246.11,11074.95
S001065,2025,3,17,East,Thingamajig,29,40.98,1188.42
S001066,2025,3,17,West,Gizmo,23,32.2,740.6
S001067,2025,3,18,North,Widget,11,55.17,606.87
S001068,2025,3,19,East,Thingamajig,7,18.13,126.91
S001069,2025,3,19,South,Gadget,36,66.45,2392.2
S001070,2025,3,19,South,Thingamajig,21,108.44,2277.24
S001071,2025,3,19,South,Gadget,48,144.2,6921.6
S001072,2025,3,19,West,Doohickey,2,88.31,176.62
S001073,2025,3,20,East,Widget,7,5.4,37.8
S001074,2025,3,20,North,Gadget,39,48.73,1900.47
S001075,2025,3,20,North,Thingamajig,49,187.01,9163.49
S001076,2025,3,20,,Doohickey,46,218.21,10037.66
S001077,2025,3,20,North,Thingamajig,29,47.71,1383.59
S001078,2025,3,22,North,Doohickey,33,184.49,6088.17
S001079,2025,3,22,North,Widget,32,221.59,7090.88
S001080,2025,3,22,West,Doohickey,15,20.94,314.1
S001081,2025,3,22,North,Gizmo,29,235.85,6839.65
S001082,2025,3,22,West,Gadget,38,220.45,8377.1
S001083,2025,3,22,East,Widget,44,149.85,6593.4
S001084,2025,3,22,South,Thingamajig,37,120.18,4446.66
S001085,2025,3,22,East,Thingamajig,10,178.44,1784.4
S001086,2025,3,23,South,Gizmo,29,124.16,3600.64
S001087,2025,3,23,East,Thingamajig,5,248.08,
S001088,2025,3,23,West,Gadget,16,73.03,1168.48
S001089,2025,3,23,East,Widget,33,132.05,4357.65
S001090,2025,3,23,East,Thingamajig,29,233.04,6758.16
S001091,2025,3,23,East,Widget,13,104.04,1352.52
S001092,2025,3,23,South,Widget,17,202.85,3448.45
S001093,2025,3,23,North,Thingamajig,36,21.87,787.32
S001094,2025,3,23,North,Widget,2,189.34,378.68
S001095,2025,3,23,East,Gadget,26,150.53,3913.78
S001096,2025,3,23,South,Doohickey,15,243.82,3657.3
S001097,2025,3,23,,Doohickey,42,34.1,1432.2
S001098,2025,3,23,South,Gizmo,10,81.3,813.0
S001099,2025,3,23,North,Widget,17,55.94,950.98
S001100,2025,3,23,South,Doohickey,22,10.71,235.62
S001101,2025,3,23,South,Thingamajig,8,49.75,398.0
S001102,2025,3,23,West,Doohickey,19,98.37,1869.03
S001103,2025,3,23,East,Gadget,25,172.85,4321.25
S001104,2025,3,23,South,Gizmo,48,200.43,9620.64
S001105,2025,3,23,South,Widget,8,177.67,1421.36
S001106,2025,3,25,South,Widget,18,173.16,3116.88
S001107,2025,3,25,South,Widget,9,19.91,179.19
S001108,2025,3,25,East,Thingamajig,3,151.6,454.8
S001109,2025,3,25,North,Doohickey,50,240.72,12036.0
S001110,2025,3,25,North,Doohickey,30,159.49,4784.7
S001111,2025,3,25,West,Doohickey,18,243.79,4388.22
S001112,2025,3,25,West,Doohickey,14,85.86,1202.04
S001113,2025,3,25,South,Doohickey,38,170.98,6497.24
S001114,2025,3,26,East,Gadget,6,167.45,1004.7
S001115,2025,3,26,North,Gizmo,11,221.81,2439.91
S001116,2025,3,26,North,Doohickey,17,45.12,
S001117,2025,4,1,West,Widget,49,98.52,4827.48
S001118,2025,4,1,East,Widget,37,6.61,244.57
S001119,2025,4,1,North,Gadget,35,230.77,8076.95
S001120,2025,4,1,East,Gadget,17,97.46,1656.82
S001121,2025,4,1,South,Doohickey,22,146.52,3223.44
S001122,2025,4,1,East,Gizmo,15,117.59,1763.85
S001123,2025,4,1,North,Gizmo,38,60.6,2302.8
S001124,2025,4,1,North,Doohickey,48,35.67,1712.16
S001125,2025,4,2,East,Doohickey,9,40.85,367.65
S001126,2025,4,2,North,Thingamajig,48,217.81,10454.88
S001127,2025,4,2,North,Gizmo,15,15.41,231.15
S001128,2025,4,2,West,Gizmo,11,19.51,214.61
S001129,2025,4,2,North,Widget,14,55.65,
S001130,2025,4,2,South,Doohickey,41,231.77,9502.57
S001131,2025,4,2,East,Widget,40,47.24,1889.6
S001132,2025,4,2,North,Thingamajig,43,242.44,10424.92
S001133,2025,4,2,West,Doohickey,48,91.25,4380.0
S001134,2025,4,2,West,Doohickey,43,168.57,7248.51
S001135,2025,4,2,South,Widget,46,179.22,8244.12
S001136,2025,4,2,South,Gizmo,42,91.57,3845.94
S001137,2025,4,2,West,Gadget,30,150.75,4522.5
S001138,2025,4,2,West,Thingamajig,1,111.92,111.92
S001139,2025,4,2,West,Widget,17,168.21,2859.57
S001140,2025,4,2,South,Gizmo,34,104.36,3548.24
S001141,2025,4,2,South,Gizmo,22,33.82,744.04
S001142,2025,4,2,East,Gizmo,16,6.67,106.72
S001143,2025,4,2,North,Widget,13,77.36,1005.68
S001144,2025,4,2,East,Gizmo,48,135.65,6511.2
S001145,2025,4,3,South,Doohickey,5,178.57,892.85
S001146,2025,4,3,East,Doohickey,4,158.23,632.92
S001147,2025,4,3,South,Gadget,4,90.93,363.72
S001148,2025,4,3,North,Gizmo,22,21.49,472.78
S001149,2025,4,3,South,Gizmo,40,230.24,9209.6
S001150,2025,4,3,North,Widget,47,189.87,8923.89
S001151,2025,4,3,North,Doohickey,27,142.72,3853.44
S001152,2025,4,3,West,Gadget,16,77.76,1244.16
S001153,2025,4,5,North,Thingamajig,10,210.17,2101.7
S001154,2025,4,5,North,Doohickey,27,96.17,2596.59
S001155,2025,4,5,East,Thingamajig,23,72.38,1664.74
S001156,2025,4,8,West,Thingamajig,27,21.81,588.87
S001157,2025,4,8,East,Gizmo,15,173.44,2601.6
S001158,2025,4,8,North,Gizmo,16,121.63,1946.08
S001159,2025,4,8,South,Widget,46,76.03,3497.38
S001160,2025,4,8,South,Gadget,12,26.29,315.48
S001161,2025,4,8,East,Widget,35,236.66,8283.1
S001162,2025,4,8,West,Gadget,6,48.85,
S001163,2025,4,8,North,Widget,3,134.47,403.41
S001164,2025,4,9,West,Doohickey,44,144.18,6343.92
S001165,2025,4,9,North,Thingamajig,29,76.54,2219.66
S001166,2025,4,9,East,Gadget,47,50.28,2363.16
S001167,2025,4,10,East,Gadget,7,31.13,217.91
S001168,2025,4,11,East,Widget,45,145.09,6529.05
S001169,2025,4,11,North,Gadget,29,158.89,4607.81
S001170,2025,4,11,South,Doohickey,12,38.74,464.88
S001171,2025,4,12,North,Thingamajig,3,178.71,536.13
S001172,2025,4,12,West,Widget,42,224.98,9449.16
S001173,2025,4,12,East,Thingamajig,49,223.26,10939.74
S001174,2025,4,13,South,Thingamajig,48,201.58,9675.84
S001175,2025,4,13,North,Widget,8,176.72,1413.76
S001176,2025,4,13,West,Gizmo,2,210.5,421.0
S001177,2025,4,16,West,Gizmo,18,85.93,1546.74
S001178,2025,4,16,West,Doohickey,23,146.48,3369.04
S001179,2025,4,16,West,Gadget,33,195.2,6441.6
S001180,2025,4,16,North,Doohickey,39,91.93,3585.27
S001181,2025,4,16,South,Thingamajig,8,170.73,1365.84
S001182,2025,4,16,North,Gizmo,25,48.06,1201.5
S001183,2025,4,16,West,Widget,14,150.92,2112.88
S001184,2025,4,16,South,Thingamajig,34,238.65,8114.1
S001185,2025,4,19,East,Doohickey,38,19.72,749.36
S001186,2025,4,19,East,Doohickey,45,179.19,8063.55
S001187,2025,4,19,West,Widget,42,24.1,1012.2
S001188,2025,4,19,West,Gizmo,6,96.66,579.96
S001189,2025,4,19,East,Gadget,27,64.33,1736.91
S001190,2025,4,19,West,Gadget,28,211.88,5932.64
S001191,2025,4,19,North,Widget,15,99.54,1493.1
S001192,2025,4,19,North,Thingamajig,12,86.26,1035.12
S001193,2025,4,19,West,Thingamajig,3,104.39,313.17
S001194,2025,4,19,West,Widget,47,162.73,7648.31
S001195,2025,4,19,South,Thingamajig,24,39.55,949.2
S001196,2025,4,19,West,Gadget,19,197.92,3760.48
S001197,2025,4,19,West,Widget,50,224.52,11226.0
S001198,2025,4,19,South,Gizmo,6,220.33,1321.98
S001199,2025,4,19,East,Widget,8,123.52,988.16
S001200,2025,4,19,North,Thingamajig,46,213.28,9810.88
S001201,2025,4,19,North,Widget,42,60.75,2551.5
S001202,2025,4,19,South,Thingamajig,26,54.04,1405.04
S001203,2025,4,19,West,Doohickey,15,53.66,
S001204,2025,4,19,South,Doohickey,34,148.47,5047.98
S001205,2025,4,21,East,Doohickey,37,192.71,7130.27
S001206,2025,4,21,East,Gadget,18,57.05,1026.9
S001207,2025,4,21,East,Gizmo,44,171.94,7565.36
S001208,2025,4,21,West,Gadget,48,128.0,6144.0
S001209,2025,4,21,West,Thingamajig,39,105.43,4111.77
S001210,2025,4,21,South,Thingamajig,7,100.77,705.39
S001211,2025,4,21,South,Thingamajig,43,247.5,10642.5
S001212,2025,4,21,South,Widget,47,79.02,3713.94
S001213,2025,4,21,West,Doohickey,26,51.6,1341.6
S001214,2025,4,21,East,Doohickey,37,53.47,1978.39
S001215,2025,4,21,West,Widget,46,187.74,8636.04
S001216,2025,4,21,West,Thingamajig,1,85.36,85.36
S001217,2025,4,21,South,Thingamajig,35,200.27,7009.45
S001218,2025,4,21,North,Thingamajig,26,111.5,2899.0
S001219,2025,4,21,West,Widget,22,47.59,1046.98
S001220,2025,4,21,South,Widget,46,93.6,4305.6
S001221,2025,4,21,West,Gizmo,44,208.93,9192.92
S001222,2025,4,21,South,Gizmo,26,118.28,3075.28
S001223,2025,4,21,South,Gadget,46,211.86,9745.56
S001224,2025,4,21,South,Thingamajig,42,195.14,8195.88
S001225,2025,4,22,West,Gadget,26,102.31,2660.06
S001226,2025,4,23,South,Thingamajig,16,53.42,854.72
S001227,2025,4,23,West,Doohickey,41,67.94,2785.54
S001228,2025,4,23,East,Widget,41,38.89,1594.49
S001229,2025,4,23,West,Thingamajig,14,190.76,2670.64
S001230,2025,4,23,South,Doohickey,34,50.1,1703.4
S001231,2025,4,23,East,Doohickey,49,106.28,5207.72
S001232,2025,4,23,East,Thingamajig,17,165.97,2821.49
S001233,2025,4,23,West,Gizmo,9,25.32,227.88
S001234,2025,4,23,East,Thingamajig,42,140.62,5906.04
S001235,2025,4,23,North,Doohickey,49,206.36,10111.64
S001236,2025,4,23,North,Thingamajig,37,132.05,4885.85
S001237,2025,4,23,South,Widget,44,221.61,9750.84
S001238,2025,4,23,North,Thingamajig,44,125.46,5520.24
S001239,2025,4,23,West,Doohickey,38,106.69,4054.22
S001240,2025,4,23,South,Gizmo,33,201.54,6650.82
S001241,2025,4,23,South,Gadget,45,154.09,6934.05
S001242,2025,4,23,East,Gadget,25,9.95,248.75
S001243,2025,4,23,East,Gizmo,32,106.76,3416.32
S001244,2025,4,23,West,Thingamajig,33,68.57,
S001245,2025,4,23,South,Gizmo,39,249.58,9733.62
S001246,2025,4,24,North,Gadget,18,74.27,1336.86
S001247,2025,4,24,East,Gadget,15,170.88,2563.2
S001248,2025,4,26,South,Doohickey,11,192.05,2112.55
S001249,2025,4,26,West,Gizmo,50,57.63,2881.5
S001250,2025,4,26,East,Widget,2,218.98,437.96
S001251,2025,4,27,South,Gizmo,49,152.25,7460.25
S001252,2025,4,27,South,Gadget,10,122.59,1225.9
S001253,2025,5,1,West,Thingamajig,20,112.04,2240.8
S001254,2025,5,1,North,Doohickey,8,216.3,1730.4
S001255,2025,5,1,South,Widget,29,129.54,3756.66
S001256,2025,5,1,West,Thingamajig,11,124.98,1374.78
S001257,2025,5,1,East,Gadget,6,73.47,440.82
S001258,2025,5,1,South,Doohickey,10,156.34,1563.4
S001259,2025,5,1,East,Gadget,33,227.12,7494.96
S001260,2025,5,1,South,Gadget,12,109.02,1308.24
S001261,2025,5,3,West,Gizmo,4,109.33,437.32
S001262,2025,5,3,East,Gizmo,42,187.79,7887.18
S001263,2025,5,3,North,Doohickey,9,22.16,199.44
S001264,2025,5,6,East,Doohickey,21,39.41,827.61
S001265,2025,5,8,West,Gadget,33,245.45,
S001266,2025,5,8,South,Gadget,24,29.84,716.16
S001267,2025,5,9,East,Gizmo,13,21.18,275.34
S001268,2025,5,10,North,Doohickey,21,72.91,1531.11
S001269,2025,5,10,North,Gadget,5,100.07,500.35
S001270,2025,5,10,East,Doohickey,7,103.26,722.82
S001271,2025,5,11,North,Doohickey,12,117.88,1414.56
S001272,2025,5,13,East,Widget,26,142.93,
S001273,2025,5,13,North,Doohickey,41,14.65,600.65
S001274,2025,5,13,South,Doohickey,45,83.18,3743.1
S001275,2025,5,13,West,Widget,41,140.22,5749.02
S001276,2025,5,13,North,Doohickey,3,74.26,222.78
S001277,2025,5,17,,Gadget,32,111.3,3561.6
S001278,2025,5,17,South,Thingamajig,42,228.48,9596.16
S001279,2025,5,17,East,Gizmo,6,82.34,494.04
S001280,2025,5,24,West,Thingamajig,27,10.96,295.92
S001281,2025,5,24,North,Thingamajig,31,167.53,5193.43
S001282,2025,5,26,North,Gadget,5,176.57,882.85
S001283,2025,5,26,West,Gizmo,21,63.15,1326.15
S001284,2025,5,28,East,Widget,44,139.32,6130.08
S001285,2025,5,28,East,Gadget,44,27.21,1197.24
S001286,2025,5,28,North,Widget,46,6.49,298.54
S001287,2025,5,28,South,Gadget,37,33.86,1252.82
S001288,2025,5,28,East,Widget,13,203.83,2649.79
S001289,2025,5,28,North,Thingamajig,2,136.7,273.4
S001290,2025,5,28,South,Gizmo,19,225.43,4283.17
S001291,2025,5,28,East,Gizmo,36,123.6,4449.6
S001292,2025,6,5,South,Gizmo,26,174.85,4546.1
S001293,2025,6,5,North,Thingamajig,4,104.44,417.76
S001294,2025,6,5,West,Gizmo,27,116.29,3139.83
S001295,2025,6,5,South,Doohickey,24,104.84,2516.16
S001296,2025,6,5,North,Gizmo,34,209.92,7137.28
S001297,2025,6,6,South,Gadget,30,218.27,6548.1
S001298,2025,6,8,East,Doohickey,42,145.79,6123.18
S001299,2025,6,8,East,Thingamajig,44,71.64,3152.16
S001300,2025,6,8,South,Widget,44,168.71,7423.24
S001301,2025,6,8,West,Widget,49,185.09,9069.41
S001302,2025,6,8,North,Doohickey,17,224.29,3812.93
S001303,2025,6,8,North,Gadget,32,240.15,7684.8
S001304,2025,6,8,North,Doohickey,3,237.54,712.62
S001305,2025,6,8,South,Doohickey,25,5.27,131.75
S001306,2025,6,10,East,Doohickey,13,156.41,2033.33
S001307,2025,6,11,North,Thingamajig,27,58.5,1579.5
S001308,2025,6,11,West,Gadget,15,170.87,2563.05
S001309,2025,6,14,South,Gadget,39,100.68,3926.52
S001310,2025,6,14,West,Doohickey,31,229.46,7113.26
S001311,2025,6,14,North,Gadget,22,77.73,1710.06
S001312,2025,6,15,East,Gadget,39,242.11,9442.29
S001313,2025,6,16,South,Gizmo,22,51.97,1143.34
S001314,2025,6,16,South,Doohickey,45,222.54,10014.3
S001315,2025,6,17,West,Doohickey,35,193.14,6759.9
S001316,2025,6,17,West,Thingamajig,1,202.97,202.97
S001317,2025,6,17,North,Thingamajig,8,90.39,723.12
S001318,2025,6,19,South,Thingamajig,25,103.38,
S001319,2025,6,19,East,Widget,39,169.41,6606.99
S001320,2025,6,19,East,Gadget,50,227.06,11353.0
S001321,2025,6,20,South,Gadget,13,248.42,3229.46
S001322,2025,6,20,East,Thingamajig,40,60.9,2436.0
S001323,2025,6,20,North,Gadget,14,237.66,3327.24
S001324,2025,6,20,North,Doohickey,15,237.9,3568.5
S001325,2025,6,20,South,Widget,24,71.76,1722.24
S001326,2025,6,20,South,Thingamajig,39,205.04,7996.56
S001327,2025,6,20,North,Gizmo,41,205.12,8409.92
S001328,2025,6,20,North,Gadget,33,169.98,5609.34
S001329,2025,6,20,West,Gadget,35,8.86,310.1
S001330,2025,6,20,North,Gizmo,18,160.05,2880.9
S001331,2025,6,20,East,Doohickey,42,26.18,1099.56
S001332,2025,6,20,East,Doohickey,24,71.13,1707.12
S001333,2025,6,20,North,Gizmo,33,164.37,5424.21
S001334,2025,6,20,North,Gadget,38,45.67,1735.46
S001335,2025,6,20,West,Thingamajig,49,215.41,10555.09
S001336,2025,6,20,West,Widget,14,13.66,191.24
S001337,2025,6,20,South,Doohickey,18,211.69,3810.42
S001338,2025,6,20,South,Doohickey,25,181.36,4534.0
S001339,2025,6,20,North,Gadget,32,148.56,4753.92
S001340,2025,6,20,East,Gizmo,41,33.1,1357.1
S001341,2025,6,27,North,Gadget,15,225.34,3380.1
S001342,2025,6,27,East,Widget,40,202.23,8089.2
S001343,2025,6,27,East,Gizmo,3,50.98,152.94
S001344,2025,6,28,North,Doohickey,14,49.85,697.9
S001345,2025,6,28,East,Widget,35,227.4,7959.0
S001346,2025,6,28,South,Thingamajig,10,216.66,2166.6
S001347,2025,6,28,West,Widget,18,18.28,329.04
S001348,2025,6,28,West,Thingamajig,28,129.65,3630.2
S001349,2025,6,28,East,Gizmo,26,35.61,925.86
S001350,2025,6,28,South,Gizmo,37,58.97,2181.89
S001351,2025,6,28,North,Gadget,34,56.89,1934.26
S001352,2025,6,28,East,Gizmo,29,23.57,
S001353,2025,6,28,South,Widget,17,245.37,4171.29
S001354,2025,6,28,West,Widget,5,156.22,781.1
S001355,2025,6,28,West,Thingamajig,38,237.97,9042.86
S001356,2025,6,28,South,Gadget,50,199.91,9995.5
S001357,2025,6,28,North,Gizmo,46,149.82,6891.72
S001358,2025,6,28,East,Widget,11,236.64,2603.04
S001359,2025,6,28,East,Widget,49,7.58,371.42
S001360,2025,6,28,East,Gadget,30,165.55,4966.5
S001361,2025,6,28,South,Thingamajig,4,19.35,77.4
S001362,2025,6,28,South,Gadget,47,92.71,4357.37
S001363,2025,6,28,South,Thingamajig,8,214.76,1718.08
S001364,2025,7,3,South,Widget,21,217.48,4567.08
S001365,2025,7,3,East,Gizmo,4,92.25,369.0
S001366,2025,7,3,West,Widget,17,47.54,808.18
S001367,2025,7,5,North,Doohickey,50,180.02,9001.0
S001368,2025,7,6,North,Doohickey,6,219.6,1317.6
S001369,2025,7,6,South,Gadget,49,246.66,12086.34
S001370,2025,7,6,East,Doohickey,1,42.03,42.03
S001371,2025,7,8,South,Doohickey,49,117.29,5747.21
S001372,2025,7,8,East,Widget,31,240.34,7450.54
S001373,2025,7,8,East,Gadget,36,227.39,8186.04
S001374,2025,7,8,East,Gizmo,39,152.86,5961.54
S001375,2025,7,8,East,Doohickey,1,76.01,76.01
S001376,2025,7,10,East,Thingamajig,44,210.63,9267.72
S001377,2025,7,11,West,Gizmo,32,235.36,7531.52
S001378,2025,7,11,South,Gadget,9,191.84,1726.56
S001379,2025,7,11,East,Gizmo,25,98.98,2474.5
S001380,2025,7,12,East,Thingamajig,48,53.23,2555.04
S001381,2025,7,12,South,Gadget,37,119.85,4434.45
S001382,2025,7,12,East,Thingamajig,40,91.45,3658.0
S001383,2025,7,12,South,Doohickey,6,7.68,46.08
S001384,2025,7,12,North,Gadget,10,78.08,780.8
S001385,2025,7,12,East,Gadget,26,231.12,6009.12
S001386,2025,7,12,South,Gizmo,39,60.45,2357.55
S001387,2025,7,12,West,Thingamajig,42,238.51,10017.42
S001388,2025,7,15,South,Gadget,23,179.58,4130.34
S001389,2025,7,15,West,Doohickey,49,117.96,5780.04
S001390,2025,7,15,West,Gadget,19,91.12,1731.28
S001391,2025,7,15,North,Gizmo,9,226.92,2042.28
S001392,2025,7,15,East,Gadget,25,87.21,2180.25
S001393,2025,7,15,East,Thingamajig,50,129.27,6463.5
S001394,2025,7,15,South,Doohickey,38,177.72,6753.36
S001395,2025,7,15,North,Widget,29,84.1,2438.9
S001396,2025,7,16,South,Gizmo,37,212.63,7867.31
S001397,2025,7,16,West,Gadget,21,86.76,1821.96
S001398,2025,7,16,South,Doohickey,40,248.29,9931.6
S001399,2025,7,16,East,Gadget,31,145.33,4505.23
S001400,2025,7,16,East,Doohickey,16,109.28,1748.48
S001401,2025,7,16,South,Doohickey,29,225.76,6547.04
S001402,2025,7,16,East,Gizmo,8,50.54,404.32
S001403,2025,7,16,South,Gadget,29,25.66,744.14
S001404,2025,7,16,North,Gizmo,17,35.36,601.12
S001405,2025,7,16,West,Gizmo,2,7.93,15.86
S001406,2025,7,16,West,Widget,30,176.64,5299.2
S001407,2025,7,16,South,Thingamajig,36,215.81,7769.16
S001408,2025,7,16,West,Widget,35,97.95,3428.25
S001409,2025,7,16,South,Doohickey,4,45.85,183.4
S001410,2025,7,16,West,Doohickey,19,223.29,4242.51
S001411,2025,7,16,East,Doohickey,2,169.39,338.78
S001412,2025,7,16,East,Thingamajig,7,117.96,825.72
S001413,2025,7,16,South,Doohickey,37,37.24,1377.88
S001414,2025,7,16,East,Widget,39,63.84,2489.76
S001415,2025,7,16,West,Widget,29,71.4,2070.6
S001416,2025,7,17,South,Gadget,34,26.13,888.42
S001417,2025,7,17,North,Gadget,13,149.08,1938.04
S001418,2025,7,17,North,Doohickey,4,217.19,868.76
S001419,2025,7,17,North,Thingamajig,16,12.27,196.32
S001420,2025,7,17,East,Gadget,47,53.27,2503.69
S001421,2025,7,20,East,Gizmo,36,222.9,8024.4
S001422,2025,7,20,South,Gizmo,28,99.87,2796.36
S001423,2025,7,21,East,Gizmo,22,20.96,461.12
S001424,2025,7,22,East,Thingamajig,33,241.84,7980.72
S001425,2025,7,22,South,Gadget,41,141.55,5803.55
S001426,2025,7,22,North,Widget,43,61.23,2632.89
S001427,2025,7,22,South,Widget,46,211.96,9750.16
S001428,2025,7,22,South,Gadget,6,214.67,1288.02
S001429,2025,7,22,North,Thingamajig,7,165.65,1159.55
S001430,2025,7,22,West,Widget,46,228.89,10528.94
S001431,2025,7,22,North,Gadget,4,32.86,131.44
S001432,2025,7,26,West,Gizmo,39,204.43,7972.77
S001433,2025,7,26,South,Widget,48,89.22,4282.56
S001434,2025,7,26,South,Doohickey,8,237.32,1898.56
S001435,2025,7,26,East,Gizmo,38,207.88,7899.44
S001436,2025,7,26,North,Gadget,1,91.49,91.49
S001437,2025,7,26,East,Gizmo,44,240.07,10563.08
S001438,2025,7,26,East,Doohickey,42,43.39,1822.38
S001439,2025,7,26,South,Widget,30,156.36,4690.8
S001440,2025,7,26,East,Widget,15,62.91,943.65
S001441,2025,7,26,South,Widget,34,173.58,5901.72
S001442,2025,7,26,West,Doohickey,11,245.67,2702.37
S001443,2025,7,26,North,Gadget,24,65.49,1571.76
S001444,2025,7,26,South,Gizmo,3,248.18,744.54
S001445,2025,7,26,East,Doohickey,46,67.96,3126.16
S001446,2025,7,26,North,Gadget,12,173.49,2081.88
S001447,2025,7,26,West,Doohickey,33,236.79,7814.07
S001448,2025,7,26,North,Gizmo,26,198.52,5161.52
S001449,2025,7,26,West,Gizmo,48,22.75,1092.0
S001450,2025,7,26,West,Gizmo,29,213.02,6177.58
S001451,2025,7,26,West,Thingamajig,23,212.36,4884.28
S001452,2025,7,28,North,Gizmo,38,199.87,7595.06
S001453,2025,7,28,North,Thingamajig,2,126.0,252.0
S001454,2025,8,3,West,Gadget,47,210.88,9911.36
S001455,2025,8,3,South,Thingamajig,12,190.37,2284.44
S001456,2025,8,3,West,Widget,24,9.3,223.2
S001457,2025,8,3,East,Thingamajig,22,20.9,459.8
S001458,2025,8,3,West,Thingamajig,35,85.13,2979.55
S001459,2025,8,3,North,Doohickey,24,96.61,2318.64
S001460,2025,8,3,North,Gizmo,47,215.87,10145.89
S001461,2025,8,3,West,Doohickey,36,211.72,7621.92
S001462,2025,8,4,West,Gadget,42,101.59,4266.78
S001463,2025,8,5,West,Gizmo,3,65.9,197.7
S001464,2025,8,5,North,Gadget,17,98.22,1669.74
S001465,2025,8,5,North,Gadget,34,38.38,1304.92
S001466,2025,8,6,North,Widget,27,197.09,5321.43
S001467,2025,8,6,East,Gizmo,8,40.82,326.56
S001468,2025,8,6,West,Widget,19,150.26,2854.94
S001469,2025,8,6,South,Thingamajig,3,223.16,669.48
S001470,2025,8,6,West,Gizmo,41,240.89,9876.49
S001471,2025,8,6,South,Doohickey,34,153.85,5230.9
S001472,2025,8,6,East,Widget,11,64.02,704.22
S001473,2025,8,6,West,Gizmo,49,102.29,5012.21
S001474,2025,8,6,South,Thingamajig,7,8.54,59.78
S001475,2025,8,6,South,Gizmo,29,34.22,992.38
S001476,2025,8,6,North,Thingamajig,26,166.42,4326.92
S001477,2025,8,6,South,Thingamajig,2,113.96,227.92
S001478,2025,8,6,South,Gizmo,27,210.59,5685.93
S001479,2025,8,6,South,Thingamajig,41,45.11,1849.51
S001480,2025,8,6,South,Gizmo,48,177.78,8533.44
S001481,2025,8,6,North,Widget,3,72.23,
S001482,2025,8,6,North,Widget,42,13.58,570.36
S001483,2025,8,6,North,Doohickey,28,112.34,3145.52
S001484,2025,8,6,South,Gadget,43,74.61,3208.23
S001485,2025,8,6,South,Gizmo,26,133.79,3478.54
S001486,2025,8,12,East,Thingamajig,20,175.23,3504.6
S001487,2025,8,12,South,Doohickey,16,41.69,
S001488,2025,8,12,West,Thingamajig,32,239.7,7670.4
S001489,2025,8,13,East,Gadget,36,138.64,4991.04
S001490,2025,8,13,South,Widget,37,128.33,4748.21
S001491,2025,8,14,South,Doohickey,5,104.63,523.15
S001492,2025,8,14,,Gizmo,48,142.0,6816.0
S001493,2025,8,14,West,Doohickey,36,218.65,7871.4
S001494,2025,8,18,West,Widget,33,209.37,6909.21
S001495,2025,8,20,East,Thingamajig,41,9.28,380.48
S001496,2025,8,20,North,Doohickey,31,141.33,4381.23
S001497,2025,8,20,North,Gadget,15,95.23,1428.45
S001498,2025,8,21,North,Thingamajig,4,51.02,204.08
S001499,2025,8,22,West,Doohickey,12,9.71,
S001500,2025,8,22,South,Widget,49,52.28,2561.72
S001501,2025,8,22,West,Thingamajig,49,245.62,12035.38
S001502,2025,8,22,South,Widget,5,16.75,83.75
S001503,2025,8,22,East,Widget,23,77.54,1783.42
S001504,2025,8,22,East,Widget,45,172.99,7784.55
S001505,2025,8,22,North,Thingamajig,24,117.09,2810.16
S001506,2025,8,22,North,Gizmo,21,138.84,2915.64
S001507,2025,8,22,North,Thingamajig,27,191.97,5183.19
S001508,2025,8,22,East,Thingamajig,27,31.77,857.79
S001509,2025,8,22,West,Gizmo,48,123.55,5930.4
S001510,2025,8,22,North,Gadget,28,164.98,4619.44
S001511,2025,8,22,East,Gadget,25,225.09,5627.25
S001512,2025,8,22,West,Widget,26,28.34,736.84
S001513,2025,8,22,North,Thingamajig,49,217.25,10645.25
S001514,2025,8,22,East,Thingamajig,20,202.79,4055.8
S001515,2025,8,22,South,Thingamajig,5,91.37,456.85
S001516,2025,8,22,North,Thingamajig,38,103.65,
S001517,2025,8,22,North,Gizmo,23,240.98,5542.54
S001518,2025,8,22,North,Thingamajig,33,9.65,318.45
S001519,2025,8,23,North,Doohickey,6,9.5,57.0
S001520,2025,8,23,North,Doohickey,35,79.9,2796.5
S001521,2025,8,23,West,Gadget,37,229.39,8487.43
S001522,2025,8,23,South,Gizmo,44,134.75,5929.0
S001523,2025,8,23,South,Doohickey,46,35.41,1628.86
S001524,2025,8,23,West,Gadget,32,147.77,4728.64
S001525,2025,8,23,North,Thingamajig,11,225.89,2484.79
S001526,2025,8,23,South,Thingamajig,34,13.07,444.38
S001527,2025,8,24,North,Gizmo,6,34.72,208.32
S001528,2025,8,24,North,Gizmo,26,197.59,5137.34
S001529,2025,8,25,North,Doohickey,19,227.09,4314.71
S001530,2025,8,25,North,Gadget,20,215.75,4315.0
S001531,2025,8,25,,Thingamajig,32,85.68,2741.76
S001532,2025,8,26,West,Thingamajig,37,243.9,9024.3
S001533,2025,8,26,South,Gadget,39,6.56,255.84
S001534,2025,8,28,East,Widget,42,239.37,10053.54
S001535,2025,8,28,North,Doohickey,17,155.48,2643.16
S001536,2025,8,28,South,Widget,8,241.34,1930.72
S001537,2025,8,28,South,Gizmo,50,206.27,10313.5
S001538,2025,8,28,South,Widget,23,78.46,1804.58
S001539,2025,9,1,South,Thingamajig,22,82.91,1824.02
S001540,2025,9,1,East,Widget,23,238.52,5485.96
S001541,2025,9,1,East,Gadget,36,228.52,8226.72
S001542,2025,9,3,North,Thingamajig,17,54.14,920.38
S001543,2025,9,3,North,Widget,34,175.85,5978.9
S001544,2025,9,3,West,Thingamajig,25,143.98,3599.5
S001545,2025,9,3,North,Gizmo,49,243.98,11955.02
S001546,2025,9,3,North,Gizmo,34,31.49,1070.66
S001547,2025,9,3,East,Gadget,17,201.91,
S001548,2025,9,3,West,Gizmo,43,202.52,
S001549,2025,9,3,South,Gadget,42,46.65,1959.3
S001550,2025,9,4,South,Gizmo,22,59.69,1313.18
S001551,2025,9,4,West,Gadget,2,113.17,
S001552,2025,9,4,North,Gadget,8,78.53,628.24
S001553,2025,9,7,North,Gadget,24,246.42,5914.08
S001554,2025,9,7,East,Widget,16,115.82,1853.12
S001555,2025,9,7,East,Gadget,1,134.41,134.41
S001556,2025,9,7,South,Widget,38,104.21,3959.98
S001557,2025,9,7,East,Widget,1,74.91,74.91
S001558,2025,9,8,North,Thingamajig,14,166.05,2324.7
S001559,2025,9,9,,Doohickey,41,205.97,8444.77
S001560,2025,9,9,West,Thingamajig,45,238.23,10720.35
S001561,2025,9,9,West,Gizmo,3,19.08,57.24
S001562,2025,9,9,North,Gadget,18,144.81,2606.58
S001563,2025,9,9,South,Doohickey,33,56.43,1862.19
S001564,2025,9,9,West,Gizmo,6,50.49,302.94
S001565,2025,9,9,West,Widget,43,211.74,9104.82
S001566,2025,9,9,North,Widget,49,53.18,2605.82
S001567,2025,9,10,South,Gadget,44,83.91,3692.04
S001568,2025,9,10,South,Gadget,11,24.44,268.84
S001569,2025,9,11,North,Widget,15,115.22,1728.3
S001570,2025,9,11,East,Doohickey,25,94.02,2350.5
S001571,2025,9,11,South,Gizmo,22,110.93,2440.46
S001572,2025,9,12,North,Thingamajig,37,178.11,6590.07
S001573,2025,9,12,North,Gizmo,15,211.8,3177.0
S001574,2025,9,13,South,Doohickey,22,193.93,4266.46
S001575,2025,9,16,West,Gizmo,11,213.51,2348.61
S001576,2025,9,16,West,Gizmo,11,139.19,1531.09
S001577,2025,9,16,North,Thingamajig,2,152.95,305.9
S001578,2025,9,17,North,Widget,14,40.46,566.44
S001579,2025,9,19,North,Thingamajig,11,115.07,1265.77
S001580,2025,9,19,East,Thingamajig,46,93.95,4321.7
S001581,2025,9,19,South,Gadget,33,203.25,6707.25
S001582,2025,9,19,East,Gadget,2,169.37,338.74
S001583,2025,9,19,North,Widget,2,169.79,339.58
S001584,2025,9,19,West,Gizmo,4,5.7,22.8
S001585,2025,9,19,South,Widget,17,29.53,502.01
S001586,2025,9,19,East,Gizmo,14,248.03,3472.42
S001587,2025,9,20,North,Gadget,30,245.35,7360.5
S001588,2025,9,20,South,Doohickey,25,240.67,6016.75
S001589,2025,9,20,West,Doohickey,48,153.04,7345.92
S001590,2025,9,20,North,Widget,43,143.21,6158.03
S001591,2025,9,20,West,Gadget,16,227.42,3638.72
S001592,2025,9,20,North,Gadget,34,96.86,3293.24
S001593,2025,9,20,South,Gizmo,16,142.54,2280.64
S001594,2025,9,20,West,Doohickey,6,75.32,451.92
S001595,2025,9,20,South,Thingamajig,34,85.48,2906.32
S001596,2025,9,20,West,Thingamajig,48,33.38,1602.24
S001597,2025,9,20,East,Gadget,30,26.52,
S001598,2025,9,20,West,Gizmo,13,188.78,2454.14
S001599,2025,9,20,South,Thingamajig,35,157.37,5507.95
S001600,2025,9,20,North,Doohickey,2,85.74,171.48
S001601,2025,9,20,North,Doohickey,19,179.63,3412.97
S001602,2025,9,20,North,Thingamajig,18,185.94,3346.92
S001603,2025,9,20,South,Doohickey,38,190.93,7255.34
S001604,2025,9,20,East,Gadget,42,32.47,1363.74
S001605,2025,9,20,East,Widget,29,114.35,3316.15
S001606,2025,9,20,North,Widget,47,62.66,2945.02
S001607,2025,9,21,East,Thingamajig,46,157.52,7245.92
S001608,2025,9,21,West,Gizmo,3,209.29,627.87
S001609,2025,9,21,West,Thingamajig,8,174.61,
S001610,2025,9,24,North,Widget,36,138.26,4977.36
S001611,2025,9,25,North,Gizmo,26,24.62,640.12
S001612,2025,9,25,West,Widget,40,164.88,6595.2
S001613,2025,9,25,North,Doohickey,49,111.65,
S001614,2025,9,25,East,Thingamajig,18,90.62,1631.16
S001615,2025,9,25,East,Gizmo,21,185.14,3887.94
S001616,2025,9,26,East,Widget,6,62.03,372.18
S001617,2025,9,26,South,Widget,8,115.96,927.68
S001618,2025,9,26,East,Gizmo,47,57.01,
S001619,2025,9,26,South,Doohickey,39,108.54,4233.06
S001620,2025,9,26,East,Widget,40,59.45,2378.0
S001621,2025,9,27,North,Thingamajig,47,68.79,3233.13
S001622,2025,9,28,East,Doohickey,37,192.57,7125.09
S001623,2025,9,28,West,Widget,29,48.12,1395.48
S001624,2025,9,28,East,Gadget,26,65.14,1693.64
S001625,2025,10,1,East,Gizmo,24,237.35,5696.4
S001626,2025,10,1,North,Doohickey,18,199.91,3598.38
S001627,2025,10,2,South,Widget,11,168.24,1850.64
S001628,2025,10,2,South,Gadget,11,15.64,172.04
S001629,2025,10,2,North,Gizmo,34,198.56,6751.04
S001630,2025,10,2,West,Thingamajig,31,40.22,1246.82
S001631,2025,10,2,East,Widget,31,80.68,2501.08
S001632,2025,10,2,West,Thingamajig,19,41.05,779.95
S001633,2025,10,2,,Thingamajig,41,86.85,3560.85
S001634,2025,10,2,South,Doohickey,37,47.7,1764.9
S001635,2025,10,3,South,Gadget,22,179.67,3952.74
S001636,2025,10,5,West,Gadget,14,158.48,2218.72
S001637,2025,10,5,East,Widget,9,69.39,624.51
S001638,2025,10,5,South,Gizmo,30,222.4,6672.0
S001639,2025,10,5,East,Widget,8,208.75,1670.0
S001640,2025,10,5,West,Gizmo,28,211.45,5920.6
S001641,2025,10,5,South,Thingamajig,12,196.71,2360.52
S001642,2025,10,5,,Doohickey,28,172.62,4833.36
S001643,2025,10,5,South,Doohickey,34,213.65,7264.1
S001644,2025,10,6,North,Doohickey,50,182.25,9112.5
S001645,2025,10,6,North,Widget,5,149.09,745.45
S001646,2025,10,6,North,Doohickey,46,63.57,2924.22
S001647,2025,10,7,West,Thingamajig,46,61.38,2823.48
S001648,2025,10,7,North,Widget,7,48.84,341.88
S001649,2025,10,7,West,Widget,47,171.47,8059.09
S001650,2025,10,8,West,Widget,34,219.25,7454.5
S001651,2025,10,9,North,Gadget,12,101.04,1212.48
S001652,2025,10,9,West,Doohickey,3,167.38,502.14
S001653,2025,10,9,South,Widget,40,49.32,1972.8
S001654,2025,10,10,South,Thingamajig,48,214.51,10296.48
S001655,2025,10,10,North,Widget,34,97.91,3328.94
S001656,2025,10,11,East,Doohickey,1,93.9,93.9
S001657,2025,10,11,East,Gadget,33,93.03,3069.99
S001658,2025,10,12,East,Gadget,41,178.3,7310.3
S001659,2025,10,12,West,Gadget,33,56.42,1861.86
S001660,2025,10,12,South,Gadget,20,154.64,3092.8
S001661,2025,10,14,East,Doohickey,33,219.02,7227.66
S001662,2025,10,16,North,Gizmo,10,216.13,2161.3
S001663,2025,10,20,West,Gizmo,17,214.17,3640.89
S001664,2025,10,23,North,Gizmo,33,49.69,1639.77
S001665,2025,10,24,West,Gadget,8,205.48,1643.84
S001666,2025,10,24,North,Thingamajig,30,51.92,1557.6
S001667,2025,10,24,West,Doohickey,21,113.93,2392.53
S001668,2025,10,25,West,Doohickey,13,215.19,2797.47
S001669,2025,10,27,South,Widget,21,111.32,2337.72
S001670,2025,10,27,South,Doohickey,29,224.69,6516.01
S001671,2025,10,27,West,Thingamajig,24,214.96,5159.04
S001672,2025,10,27,North,Widget,49,183.66,8999.34
S001673,2025,10,27,East,Thingamajig,10,122.98,1229.8
S001674,2025,10,27,North,Widget,19,177.9,3380.1
S001675,2025,10,27,North,Gizmo,30,27.47,824.1
S001676,2025,10,27,North,Widget,2,238.9,477.8
S001677,2025,10,27,East,Thingamajig,30,84.21,
S001678,2025,10,27,West,Gadget,4,133.8,535.2
S001679,2025,10,27,West,Doohickey,2,25.07,50.14
S001680,2025,10,27,North,Gizmo,17,37.03,629.51
S001681,2025,10,27,South,Gadget,46,160.99,7405.54
S001682,2025,10,27,South,Doohickey,45,168.18,7568.1
S001683,2025,10,27,West,Widget,22,66.52,1463.44
S001684,2025,10,27,West,Gadget,31,196.46,6090.26
S001685,2025,10,27,South,Gizmo,24,202.6,4862.4
S001686,2025,10,27,South,Thingamajig,18,62.73,1129.14
S001687,2025,10,27,East,Gizmo,32,157.07,5026.24
S001688,2025,10,27,South,Gadget,38,232.82,8847.16
S001689,2025,10,28,North,Gizmo,46,218.49,10050.54
S001690,2025,10,28,West,Gizmo,32,197.95,6334.4
S001691,2025,10,28,South,Widget,7,158.38,1108.66
S001692,2025,10,28,North,Gadget,35,163.37,5717.95
S001693,2025,10,28,East,Gizmo,29,219.96,6378.84
S001694,2025,10,28,South,Doohickey,10,188.18,1881.8
S001695,2025,10,28,North,Widget,8,140.63,1125.04
S001696,2025,10,28,North,Thingamajig,27,45.59,1230.93
S001697,2025,10,28,South,Gizmo,38,115.4,4385.2
S001698,2025,10,28,South,Gadget,4,218.05,872.2
S001699,2025,10,28,East,Gizmo,44,64.43,2834.92
S001700,2025,10,28,East,Thingamajig,6,156.18,937.08
S001701,2025,10,28,East,Gadget,22,47.63,1047.86
S001702,2025,10,28,North,Gadget,1,91.34,91.34
S001703,2025,10,28,North,Gizmo,22,5.98,131.56
S001704,2025,10,28,East,Doohickey,1,111.76,111.76
S001705,2025,10,28,East,Gizmo,38,162.17,6162.46
S001706,2025,10,28,North,Doohickey,40,135.8,5432.0
S001707,2025,10,28,South,Doohickey,3,77.19,231.57
S001708,2025,10,28,East,Gadget,39,102.58,4000.62
S001709,2025,11,4,East,Gadget,46,228.77,10523.42
S001710,2025,11,5,North,Gizmo,37,146.13,5406.81
S001711,2025,11,5,South,Widget,42,167.06,7016.52
S001712,2025,11,5,East,Doohickey,1,174.46,174.46
S001713,2025,11,5,West,Thingamajig,48,122.05,5858.4
S001714,2025,11,5,North,Gadget,37,50.08,1852.96
S001715,2025,11,5,West,Thingamajig,44,129.41,5694.04
S001716,2025,11,5,North,Gizmo,22,193.32,4253.04
S001717,2025,11,5,North,Gizmo,39,78.26,3052.14
S001718,2025,11,5,West,Gizmo,28,44.77,1253.56
S001719,2025,11,5,North,Thingamajig,27,222.21,5999.67
S001720,2025,11,5,East,Gadget,12,82.48,989.76
S001721,2025,11,5,North,Doohickey,2,153.75,307.5
S001722,2025,11,5,East,Gizmo,38,149.8,5692.4
S001723,2025,11,5,West,Thingamajig,6,179.91,1079.46
S001724,2025,11,5,South,Thingamajig,10,188.26,
S001725,2025,11,5,South,Doohickey,20,38.88,777.6
S001726,2025,11,5,South,Widget,42,116.39,4888.38
S001727,2025,11,5,West,Gadget,4,215.82,863.28
S001728,2025,11,5,West,Thingamajig,45,76.6,3447.0
S001729,2025,11,5,West,Gizmo,32,48.0,1536.0
S001730,2025,11,7,South,Thingamajig,24,151.65,3639.6
S001731,2025,11,10,East,Widget,20,136.28,2725.6
S001732,2025,11,10,East,Doohickey,6,153.01,918.06
S001733,2025,11,10,East,Gizmo,48,71.28,3421.44
S001734,2025,11,11,North,Doohickey,2,118.92,237.84
S001735,2025,11,11,West,Gizmo,42,13.64,572.88
S001736,2025,11,11,East,Widget,3,126.53,379.59
S001737,2025,11,12,West,Widget,47,137.13,6445.11
S001738,2025,11,14,South,Doohickey,4,34.31,137.24
S001739,2025,11,14,East,Gadget,29,246.33,7143.57
S001740,2025,11,14,North,Thingamajig,35,180.54,6318.9
S001741,2025,11,14,South,Gadget,32,217.48,6959.36
S001742,2025,11,14,West,Thingamajig,17,219.1,3724.7
S001743,2025,11,14,East,Gizmo,48,186.11,8933.28
S001744,2025,11,14,South,Gadget,33,21.43,
S001745,2025,11,14,South,Gizmo,50,24.82,1241.0
S001746,2025,11,14,North,Doohickey,35,42.51,1487.85
S001747,2025,11,14,South,Gizmo,26,193.59,5033.34
S001748,2025,11,14,East,Thingamajig,30,160.18,4805.4
S001749,2025,11,14,East,Widget,7,77.96,545.72
S001750,2025,11,14,East,Widget,7,130.85,915.95
S001751,2025,11,14,South,Doohickey,21,179.12,3761.52
S001752,2025,11,14,North,Widget,8,75.02,600.16
S001753,2025,11,14,North,Gadget,10,68.76,687.6
S001754,2025,11,14,East,Gadget,31,101.75,3154.25
S001755,2025,11,14,East,Widget,45,85.11,3829.95
S001756,2025,11,14,West,Doohickey,9,60.27,
S001757,2025,11,14,North,Doohickey,5,116.99,584.95
S001758,2025,11,16,North,Doohickey,42,41.11,1726.62
S001759,2025,11,17,South,Doohickey,7,53.75,376.25
S001760,2025,11,17,North,Gadget,33,133.6,4408.8
S001761,2025,11,17,East,Thingamajig,15,183.14,2747.1
S001762,2025,11,17,East,Gadget,44,159.18,7003.92
S001763,2025,11,17,East,Thingamajig,20,125.25,2505.0
S001764,2025,11,17,West,Widget,25,86.11,2152.75
S001765,2025,11,17,South,Gadget,27,19.24,519.48
S001766,2025,11,17,North,Widget,14,231.36,3239.04
S001767,2025,11,17,East,Doohickey,40,81.41,3256.4
S001768,2025,11,17,South,Doohickey,4,207.44,829.76
S001769,2025,11,17,North,Thingamajig,45,20.33,914.85
S001770,2025,11,17,West,Gizmo,8,81.18,649.44
S001771,2025,11,17,South,Doohickey,29,150.85,4374.65
S001772,2025,11,17,East,Gizmo,9,20.67,186.03
S001773,2025,11,17,South,Doohickey,15,117.81,1767.15
S001774,2025,11,17,West,Widget,24,176.13,4227.12
S001775,2025,11,17,North,Doohickey,35,150.43,5265.05
S001776,2025,11,17,West,Doohickey,43,15.58,669.94
S001777,2025,11,17,East,Gadget,45,64.28,2892.6
S001778,2025,11,17,West,Thingamajig,43,150.33,6464.19
S001779,2025,11,19,East,Widget,15,11.28,169.2
S001780,2025,11,21,West,Doohickey,9,193.86,1744.74
S001781,2025,11,21,East,Thingamajig,25,166.68,4167.0
S001782,2025,11,21,North,Gizmo,18,223.93,4030.74
S001783,2025,11,21,West,Doohickey,5,185.74,928.7
S001784,2025,11,21,East,Widget,25,187.49,4687.25
S001785,2025,11,23,West,Doohickey,5,206.22,1031.1
S001786,2025,11,23,North,Gizmo,44,210.61,9266.84
S001787,2025,11,23,East,Gadget,29,131.31,3807.99
S001788,2025,11,23,North,Gadget,22,216.05,4753.1
S001789,2025,11,23,West,Gizmo,35,171.87,
S001790,2025,11,23,South,Thingamajig,33,152.3,
S001791,2025,11,23,West,Doohickey,19,238.23,4526.37
S001792,2025,11,23,East,Thingamajig,10,225.39,2253.9
S001793,2025,11,23,West,Thingamajig,18,38.69,696.42
S001794,2025,11,23,West,Gizmo,8,154.13,1233.04
S001795,2025,11,23,North,Doohickey,15,150.89,2263.35
S001796,2025,11,23,North,Doohickey,48,61.97,2974.56
S001797,2025,11,23,West,Doohickey,48,89.78,4309.44
S001798,2025,11,23,South,Thingamajig,9,220.63,1985.67
S001799,2025,11,23,South,Widget,3,196.2,588.6
S001800,2025,11,23,West,Widget,13,10.02,130.26
S001801,2025,11,23,West,Thingamajig,32,133.71,4278.72
S001802,2025,11,23,North,Widget,9,84.22,757.98
S001803,2025,11,23,South,Thingamajig,31,123.34,3823.54
S001804,2025,11,23,East,Gadget,11,82.4,906.4
S001805,2025,11,25,West,Doohickey,39,231.78,9039.42
S001806,2025,11,25,West,Doohickey,50,148.62,7431.0
S001807,2025,11,25,North,Thingamajig,39,55.28,2155.92
S001808,2025,11,25,West,Widget,49,181.33,8885.17
S001809,2025,11,25,South,Gizmo,13,197.78,2571.14
S001810,2025,11,25,North,Doohickey,31,85.82,2660.42
S001811,2025,11,25,East,Gizmo,4,10.97,43.88
S001812,2025,11,25,East,Widget,27,116.03,3132.81
S001813,2025,11,27,North,Widget,14,161.48,2260.72
S001814,2025,11,27,East,Widget,11,33.68,370.48
S001815,2025,11,27,South,Widget,12,131.19,1574.28
S001816,2025,11,27,North,Widget,6,179.87,1079.22
S001817,2025,11,27,East,Widget,12,39.27,471.24
S001818,2025,11,27,East,Gizmo,7,131.72,922.04
S001819,2025,11,27,East,Thingamajig,47,102.73,4828.31
S001820,2025,11,27,West,Gizmo,16,189.12,3025.92
S001821,2025,11,27,West,Widget,46,113.27,5210.42
S001822,2025,11,27,South,Gadget,48,86.57,4155.36
S001823,2025,11,27,West,Thingamajig,32,57.19,1830.08
S001824,2025,11,27,West,Doohickey,27,60.67,1638.09
S001825,2025,11,27,East,Widget,25,157.04,3926.0
S001826,2025,11,27,East,Gizmo,10,83.48,834.8
S001827,2025,11,27,East,Doohickey,7,144.68,1012.76
S001828,2025,11,27,West,Widget,23,117.9,2711.7
S001829,2025,11,27,South,Doohickey,35,202.59,7090.65
S001830,2025,11,27,East,Widget,40,11.58,463.2
S001831,2025,11,27,South,Gizmo,14,223.17,3124.38
S001832,2025,11,27,East,Doohickey,32,16.28,520.96
S001833,2025,11,28,North,Gadget,34,179.06,6088.04
S001834,2025,11,28,North,Thingamajig,40,210.71,8428.4
S001835,2025,11,28,South,Gadget,14,206.59,2892.26
S001836,2025,11,28,South,Widget,38,152.39,5790.82
S001837,2025,11,28,South,Gadget,37,202.3,7485.1
S001838,2025,11,28,North,Doohickey,49,49.42,2421.58
S001839,2025,11,28,South,Widget,1,225.98,225.98
S001840,2025,11,28,East,Gadget,43,134.63,5789.09
S001841,2025,11,28,North,Thingamajig,26,159.9,4157.4
S001842,2025,11,28,North,Thingamajig,39,248.03,9673.17
S001843,2025,11,28,East,Gadget,14,243.96,3415.44
S001844,2025,11,28,East,Gizmo,39,233.63,9111.57
S001845,2025,11,28,South,Gadget,46,207.93,
S001846,2025,11,28,East,Widget,18,41.92,754.56
S001847,2025,11,28,South,Gizmo,20,210.01,4200.2
S001848,2025,11,28,West,Widget,18,127.27,2290.86
S001849,2025,11,28,North,Doohickey,39,179.67,7007.13
S001850,2025,11,28,East,Doohickey,37,234.9,8691.3
S001851,2025,11,28,East,Gizmo,9,112.59,1013.31
S001852,2025,11,28,West,Widget,19,17.32,329.08
S001853,2025,12,2,East,Doohickey,11,214.54,2359.94
S001854,2025,12,2,South,Thingamajig,48,8.93,428.64
S001855,2025,12,2,North,Thingamajig,42,62.37,2619.54
S001856,2025,12,3,South,Doohickey,6,151.31,907.86
S001857,2025,12,4,North,Widget,3,84.97,254.91
S001858,2025,12,4,North,Gadget,16,170.56,2728.96
S001859,2025,12,4,North,Thingamajig,27,78.7,2124.9
S001860,2025,12,4,West,Gizmo,26,65.15,1693.9
S001861,2025,12,4,South,Thingamajig,30,79.34,2380.2
S001862,2025,12,4,South,Gadget,42,29.87,1254.54
S001863,2025,12,4,East,Doohickey,43,240.43,10338.49
S001864,2025,12,4,South,Widget,38,82.49,3134.62
S001865,2025,12,5,East,Widget,45,142.54,6414.3
S001866,2025,12,5,East,Thingamajig,44,182.39,8025.16
S001867,2025,12,5,East,Widget,50,165.34,8267.0
S001868,2025,12,6,South,Gizmo,43,212.35,9131.05
S001869,2025,12,6,North,Widget,24,226.35,5432.4
S001870,2025,12,6,South,Gizmo,27,233.09,6293.43
S001871,2025,12,6,North,Thingamajig,29,140.63,4078.27
S001872,2025,12,6,West,Widget,22,200.56,4412.32
S001873,2025,12,8,East,Doohickey,18,209.01,3762.18
S001874,2025,12,8,West,Thingamajig,17,122.77,2087.09
S001875,2025,12,8,North,Doohickey,16,214.05,3424.8
S001876,2025,12,8,West,Widget,32,184.34,5898.88
S001877,2025,12,8,North,Gizmo,42,186.96,7852.32
S001878,2025,12,8,East,Widget,50,139.83,6991.5
S001879,2025,12,8,South,Gadget,17,201.19,3420.23
S001880,2025,12,8,North,Thingamajig,47,207.46,9750.62
S001881,2025,12,10,South,Widget,41,236.54,9698.14
S001882,2025,12,10,South,Thingamajig,22,51.99,1143.78
S001883,2025,12,10,South,Doohickey,7,106.01,742.07
S001884,2025,12,10,South,Gizmo,18,113.48,2042.64
S001885,2025,12,10,West,Widget,7,204.35,1430.45
S001886,2025,12,10,North,Thingamajig,47,234.9,11040.3
S001887,2025,12,10,South,Gizmo,2,42.84,85.68
S001888,2025,12,10,East,Gadget,16,201.18,3218.88
S001889,2025,12,12,North,Gizmo,31,188.94,5857.14
S001890,2025,12,12,North,Widget,40,33.12,1324.8
S001891,2025,12,12,North,Widget,35,23.17,810.95
S001892,2025,12,12,West,Doohickey,13,108.51,1410.63
S001893,2025,12,12,West,Widget,7,201.0,1407.0
S001894,2025,12,12,North,Widget,25,138.68,3467.0
S001895,2025,12,12,North,Gizmo,11,71.39,785.29
S001896,2025,12,12,,Doohickey,35,161.51,5652.85
S001897,2025,12,16,East,Thingamajig,14,21.27,297.78
S001898,2025,12,16,West,Gadget,9,221.43,1992.87
S001899,2025,12,16,North,Gadget,29,60.41,1751.89
S001900,2025,12,17,East,Gadget,32,236.77,7576.64
S001901,2025,12,17,South,Thingamajig,47,192.5,9047.5
S001902,2025,12,18,West,Gadget,33,203.78,6724.74
S001903,2025,12,18,South,Widget,16,8.56,136.96
S001904,2025,12,18,North,Gizmo,45,121.24,5455.8
S001905,2025,12,18,South,Gizmo,10,220.15,2201.5
S001906,2025,12,18,West,Doohickey,41,40.17,1646.97
S001907,2025,12,18,East,Thingamajig,30,60.45,
S001908,2025,12,18,East,Gadget,25,85.91,2147.75
S001909,2025,12,18,South,Gizmo,26,61.98,1611.48
S001910,2025,12,18,East,Doohickey,25,242.98,6074.5
S001911,2025,12,18,West,Widget,28,122.55,3431.4
S001912,2025,12,18,East,Gizmo,23,150.8,3468.4
S001913,2025,12,18,East,Doohickey,16,49.58,793.28
S001914,2025,12,18,North,Gizmo,18,98.07,1765.26
S001915,2025,12,18,North,Thingamajig,39,244.22,9524.58
S001916,2025,12,18,East,Widget,34,208.28,7081.52
S001917,2025,12,18,South,Doohickey,12,85.42,1025.04
S001918,2025,12,18,South,Gizmo,34,33.43,1136.62
S001919,2025,12,18,East,Widget,36,197.19,7098.84
S001920,2025,12,18,West,Doohickey,35,166.4,5824.0
S001921,2025,12,18,South,Gizmo,11,60.91,670.01
S001922,2025,12,19,,Widget,10,214.8,2148.0
S001923,2025,12,19,South,Gizmo,34,39.66,1348.44
S001924,2025,12,19,South,Doohickey,10,35.64,356.4
S001925,2025,12,19,North,Gizmo,37,163.77,6059.49
S001926,2025,12,19,East,Widget,17,191.81,3260.77
S001927,2025,12,20,South,Gizmo,29,36.7,1064.3
S001928,2025,12,22,,Widget,10,41.34,413.4
S001929,2025,12,24,North,Gadget,32,65.97,2111.04
S001930,2025,12,24,West,Gadget,4,58.2,
S001931,2025,12,24,West,Doohickey,25,75.66,1891.5
S001932,2025,12,24,South,Doohickey,46,43.26,1989.96
S001933,2025,12,24,West,Gadget,9,193.7,1743.3
S001934,2025,12,24,East,Gadget,33,185.41,6118.53
S001935,2025,12,24,South,Gizmo,38,165.27,6280.26
S001936,2025,12,24,South,Gizmo,7,168.6,
S001937,2025,12,24,North,Gadget,29,208.76,6054.04
S001938,2025,12,24,East,Gizmo,50,177.25,8862.5
S001939,2025,12,24,East,Gadget,1,15.22,15.22
S001940,2025,12,24,South,Doohickey,39,205.73,8023.47
S001941,2025,12,24,North,Widget,24,65.81,1579.44
S001942,2025,12,24,East,Widget,39,160.19,6247.41
S001943,2025,12,24,North,Doohickey,22,199.0,4378.0
S001944,2025,12,24,East,Doohickey,11,205.19,2257.09
S001945,2025,12,24,North,Doohickey,3,25.56,76.68
S001946,2025,12,24,South,Doohickey,17,36.5,620.5
S001947,2025,12,24,South,Doohickey,6,187.06,1122.36
S001948,2025,12,24,South,Thingamajig,43,246.4,10595.2
S001949,2025,12,25,West,Thingamajig,27,234.73,6337.71
S001950,2025,12,25,South,Thingamajig,35,124.55,4359.25
S001951,2025,12,25,West,Widget,8,9.79,78.32
S001952,2025,12,25,East,Thingamajig,50,48.28,2414.0
S001953,2025,12,25,North,Gizmo,50,162.67,8133.5
S001954,2025,12,25,South,Doohickey,50,178.55,8927.5
S001955,2025,12,25,West,Gizmo,50,78.53,3926.5
S001956,2025,12,25,South,Thingamajig,31,134.63,4173.53
S001957,2025,12,26,West,Doohickey,8,38.8,
S001958,2025,12,26,South,Gizmo,5,86.4,432.0
S001959,2025,12,26,South,Gizmo,50,227.52,11376.0
S001960,2025,12,26,North,Thingamajig,31,5.49,170.19
S001961,2025,12,26,East,Widget,30,27.18,815.4
S001962,2025,12,26,West,Doohickey,34,152.64,5189.76
S001963,2025,12,26,South,Gizmo,2,18.0,36.0
S001964,2025,12,26,West,Doohickey,4,55.98,223.92
S001965,2025,12,27,East,Doohickey,42,137.54,5776.68
S001966,2026,1,1,East,Thingamajig,42,64.54,2710.68
S001967,2026,1,1,East,Gadget,15,69.39,1040.85
S001968,2026,1,1,South,Widget,49,57.07,2796.43
S001969,2026,1,2,North,Gizmo,45,69.17,3112.65
S001970,2026,1,5,East,Gizmo,19,223.41,4244.79
S001971,2026,1,5,East,Doohickey,12,35.9,430.8
S001972,2026,1,5,South,Gizmo,39,181.71,7086.69
S001973,2026,1,5,North,Thingamajig,30,118.78,3563.4
S001974,2026,1,5,South,Widget,2,124.36,248.72
S001975,2026,1,5,North,Gizmo,28,125.3,3508.4
S001976,2026,1,5,South,Gizmo,43,35.27,1516.61
S001977,2026,1,5,North,Widget,2,57.6,115.2
S001978,2026,1,5,East,Gadget,9,138.82,1249.38
S001979,2026,1,5,West,Gadget,46,175.65,8079.9
S001980,2026,1,5,East,Gizmo,3,237.87,713.61
S001981,2026,1,5,North,Gadget,38,16.9,642.2
S001982,2026,1,5,West,Widget,15,12.14,182.1
S001983,2026,1,5,East,Gadget,14,15.75,220.5
S001984,2026,1,5,West,Thingamajig,15,205.64,3084.6
S001985,2026,1,5,East,Thingamajig,30,175.69,5270.7
S001986,2026,1,5,East,Thingamajig,24,165.7,3976.8
S001987,2026,1,5,East,Gizmo,43,46.62,2004.66
S001988,2026,1,5,South,Gadget,10,92.22,922.2
S001989,2026,1,5,East,Doohickey,7,214.64,1502.48
S001990,2026,1,7,North,Widget,17,229.39,3899.63
S001991,2026,1,7,South,Widget,28,37.69,1055.32
S001992,2026,1,7,South,Thingamajig,44,12.99,571.56
S001993,2026,1,8,South,Doohickey,23,175.68,4040.64
S001994,2026,1,8,West,Doohickey,8,54.95,439.6
S001995,2026,1,8,South,Gadget,3,169.71,509.13
S001996,2026,1,9,South,Doohickey,14,48.82,683.48
S001997,2026,1,11,South,Widget,1,201.75,201.75
S001998,2026,1,13,East,Gizmo,8,178.11,1424.88
S001999,2026,1,13,West,Doohickey,40,132.14,5285.6
S002000,2026,1,13,North,Doohickey,17,31.41,533.97
S002001,2026,1,13,East,Thingamajig,17,16.53,281.01
S002002,2026,1,13,North,Doohickey,40,104.43,4177.2
S002003,2026,1,13,East,Widget,29,222.29,6446.41
S002004,2026,1,13,North,Gadget,24,42.42,1018.08
S002005,2026,1,13,West,Thingamajig,31,37.33,1157.23
S002006,2026,1,13,West,Doohickey,22,34.42,757.24
S002007,2026,1,13,West,Widget,7,181.11,1267.77
S002008,2026,1,13,West,Gadget,7,216.9,1518.3
S002009,2026,1,13,South,Gadget,14,52.38,733.32
S002010,2026,1,13,North,Gadget,15,28.84,432.6
S002011,2026,1,13,East,Gizmo,33,186.81,6164.73
S002012,2026,1,13,West,Gizmo,4,115.0,460.0
S002013,2026,1,13,South,Widget,48,222.2,10665.6
S002014,2026,1,13,West,Widget,35,228.36,7992.6
S002015,2026,1,13,South,Gizmo,21,33.81,710.01
S002016,2026,1,13,West,Gadget,24,115.97,2783.28
S002017,2026,1,13,East,Widget,23,87.88,2021.24
S002018,2026,1,16,North,Gizmo,37,248.16,9181.92
S002019,2026,1,16,West,Gadget,6,143.51,861.06
S002020,2026,1,16,,Doohickey,2,115.17,230.34
S002021,2026,1,18,East,Gadget,37,117.84,4360.08
S002022,2026,1,18,West,Widget,4,224.31,897.24
S002023,2026,1,18,West,Gizmo,34,152.12,5172.08
S002024,2026,1,18,East,Widget,48,180.54,8665.92
S002025,2026,1,18,East,Gizmo,27,104.85,2830.95
S002026,2026,1,18,East,Widget,45,32.14,1446.3
S002027,2026,1,18,South,Gizmo,40,72.99,2919.6
S002028,2026,1,18,East,Doohickey,36,143.02,5148.72
S002029,2026,1,20,East,Gizmo,33,87.92,2901.36
S002030,2026,1,20,East,Doohickey,42,159.13,6683.46
S002031,2026,1,20,West,Gadget,35,130.84,4579.4
S002032,2026,1,20,East,Doohickey,21,22.55,473.55
S002033,2026,1,20,West,Gizmo,22,127.97,2815.34
S002034,2026,1,22,South,Doohickey,32,139.62,4467.84
S002035,2026,1,22,North,Widget,43,29.35,1262.05
S002036,2026,1,22,North,Widget,47,170.95,8034.65
S002037,2026,1,22,North,Doohickey,22,208.25,4581.5
S002038,2026,1,22,East,Thingamajig,46,236.29,10869.34
S002039,2026,1,24,East,Gizmo,48,245.03,11761.44
S002040,2026,1,24,East,Gadget,18,142.38,2562.84
S002041,2026,1,24,West,Gadget,38,22.69,862.22
S002042,2026,1,26,South,Gadget,1,59.5,59.5
S002043,2026,2,1,West,Thingamajig,44,212.69,9358.36
S002044,2026,2,1,East,Widget,45,143.85,6473.25
S002045,2026,2,1,East,Widget,17,202.28,3438.76
S002046,2026,2,1,West,Widget,16,109.32,1749.12
S002047,2026,2,1,East,Widget,48,182.33,8751.84
S002048,2026,2,3,East,Widget,8,245.12,1960.96
S002049,2026,2,3,North,Gadget,5,36.3,181.5
S002050,2026,2,3,South,Gadget,29,68.97,2000.13
S002051,2026,2,4,South,Widget,31,175.99,5455.69
S002052,2026,2,4,West,Thingamajig,50,179.27,8963.5
S002053,2026,2,4,South,Widget,7,227.0,1589.0
S002054,2026,2,7,West,Thingamajig,23,115.2,
S002055,2026,2,7,South,Widget,25,54.21,1355.25
S002056,2026,2,7,West,Gadget,28,9.77,273.56
S002057,2026,2,7,West,Thingamajig,32,239.01,7648.32
S002058,2026,2,7,South,Gadget,38,175.27,6660.26
S002059,2026,2,7,West,Gizmo,6,110.43,662.58
S002060,2026,2,7,East,Thingamajig,41,212.75,8722.75
S002061,2026,2,7,West,Widget,6,144.44,866.64
S002062,2026,2,8,South,Thingamajig,35,180.96,6333.6
S002063,2026,2,8,North,Doohickey,7,29.56,206.92
S002064,2026,2,8,West,Thingamajig,5,220.31,1101.55
S002065,2026,2,9,South,Gizmo,8,129.56,1036.48
S002066,2026,2,9,South,Thingamajig,3,200.88,602.64
S002067,2026,2,9,West,Widget,33,182.68,6028.44
S002068,2026,2,9,South,Thingamajig,40,213.98,8559.2
S002069,2026,2,9,South,Widget,44,19.26,847.44
S002070,2026,2,9,East,Gizmo,44,200.3,8813.2
S002071,2026,2,9,South,Gizmo,24,30.83,739.92
S002072,2026,2,9,West,Gadget,50,181.33,9066.5
S002073,2026,2,11,North,Widget,16,219.25,3508.0
S002074,2026,2,11,South,Thingamajig,50,137.12,6856.0
S002075,2026,2,11,North,Gizmo,13,185.06,2405.78
S002076,2026,2,11,South,Gizmo,17,64.53,1097.01
S002077,2026,2,11,East,Thingamajig,3,179.22,537.66
S002078,2026,2,11,West,Widget,8,200.89,1607.12
S002079,2026,2,11,South,Doohickey,48,101.65,4879.2
S002080,2026,2,11,West,Gadget,28,127.15,3560.2
S002081,2026,2,12,North,Widget,10,236.32,2363.2
S002082,2026,2,12,South,Gizmo,22,105.99,2331.78
S002083,2026,2,12,West,Gizmo,22,221.35,4869.7
S002084,2026,2,13,East,Widget,16,226.07,3617.12
S002085,2026,2,13,South,Gizmo,10,194.34,1943.4
S002086,2026,2,13,North,Widget,12,178.54,2142.48
S002087,2026,2,13,East,Widget,28,206.05,
S002088,2026,2,13,North,Widget,47,206.8,9719.6
S002089,2026,2,13,East,Doohickey,39,187.41,7308.99
S002090,2026,2,13,East,Widget,36,164.68,5928.48
S002091,2026,2,13,South,Doohickey,30,141.16,4234.8
S002092,2026,2,17,North,Gizmo,43,86.46,3717.78
S002093,2026,2,17,East,Doohickey,8,100.53,804.24
S002094,2026,2,17,East,Widget,43,39.62,1703.66
S002095,2026,2,21,West,Gizmo,21,238.92,5017.32
S002096,2026,2,21,West,Doohickey,8,190.65,1525.2
S002097,2026,2,21,East,Doohickey,7,119.71,837.97
S002098,2026,2,21,North,Doohickey,41,154.13,6319.33
S002099,2026,2,21,East,Thingamajig,4,12.61,50.44
S002100,2026,2,21,West,Gizmo,16,52.18,834.88
S002101,2026,2,21,East,Thingamajig,26,182.3,4739.8
S002102,2026,2,21,East,Widget,18,154.82,2786.76
S002103,2026,2,21,South,Doohickey,43,163.43,7027.49
S002104,2026,2,21,South,Thingamajig,6,173.23,1039.38
S002105,2026,2,21,North,Gadget,16,151.69,2427.04
S002106,2026,2,21,South,Widget,7,27.58,193.06
S002107,2026,2,21,West,Gadget,49,112.01,5488.49
S002108,2026,2,21,South,Widget,9,201.41,1812.69
S002109,2026,2,21,North,Gizmo,31,137.02,4247.62
S002110,2026,2,21,East,Gadget,24,93.68,2248.32
S002111,2026,2,21,South,Widget,16,135.25,2164.0
S002112,2026,2,21,North,Doohickey,13,105.28,1368.64
S002113,2026,2,21,East,Thingamajig,16,142.31,2276.96
S002114,2026,2,21,South,Widget,49,84.54,4142.46
S002115,2026,2,22,South,Gizmo,19,182.6,3469.4
S002116,2026,2,22,West,Gadget,5,196.31,981.55
S002117,2026,2,22,South,Widget,7,6.64,46.48
S002118,2026,2,26,South,Widget,49,128.16,6279.84
S002119,2026,2,26,North,Widget,32,65.86,2107.52
S002120,2026,2,26,North,Thingamajig,21,93.66,1966.86
S002121,2026,2,26,East,Gadget,15,223.62,3354.3
S002122,2026,2,26,South,Gadget,6,89.85,539.1
S002123,2026,3,4,North,Doohickey,33,247.0,8151.0
S002124,2026,3,5,West,Doohickey,41,163.83,6717.03
S002125,2026,3,5,South,Doohickey,38,204.41,7767.58
S002126,2026,3,5,North,Doohickey,45,96.08,4323.6
S002127,2026,3,5,East,Widget,49,222.26,10890.74
S002128,2026,3,5,West,Gizmo,16,210.61,3369.76
S002129,2026,3,6,East,Doohickey,25,52.82,1320.5
S002130,2026,3,6,West,Doohickey,3,150.58,451.74
S002131,2026,3,6,South,Thingamajig,33,235.2,7761.6
S002132,2026,3,8,East,Gadget,44,12.27,539.88
S002133,2026,3,8,West,Thingamajig,19,83.29,1582.51
S002134,2026,3,8,West,Widget,23,152.41,3505.43
S002135,2026,3,9,West,Gadget,18,146.63,2639.34
S002136,2026,3,9,West,Widget,14,12.82,179.48
S002137,2026,3,9,West,Doohickey,37,45.03,1666.11
S002138,2026,3,9,East,Widget,20,180.96,3619.2
S002139,2026,3,9,South,Gizmo,16,62.35,
S002140,2026,3,9,West,Gadget,10,70.87,708.7
S002141,2026,3,9,North,Doohickey,35,93.98,3289.3
S002142,2026,3,9,West,Widget,17,215.0,3655.0
S002143,2026,3,10,North,Thingamajig,7,184.06,1288.42
S002144,2026,3,10,West,Thingamajig,3,206.53,619.59
S002145,2026,3,10,West,Gizmo,8,77.34,618.72
S002146,2026,3,10,North,Widget,22,73.92,1626.24
S002147,2026,3,10,West,Gadget,20,29.81,
S002148,2026,3,10,South,Thingamajig,11,174.39,1918.29
S002149,2026,3,10,West,Doohickey,28,152.81,4278.68
S002150,2026,3,10,North,Widget,43,37.84,1627.12
S002151,2026,3,11,West,Gadget,9,243.41,2190.69
S002152,2026,3,11,North,Thingamajig,21,77.52,1627.92
S002153,2026,3,15,West,Thingamajig,2,116.74,233.48
S002154,2026,3,15,North,Thingamajig,8,16.58,132.64
S002155,2026,3,15,North,Thingamajig,9,90.66,815.94
S002156,2026,3,16,,Widget,11,33.44,367.84
S002157,2026,3,16,North,Gadget,5,122.27,611.35
S002158,2026,3,16,West,Doohickey,18,168.19,3027.42
S002159,2026,3,17,East,Gadget,41,49.21,2017.61
S002160,2026,3,17,East,Gizmo,30,161.12,4833.6
S002161,2026,3,17,North,Thingamajig,45,148.87,6699.15
S002162,2026,3,19,North,Thingamajig,3,16.75,
S002163,2026,3,19,North,Gizmo,42,110.17,4627.14
S002164,2026,3,21,West,Widget,40,210.61,8424.4
S002165,2026,3,21,West,Widget,12,136.75,1641.0
S002166,2026,3,21,North,Thingamajig,49,100.5,4924.5
S002167,2026,3,21,North,Gizmo,4,111.56,446.24
S002168,2026,3,21,South,Gizmo,25,239.14,5978.5
S002169,2026,3,21,West,Gizmo,18,142.04,2556.72
S002170,2026,3,21,West,Widget,6,129.78,778.68
S002171,2026,3,21,East,Doohickey,44,193.5,8514.0
S002172,2026,3,22,West,Doohickey,28,181.12,5071.36
S002173,2026,3,23,North,Doohickey,33,216.0,7128.0
S002174,2026,3,23,North,Gadget,34,50.8,1727.2
S002175,2026,3,23,East,Gadget,50,74.77,3738.5
S002176,2026,3,23,North,Gizmo,34,161.59,5494.06
S002177,2026,3,23,East,Thingamajig,2,180.97,361.94
S002178,2026,3,23,South,Gizmo,21,243.26,5108.46
S002179,2026,3,23,West,Gizmo,12,232.21,2786.52
S002180,2026,3,23,North,Thingamajig,27,36.62,988.74
S002181,2026,3,24,West,Widget,32,204.58,6546.56
S002182,2026,3,24,South,Gadget,16,66.49,1063.84
S002183,2026,3,24,West,Thingamajig,6,65.22,391.32
S002184,2026,3,24,East,Gadget,5,159.33,796.65
S002185,2026,3,24,North,Doohickey,46,160.33,7375.18
S002186,2026,3,24,North,Gadget,44,201.13,
S002187,2026,3,24,South,Thingamajig,27,52.35,1413.45
S002188,2026,3,24,North,Doohickey,10,188.31,1883.1
S002189,2026,3,25,East,Gizmo,17,151.51,2575.67
S002190,2026,3,25,West,Widget,49,22.13,1084.37
S002191,2026,3,25,North,Thingamajig,11,169.09,1859.99
S002192,2026,3,26,South,Doohickey,13,232.31,3020.03
S002193,2026,3,26,North,Gadget,37,24.04,889.48
S002194,2026,3,26,North,Thingamajig,37,112.26,4153.62
S002195,2026,3,26,North,Gizmo,21,131.61,2763.81
S002196,2026,3,26,West,Doohickey,32,170.25,5448.0
S002197,2026,3,27,South,Doohickey,28,192.87,5400.36
S002198,2026,3,27,West,Thingamajig,38,194.47,7389.86
S002199,2026,3,27,East,Thingamajig,50,240.36,12018.0
S002200,2026,4,3,West,Gadget,8,143.34,1146.72
S002201,2026,4,3,East,Gadget,14,151.47,2120.58
S002202,2026,4,3,South,Thingamajig,1,99.67,99.67
S002203,2026,4,3,South,Gizmo,15,61.08,916.2
S002204,2026,4,3,South,Gadget,19,112.64,2140.16
S002205,2026,4,3,East,Thingamajig,20,34.97,699.4
S002206,2026,4,3,,Widget,36,90.76,3267.36
S002207,2026,4,3,South,Doohickey,34,82.02,2788.68
S002208,2026,4,6,East,Thingamajig,40,231.68,9267.2
S002209,2026,4,6,West,Widget,50,197.45,9872.5
S002210,2026,4,6,South,Gadget,14,157.77,2208.78
S002211,2026,4,11,North,Widget,10,183.25,1832.5
S002212,2026,4,11,East,Doohickey,38,67.71,2572.98
S002213,2026,4,12,South,Doohickey,6,164.93,989.58
S002214,2026,4,12,West,Doohickey,11,106.58,1172.38
S002215,2026,4,15,East,Doohickey,47,11.88,558.36
S002216,2026,4,15,North,Doohickey,14,159.34,2230.76
S002217,2026,4,17,East,Thingamajig,27,196.89,5316.03
S002218,2026,4,17,South,Gizmo,17,181.65,3088.05
S002219,2026,4,17,South,Thingamajig,50,219.42,10971.0
S002220,2026,4,18,North,Widget,12,236.72,2840.64
S002221,2026,4,18,West,Thingamajig,15,75.94,1139.1
S002222,2026,4,18,East,Doohickey,14,111.16,1556.24
S002223,2026,4,19,West,Widget,39,212.26,8278.14
S002224,2026,4,19,North,Gizmo,36,193.48,
S002225,2026,4,19,West,Doohickey,36,70.34,2532.24
S002226,2026,4,19,North,Doohickey,42,79.91,3356.22
S002227,2026,4,19,East,Gadget,24,144.99,3479.76
S002228,2026,4,19,North,Widget,42,148.76,6247.92
S002229,2026,4,19,North,Gadget,18,76.51,1377.18
S002230,2026,4,19,North,Widget,19,192.91,3665.29
S002231,2026,4,19,South,Gizmo,24,240.06,5761.44
S002232,2026,4,19,North,Gizmo,45,246.39,11087.55
S002233,2026,4,19,North,Doohickey,43,166.22,7147.46
S002234,2026,4,19,West,Gizmo,22,5.74,126.28
S002235,2026,4,19,East,Thingamajig,48,233.14,11190.72
S002236,2026,4,19,South,Gadget,44,38.29,1684.76
S002237,2026,4,19,West,Gizmo,27,170.77,4610.79
S002238,2026,4,19,,Gizmo,46,40.79,1876.34
S002239,2026,4,19,South,Thingamajig,23,195.67,4500.41
S002240,2026,4,19,North,Thingamajig,35,65.08,2277.8
S002241,2026,4,19,West,Gadget,43,95.09,4088.87
S002242,2026,4,19,West,Doohickey,36,198.44,7143.84
S002243,2026,4,22,South,Thingamajig,16,47.07,753.12
S002244,2026,4,22,West,Gadget,3,147.55,442.65
S002245,2026,4,22,West,Gizmo,45,31.59,1421.55
S002246,2026,4,23,West,Gizmo,27,75.53,2039.31
S002247,2026,4,23,South,Widget,5,90.7,453.5
S002248,2026,4,23,North,Thingamajig,44,216.66,9533.04
S002249,2026,4,26,South,Doohickey,5,179.98,
S002250,2026,4,26,North,Gadget,29,20.22,586.38
S002251,2026,4,26,West,Thingamajig,42,229.72,9648.24
S002252,2026,4,26,East,Widget,47,116.08,5455.76
S002253,2026,4,26,South,Thingamajig,31,93.8,2907.8
S002254,2026,4,26,North,Gizmo,34,58.11,1975.74
S002255,2026,4,26,North,Gadget,8,148.53,1188.24
S002256,2026,4,26,South,Widget,6,88.98,533.88
S002257,2026,4,27,West,Doohickey,36,161.15,5801.4
S002258,2026,4,27,North,Widget,28,247.84,6939.52
S002259,2026,4,27,North,Gadget,9,159.22,1432.98
S002260,2026,4,28,West,Thingamajig,33,62.77,2071.41
S002261,2026,4,28,East,Widget,40,101.59,4063.6
S002262,2026,4,28,West,Gizmo,34,136.43,4638.62
S002263,2026,4,28,South,Gizmo,46,25.59,1177.14
S002264,2026,4,28,West,Gadget,29,49.2,1426.8
S002265,2026,4,28,East,Doohickey,25,42.09,1052.25
S002266,2026,4,28,East,Gadget,15,71.58,1073.7
S002267,2026,4,28,South,Doohickey,4,74.27,297.08
S002268,2026,4,28,East,Gadget,25,151.59,3789.75
S002269,2026,4,28,South,Gizmo,25,160.28,4007.0
S002270,2026,4,28,North,Doohickey,24,181.08,4345.92
S002271,2026,4,28,South,Thingamajig,26,96.74,2515.24
S002272,2026,4,28,East,Gadget,29,154.83,4490.07
S002273,2026,4,28,North,Widget,40,118.42,4736.8
S002274,2026,4,28,East,Widget,27,220.83,5962.41
S002275,2026,4,28,South,Gizmo,5,174.91,874.55
S002276,2026,4,28,East,Gizmo,27,28.45,768.15
S002277,2026,4,28,North,Doohickey,19,34.84,661.96
S002278,2026,4,28,South,Gadget,5,119.1,595.5
S002279,2026,4,28,West,Widget,22,64.64,1422.08
S002280,2026,5,2,South,Widget,32,90.83,
S002281,2026,5,2,North,Gizmo,12,41.23,494.76
S002282,2026,5,2,South,Widget,23,169.53,3899.19
S002283,2026,5,2,North,Thingamajig,41,221.71,9090.11
S002284,2026,5,2,East,Gadget,30,233.78,7013.4
S002285,2026,5,3,East,Doohickey,14,184.2,2578.8
S002286,2026,5,3,East,Gizmo,1,158.38,158.38
S002287,2026,5,3,South,Widget,33,143.25,4727.25
S002288,2026,5,3,South,Gizmo,40,28.66,1146.4
S002289,2026,5,3,West,Thingamajig,28,221.73,6208.44
S002290,2026,5,3,South,Gizmo,7,98.14,686.98
S002291,2026,5,3,West,Thingamajig,32,230.87,7387.84
S002292,2026,5,3,East,Thingamajig,25,34.89,872.25
S002293,2026,5,3,East,Thingamajig,46,177.34,8157.64
S002294,2026,5,3,South,Gizmo,47,190.06,8932.82
S002295,2026,5,3,West,Widget,42,220.16,9246.72
S002296,2026,5,3,North,Gizmo,42,247.24,10384.08
S002297,2026,5,3,West,Gizmo,45,35.97,1618.65
S002298,2026,5,3,West,Widget,2,23.49,46.98
S002299,2026,5,3,East,Widget,3,87.24,261.72
S002300,2026,5,3,North,Widget,7,242.86,1700.02
S002301,2026,5,3,South,Thingamajig,13,163.83,2129.79
S002302,2026,5,3,West,Doohickey,6,33.67,202.02
S002303,2026,5,3,North,Thingamajig,28,205.34,5749.52
S002304,2026,5,3,West,Doohickey,41,149.66,6136.06
S002305,2026,5,7,South,Gadget,2,88.5,177.0
S002306,2026,5,7,East,Gizmo,42,28.63,1202.46
S002307,2026,5,7,East,Gizmo,47,158.3,7440.1
S002308,2026,5,8,West,Doohickey,6,53.99,323.94
S002309,2026,5,8,East,Gadget,27,14.16,382.32
S002310,2026,5,8,East,Gadget,32,164.81,5273.92
S002311,2026,5,8,North,Gadget,48,221.73,10643.04
S002312,2026,5,8,East,Widget,46,43.02,1978.92
S002313,2026,5,8,South,Gadget,44,113.4,4989.6
S002314,2026,5,8,North,Thingamajig,38,114.45,4349.1
S002315,2026,5,8,East,Thingamajig,27,191.98,5183.46
S002316,2026,5,9,South,Thingamajig,41,44.04,1805.64
S002317,2026,5,9,North,Thingamajig,29,207.77,6025.33
S002318,2026,5,9,East,Gizmo,12,17.14,205.68
S002319,2026,5,9,East,Gadget,12,177.84,2134.08
S002320,2026,5,9,North,Gizmo,9,229.85,2068.65
S002321,2026,5,10,North,Thingamajig,11,161.71,1778.81
S002322,2026,5,10,West,Gadget,6,227.32,1363.92
S002323,2026,5,10,West,Widget,32,117.96,3774.72
S002324,2026,5,10,East,Doohickey,20,61.51,1230.2
S002325,2026,5,10,West,Doohickey,15,144.07,2161.05
S002326,2026,5,10,,Widget,37,82.58,3055.46
S002327,2026,5,10,East,Gadget,39,37.95,1480.05
S002328,2026,5,10,West,Widget,37,30.31,1121.47
S002329,2026,5,10,East,Doohickey,46,50.25,2311.5
S002330,2026,5,10,South,Gadget,27,207.53,5603.31
S002331,2026,5,10,West,Thingamajig,22,149.32,3285.04
S002332,2026,5,10,East,Gadget,49,19.61,960.89
S002333,2026,5,10,West,Widget,18,141.97,2555.46
S002334,2026,5,10,East,Thingamajig,45,104.09,4684.05
S002335,2026,5,10,West,Thingamajig,9,125.91,1133.19
S002336,2026,5,10,East,Gizmo,6,127.89,767.34
S002337,2026,5,10,East,Gadget,2,235.86,471.72
S002338,2026,5,10,West,Gizmo,38,82.45,3133.1
S002339,2026,5,10,South,Doohickey,41,189.21,7757.61
S002340,2026,5,10,North,Widget,46,72.44,3332.24
S002341,2026,5,12,West,Doohickey,32,245.23,7847.36
S002342,2026,5,12,North,Gizmo,46,114.35,5260.1
S002343,2026,5,12,East,Gadget,33,109.13,3601.29
S002344,2026,5,12,West,Doohickey,9,83.88,754.92
S002345,2026,5,12,East,Gadget,18,201.62,
S002346,2026,5,12,West,Thingamajig,50,71.1,3555.0
S002347,2026,5,12,North,Thingamajig,43,167.13,7186.59
S002348,2026,5,12,East,Widget,31,243.15,7537.65
S002349,2026,5,12,South,Gizmo,50,99.0,4950.0
S002350,2026,5,12,West,Gizmo,23,164.64,3786.72
S002351,2026,5,12,East,Widget,25,190.2,4755.0
S002352,2026,5,12,West,Gizmo,30,232.65,6979.5
S002353,2026,5,12,East,Doohickey,31,117.94,3656.14
S002354,2026,5,12,North,Gadget,50,100.12,5006.0
S002355,2026,5,12,West,Gizmo,17,165.56,2814.52
S002356,2026,5,12,South,Doohickey,32,74.75,2392.0
S002357,2026,5,12,North,Gizmo,22,210.97,4641.34
S002358,2026,5,12,South,Doohickey,28,247.8,6938.4
S002359,2026,5,12,North,Gizmo,47,130.33,6125.51
S002360,2026,5,12,East,Widget,48,226.97,10894.56
S002361,2026,5,14,North,Widget,45,139.38,6272.1
S002362,2026,5,15,East,Thingamajig,11,226.52,2491.72
S002363,2026,5,15,South,Gizmo,31,75.81,2350.11
S002364,2026,5,16,South,Gizmo,48,237.05,11378.4
S002365,2026,5,16,South,Thingamajig,36,239.48,
S002366,2026,5,16,West,Doohickey,15,156.42,2346.3
S002367,2026,5,18,East,Gizmo,40,176.96,7078.4
S002368,2026,5,18,West,Widget,34,121.78,4140.52
S002369,2026,5,18,North,Thingamajig,12,104.26,1251.12
S002370,2026,5,18,West,Widget,9,29.63,266.67
S002371,2026,5,18,North,Gizmo,37,100.2,3707.4
S002372,2026,5,18,South,Gizmo,12,132.32,1587.84
S002373,2026,5,18,West,Widget,13,193.33,2513.29
S002374,2026,5,18,West,Doohickey,18,134.58,2422.44
S002375,2026,5,19,North,Thingamajig,50,122.17,6108.5
S002376,2026,5,19,West,Gizmo,40,56.54,2261.6
S002377,2026,5,21,North,Gadget,18,224.6,4042.8
S002378,2026,5,21,South,Gizmo,45,34.49,1552.05
S002379,2026,5,21,West,Gizmo,9,57.89,521.01
S002380,2026,5,22,North,Gadget,24,29.29,702.96
S002381,2026,5,23,West,Thingamajig,35,161.25,5643.75
S002382,2026,5,23,East,Widget,3,165.8,497.4
S002383,2026,5,23,North,Doohickey,3,171.87,515.61
S002384,2026,5,23,East,Widget,27,229.67,6201.09
S002385,2026,5,23,South,Gizmo,36,244.19,8790.84
S002386,2026,5,23,South,Widget,38,156.78,5957.64
S002387,2026,5,23,East,Gizmo,23,61.06,1404.38
S002388,2026,5,23,East,Gizmo,40,245.64,9825.6
S002389,2026,5,23,South,Widget,28,119.25,3339.0
S002390,2026,5,23,East,Doohickey,2,123.32,246.64
S002391,2026,5,23,North,Gizmo,50,163.12,8156.0
S002392,2026,5,23,West,Doohickey,2,141.68,283.36
S002393,2026,5,23,East,Thingamajig,34,184.23,6263.82
S002394,2026,5,23,West,Widget,3,71.51,214.53
S002395,2026,5,23,East,Widget,41,73.19,3000.79
S002396,2026,5,23,West,Gadget,29,71.55,2074.95
S002397,2026,5,23,East,Gadget,43,15.61,671.23
S002398,2026,5,23,North,Gadget,17,54.41,924.97
S002399,2026,5,23,South,Doohickey,10,169.43,1694.3
S002400,2026,5,23,West,Thingamajig,31,185.25,5742.75
S002401,2026,5,25,South,Gadget,23,134.92,3103.16
S002402,2026,5,26,North,Doohickey,35,215.4,7539.0
S002403,2026,5,28,West,Gadget,11,144.45,1588.95
S002404,2026,5,28,East,Gizmo,3,24.1,72.3
S002405,2026,6,3,East,Thingamajig,26,82.6,2147.6
S002406,2026,6,3,South,Gadget,24,244.79,5874.96
S002407,2026,6,3,North,Widget,13,13.74,178.62
S002408,2026,6,4,West,Thingamajig,1,193.47,193.47
S002409,2026,6,5,South,Gadget,18,170.82,3074.76
S002410,2026,6,5,South,Thingamajig,8,152.81,1222.48
S002411,2026,6,5,South,Thingamajig,30,191.14,5734.2
S002412,2026,6,5,East,Gizmo,47,20.51,963.97
S002413,2026,6,5,,Doohickey,12,118.44,1421.28
S002414,2026,6,5,South,Widget,21,227.72,4782.12
S002415,2026,6,5,North,Thingamajig,15,127.7,1915.5
S002416,2026,6,5,North,Widget,35,218.2,7637.0
S002417,2026,6,7,West,Gizmo,16,192.51,3080.16
S002418,2026,6,7,North,Thingamajig,10,205.27,2052.7
S002419,2026,6,7,,Gizmo,39,123.05,4798.95
S002420,2026,6,8,South,Gizmo,42,203.22,8535.24
S002421,2026,6,9,South,Gadget,20,125.48,2509.6
S002422,2026,6,10,South,Thingamajig,40,174.65,6986.0
S002423,2026,6,10,East,Gadget,20,106.94,2138.8
S002424,2026,6,10,East,Doohickey,37,73.87,2733.19
S002425,2026,6,10,South,Gadget,5,126.19,630.95
S002426,2026,6,10,East,Widget,41,159.88,6555.08
S002427,2026,6,10,East,Thingamajig,8,234.24,1873.92
S002428,2026,6,10,,Gizmo,38,181.54,6898.52
S002429,2026,6,10,East,Doohickey,40,204.69,8187.6
S002430,2026,6,10,South,Widget,33,11.98,395.34
S002431,2026,6,10,West,Thingamajig,12,170.7,2048.4
S002432,2026,6,10,,Doohickey,28,159.65,4470.2
S002433,2026,6,10,North,Gizmo,40,149.59,5983.6
S002434,2026,6,10,East,Doohickey,26,99.72,2592.72
S002435,2026,6,10,North,Thingamajig,36,170.34,6132.24
S002436,2026,6,10,West,Gadget,46,174.59,8031.14
S002437,2026,6,10,South,Thingamajig,50,103.06,5153.0
S002438,2026,6,10,South,Doohickey,28,214.49,6005.72
S002439,2026,6,10,West,Thingamajig,14,194.48,2722.72
S002440,2026,6,10,East,Doohickey,39,177.26,6913.14
S002441,2026,6,10,North,Thingamajig,4,226.69,906.76
S002442,2026,6,11,West,Gizmo,25,160.4,4010.0
S002443,2026,6,12,South,Thingamajig,11,85.68,942.48
S002444,2026,6,12,East,Widget,44,243.64,10720.16
S002445,2026,6,14,West,Widget,37,118.54,4385.98
S002446,2026,6,14,East,Gadget,15,198.0,2970.0
S002447,2026,6,14,East,Gizmo,5,30.97,154.85
S002448,2026,6,14,West,Widget,37,171.33,6339.21
S002449,2026,6,14,North,Gizmo,27,120.22,3245.94
S002450,2026,6,15,North,Doohickey,19,55.22,1049.18
S002451,2026,6,15,West,Gizmo,27,225.1,6077.7
S002452,2026,6,15,East,Gizmo,17,226.73,3854.41
S002453,2026,6,15,East,Thingamajig,25,63.81,1595.25
S002454,2026,6,15,North,Thingamajig,48,33.1,1588.8
S002455,2026,6,15,East,Doohickey,30,195.74,5872.2
S002456,2026,6,15,West,Gizmo,1,17.36,17.36
S002457,2026,6,15,North,Doohickey,36,15.48,557.28
S002458,2026,6,15,North,Gadget,30,118.64,3559.2
S002459,2026,6,15,North,Gizmo,30,45.81,1374.3
S002460,2026,6,15,West,Gadget,19,140.37,2667.03
S002461,2026,6,15,East,Thingamajig,26,218.08,5670.08
S002462,2026,6,15,North,Widget,9,216.94,1952.46
S002463,2026,6,15,South,Gadget,2,105.96,211.92
S002464,2026,6,15,East,Widget,5,205.44,1027.2
S002465,2026,6,15,South,Thingamajig,2,170.43,340.86
S002466,2026,6,15,East,Doohickey,22,121.73,2678.06
S002467,2026,6,15,East,Doohickey,18,191.62,3449.16
S002468,2026,6,15,South,Gizmo,35,176.25,6168.75
S002469,2026,6,15,North,Gizmo,42,71.61,3007.62
S002470,2026,6,16,North,Gadget,15,141.12,2116.8
S002471,2026,6,16,South,Thingamajig,19,128.69,2445.11
S002472,2026,6,16,West,Thingamajig,7,177.81,1244.67
S002473,2026,6,16,East,Gadget,41,98.53,4039.73
S002474,2026,6,16,West,Gizmo,40,51.96,2078.4
S002475,2026,6,18,North,Doohickey,10,55.74,557.4
S002476,2026,6,18,South,Gadget,34,194.77,6622.18
S002477,2026,6,18,West,Gadget,19,186.06,3535.14
S002478,2026,6,21,West,Widget,31,175.32,5434.92
S002479,2026,6,21,East,Gizmo,28,227.88,6380.64
S002480,2026,6,21,East,Widget,15,135.68,2035.2
S002481,2026,6,21,East,Widget,38,54.9,2086.2
S002482,2026,6,21,East,Gadget,17,24.63,418.71
S002483,2026,6,21,North,Thingamajig,9,103.47,931.23
S002484,2026,6,21,East,Gadget,26,59.0,1534.0
S002485,2026,6,21,West,Doohickey,45,112.09,5044.05
S002486,2026,6,23,North,Gadget,36,80.75,2907.0
S002487,2026,6,23,South,Thingamajig,37,145.69,5390.53
S002488,2026,6,23,South,Gadget,10,8.75,87.5
S002489,2026,6,24,South,Thingamajig,19,80.25,
S002490,2026,6,24,East,Widget,8,108.9,
S002491,2026,6,24,West,Doohickey,36,57.25,2061.0
S002492,2026,6,24,West,Gizmo,47,64.36,3024.92
S002493,2026,6,24,East,Gizmo,39,55.53,2165.67
S002494,2026,6,24,East,Gadget,15,8.97,134.55
S002495,2026,6,24,East,Doohickey,4,107.35,429.4
S002496,2026,6,24,East,Thingamajig,41,27.49,1127.09
S002497,2026,6,24,North,Gadget,18,76.55,1377.9
S002498,2026,6,24,North,Doohickey,27,121.5,3280.5
S002499,2026,6,24,East,Thingamajig,1,73.77,73.77
S002500,2026,6,24,South,Doohickey,16,248.75,3980.0
S002501,2026,6,24,East,Thingamajig,9,191.93,1727.37
S002502,2026,6,24,South,Gizmo,16,190.6,3049.6
S002503,2026,6,24,East,Gadget,1,100.59,100.59
S002504,2026,6,24,East,Widget,21,56.32,1182.72
S002505,2026,6,24,North,Doohickey,15,106.84,1602.6
S002506,2026,6,24,East,Doohickey,20,130.23,2604.6
S002507,2026,6,24,West,Widget,13,47.87,622.31
S002508,2026,6,24,North,Doohickey,15,159.75,2396.25
S002509,2026,7,1,West,Doohickey,50,143.7,7185.0
S002510,2026,7,1,South,Gadget,39,60.96,2377.44
S002511,2026,7,1,West,Doohickey,42,190.22,7989.24
S002512,2026,7,2,North,Gadget,41,194.1,7958.1
S002513,2026,7,2,South,Thingamajig,45,60.38,2717.1
S002514,2026,7,2,East,Thingamajig,49,50.59,2478.91
S002515,2026,7,3,West,Thingamajig,19,218.34,4148.46
S002516,2026,7,3,East,Thingamajig,50,210.83,10541.5
S002517,2026,7,3,,Thingamajig,6,14.41,86.46
S002518,2026,7,4,East,Gizmo,47,105.01,4935.47
S002519,2026,7,4,South,Doohickey,23,196.75,4525.25
S002520,2026,7,4,South,Gadget,2,169.74,339.48
S002521,2026,7,4,South,Doohickey,50,32.83,1641.5
S002522,2026,7,4,South,Gadget,4,201.3,805.2
S002523,2026,7,5,East,Gadget,33,192.03,6336.99
S002524,2026,7,5,East,Gizmo,42,158.87,6672.54
S002525,2026,7,6,West,Gizmo,47,211.78,9953.66
S002526,2026,7,6,West,Widget,28,62.09,
S002527,2026,7,6,South,Thingamajig,29,21.8,632.2
S002528,2026,7,6,South,Widget,50,114.06,5703.0
S002529,2026,7,6,West,Thingamajig,35,13.4,469.0
S002530,2026,7,8,East,Thingamajig,2,162.97,325.94
S002531,2026,7,8,West,Thingamajig,48,172.88,8298.24
S002532,2026,7,8,North,Thingamajig,6,33.8,202.8
S002533,2026,7,9,North,Gizmo,2,69.07,138.14
S002534,2026,7,10,West,Gizmo,42,59.4,2494.8
S002535,2026,7,10,North,Doohickey,31,156.42,4849.02
S002536,2026,7,12,North,Gadget,17,60.82,1033.94
S002537,2026,7,15,North,Widget,15,245.3,3679.5
S002538,2026,7,16,North,Doohickey,9,10.67,96.03
S002539,2026,7,16,South,Gizmo,31,116.58,3613.98
S002540,2026,7,16,North,Gizmo,28,158.18,4429.04
S002541,2026,7,17,,Doohickey,9,160.63,1445.67
S002542,2026,7,17,East,Doohickey,40,51.79,2071.6
S002543,2026,7,17,East,Gadget,41,235.29,9646.89
S002544,2026,7,17,South,Doohickey,9,99.43,894.87
S002545,2026,7,17,South,Widget,4,67.22,268.88
S002546,2026,7,17,East,Doohickey,19,48.94,929.86
S002547,2026,7,17,North,Thingamajig,25,150.29,3757.25
S002548,2026,7,17,East,Gizmo,19,49.44,939.36
S002549,2026,7,17,North,Thingamajig,17,92.79,1577.43
S002550,2026,7,17,North,Thingamajig,25,142.36,3559.0
S002551,2026,7,17,North,Gadget,4,180.72,722.88
S002552,2026,7,17,East,Gadget,37,173.52,6420.24
S002553,2026,7,17,West,Thingamajig,6,41.08,246.48
S002554,2026,7,17,East,Widget,41,169.12,6933.92
S002555,2026,7,17,East,Widget,34,208.76,7097.84
S002556,2026,7,17,South,Gizmo,48,208.27,9996.96
S002557,2026,7,17,North,Gadget,30,47.04,1411.2
S002558,2026,7,17,East,Thingamajig,10,112.19,1121.9
S002559,2026,7,17,South,Gizmo,32,111.06,3553.92
S002560,2026,7,17,South,Gizmo,3,14.3,42.9
S002561,2026,7,20,South,Doohickey,41,57.1,2341.1
S002562,2026,7,20,East,Gadget,47,70.69,3322.43
S002563,2026,7,20,East,Widget,29,222.59,6455.11
S002564,2026,7,21,East,Thingamajig,9,192.7,1734.3
S002565,2026,7,21,South,Doohickey,10,47.19,471.9
S002566,2026,7,21,South,Thingamajig,7,191.9,1343.3
S002567,2026,7,21,North,Doohickey,37,201.28,7447.36
S002568,2026,7,21,West,Gizmo,22,134.51,2959.22
S002569,2026,7,21,South,Thingamajig,29,13.86,401.94
S002570,2026,7,21,West,Doohickey,26,98.74,2567.24
S002571,2026,7,21,East,Widget,9,78.81,
S002572,2026,7,21,East,Thingamajig,10,238.62,2386.2
S002573,2026,7,21,East,Thingamajig,39,129.77,5061.03
S002574,2026,7,21,North,Thingamajig,29,44.49,1290.21
S002575,2026,7,21,South,Gadget,42,111.4,4678.8
S002576,2026,7,21,South,Widget,18,59.28,1067.04
S002577,2026,7,21,,Doohickey,6,220.45,1322.7
S002578,2026,7,21,West,Thingamajig,27,142.96,3859.92
S002579,2026,7,21,East,Gadget,48,83.5,4008.0
S002580,2026,7,21,West,Doohickey,45,51.91,2335.95
S002581,2026,7,21,West,Gizmo,9,132.23,1190.07
S002582,2026,7,21,West,Thingamajig,38,35.53,1350.14
S002583,2026,7,21,North,Thingamajig,17,124.3,2113.1
S002584,2026,7,22,East,Gadget,25,40.36,1009.0
S002585,2026,7,22,South,Gadget,18,67.96,1223.28
S002586,2026,7,22,North,Widget,39,147.67,5759.13
S002587,2026,7,22,South,Widget,47,128.77,6052.19
S002588,2026,7,22,West,Gadget,13,112.88,1467.44
S002589,2026,7,22,South,Gizmo,19,63.31,1202.89
S002590,2026,7,22,,Widget,6,98.1,588.6
S002591,2026,7,22,South,Gizmo,30,198.14,5944.2
S002592,2026,7,22,West,Doohickey,33,92.04,3037.32
S002593,2026,7,22,South,Gizmo,43,43.83,1884.69
S002594,2026,7,22,North,Gizmo,36,176.75,6363.0
S002595,2026,7,22,South,Thingamajig,48,12.8,614.4
S002596,2026,7,22,West,Gadget,2,126.97,253.94
S002597,2026,7,22,West,Widget,33,105.76,3490.08
S002598,2026,7,22,West,Doohickey,3,212.8,638.4
S002599,2026,7,22,East,Doohickey,44,22.02,968.88
S002600,2026,7,22,North,Gizmo,11,209.32,2302.52
S002601,2026,7,22,East,Thingamajig,1,133.02,
S002602,2026,7,22,East,Gadget,24,64.31,1543.44
S002603,2026,7,22,South,Gizmo,47,58.35,2742.45
S002604,2026,7,23,West,Thingamajig,41,158.05,6480.05
S002605,2026,7,23,East,Gizmo,49,113.25,5549.25
S002606,2026,7,23,West,Doohickey,22,165.9,3649.8
S002607,2026,7,24,West,Gadget,45,223.51,10057.95
S002608,2026,7,24,South,Doohickey,9,84.14,757.26
S002609,2026,7,24,West,Gadget,7,178.51,1249.57
S002610,2026,7,25,West,Thingamajig,34,116.06,3946.04
S002611,2026,7,25,East,Gizmo,39,22.71,885.69
S002612,2026,7,25,East,Doohickey,27,239.53,6467.31
S002613,2026,7,25,West,Thingamajig,50,134.21,6710.5
S002614,2026,7,25,East,Doohickey,39,180.39,7035.21
S002615,2026,7,25,South,Thingamajig,17,147.95,2515.15
S002616,2026,7,25,North,Doohickey,50,212.59,10629.5
S002617,2026,7,25,North,Gizmo,49,161.45,7911.05
S002618,2026,7,27,West,Gizmo,19,200.62,3811.78
S002619,2026,7,27,South,Gadget,4,127.85,511.4
S002620,2026,8,1,West,Gadget,42,242.39,10180.38
S002621,2026,8,1,West,Thingamajig,41,109.15,4475.15
S002622,2026,8,2,West,Gadget,3,223.55,670.65
S002623,2026,8,4,West,Gadget,11,178.55,1964.05
S002624,2026,8,4,South,Widget,6,190.79,1144.74
S002625,2026,8,4,West,Widget,44,78.43,3450.92
S002626,2026,8,4,West,Gadget,49,247.29,12117.21
S002627,2026,8,4,South,Thingamajig,3,22.83,68.49
S002628,2026,8,5,East,Thingamajig,48,208.7,10017.6
S002629,2026,8,5,North,Widget,3,128.78,386.34
S002630,2026,8,5,West,Thingamajig,36,91.1,3279.6
S002631,2026,8,5,North,Widget,16,221.24,3539.84
S002632,2026,8,5,North,Gadget,7,244.84,1713.88
S002633,2026,8,5,East,Doohickey,5,235.13,1175.65
S002634,2026,8,5,West,Gizmo,4,225.39,901.56
S002635,2026,8,5,West,Gizmo,11,241.46,2656.06
S002636,2026,8,5,South,Gizmo,25,51.81,1295.25
S002637,2026,8,5,East,Gadget,48,243.77,11700.96
S002638,2026,8,5,South,Doohickey,16,176.26,2820.16
S002639,2026,8,5,South,Gizmo,35,183.36,6417.6
S002640,2026,8,5,West,Doohickey,24,157.21,3773.04
S002641,2026,8,5,West,Gadget,46,113.0,5198.0
S002642,2026,8,5,North,Gadget,27,116.26,3139.02
S002643,2026,8,5,West,Gizmo,32,143.13,4580.16
S002644,2026,8,5,South,Gadget,6,29.15,174.9
S002645,2026,8,5,South,Gadget,23,52.06,1197.38
S002646,2026,8,5,East,Gizmo,49,108.0,5292.0
S002647,2026,8,5,South,Gizmo,44,162.15,7134.6
S002648,2026,8,6,North,Doohickey,25,222.55,5563.75
S002649,2026,8,6,South,Gadget,3,25.97,77.91
S002650,2026,8,7,South,Gadget,48,40.6,1948.8
S002651,2026,8,7,South,Gizmo,17,180.42,3067.14
S002652,2026,8,7,East,Widget,43,237.49,10212.07
S002653,2026,8,7,West,Widget,5,66.97,334.85
S002654,2026,8,7,North,Gizmo,29,112.95,3275.55
S002655,2026,8,8,East,Gizmo,22,106.87,
S002656,2026,8,8,East,Widget,20,124.3,2486.0
S002657,2026,8,8,North,Thingamajig,42,117.69,4942.98
S002658,2026,8,9,North,Doohickey,8,240.9,1927.2
S002659,2026,8,9,South,Thingamajig,27,118.99,3212.73
S002660,2026,8,10,South,Doohickey,3,146.4,439.2
S002661,2026,8,11,South,Thingamajig,19,61.01,1159.19
S002662,2026,8,12,West,Gadget,39,237.99,9281.61
S002663,2026,8,13,East,Widget,20,160.85,3217.0
S002664,2026,8,13,South,Thingamajig,40,36.44,1457.6
S002665,2026,8,13,East,Gizmo,7,6.65,46.55
S002666,2026,8,14,West,Widget,32,146.34,4682.88
S002667,2026,8,15,East,Widget,44,245.28,10792.32
S002668,2026,8,15,South,Thingamajig,31,45.94,1424.14
S002669,2026,8,15,East,Gizmo,11,97.91,1077.01
S002670,2026,8,15,East,Gizmo,31,237.3,7356.3
S002671,2026,8,15,North,Thingamajig,30,186.53,5595.9
S002672,2026,8,15,South,Doohickey,25,46.98,1174.5
S002673,2026,8,15,South,Gadget,32,38.12,1219.84
S002674,2026,8,15,South,Thingamajig,35,116.34,4071.9
S002675,2026,8,15,West,Widget,23,164.47,3782.81
S002676,2026,8,15,North,Thingamajig,30,246.27,7388.1
S002677,2026,8,15,East,Gadget,4,45.99,183.96
S002678,2026,8,15,North,Gadget,26,85.02,2210.52
S002679,2026,8,15,East,Widget,8,105.23,841.84
S002680,2026,8,15,North,Gadget,13,112.08,1457.04
S002681,2026,8,15,West,Doohickey,21,116.07,2437.47
S002682,2026,8,15,South,Doohickey,23,110.92,2551.16
S002683,2026,8,15,North,Widget,13,195.21,2537.73
S002684,2026,8,15,South,Gizmo,23,188.03,4324.69
S002685,2026,8,15,West,Gadget,44,132.07,5811.08
S002686,2026,8,15,East,Gizmo,26,101.61,2641.86
S002687,2026,8,17,West,Gizmo,6,135.4,812.4
S002688,2026,8,17,South,Gizmo,45,81.42,3663.9
S002689,2026,8,17,West,Gizmo,9,133.62,1202.58
S002690,2026,8,18,South,Gadget,20,36.86,737.2
S002691,2026,8,18,North,Gizmo,8,36.73,293.84
S002692,2026,8,18,South,Gizmo,31,42.87,1328.97
S002693,2026,8,19,South,Thingamajig,15,130.69,1960.35
S002694,2026,8,23,East,Widget,38,245.43,9326.34
S002695,2026,8,23,West,Gadget,34,196.03,6665.02
S002696,2026,8,26,North,Gadget,34,107.25,3646.5
S002697,2026,8,28,East,Gadget,16,71.13,1138.08
S002698,2026,8,28,,Gadget,10,232.8,2328.0
S002699,2026,8,28,East,Thingamajig,23,214.45,4932.35
S002700,2026,8,28,North,Gadget,34,95.13,3234.42
S002701,2026,8,28,South,Gizmo,15,13.59,203.85
S002702,2026,9,4,West,Gadget,8,195.88,1567.04
S002703,2026,9,4,East,Gadget,50,145.81,7290.5
S002704,2026,9,4,North,Doohickey,24,178.75,4290.0
S002705,2026,9,4,South,Doohickey,37,93.17,3447.29
S002706,2026,9,4,North,Widget,20,160.12,3202.4
S002707,2026,9,4,North,Gadget,13,74.61,969.93
S002708,2026,9,4,South,Widget,7,170.83,1195.81
S002709,2026,9,4,North,Doohickey,41,25.6,1049.6
S002710,2026,9,7,West,Gizmo,21,123.66,2596.86
S002711,2026,9,7,East,Gadget,50,220.78,11039.0
S002712,2026,9,7,East,Gadget,40,68.87,2754.8
S002713,2026,9,7,East,Thingamajig,50,248.25,12412.5
S002714,2026,9,7,North,Gizmo,9,230.93,2078.37
S002715,2026,9,7,North,Thingamajig,38,87.79,3336.02
S002716,2026,9,7,East,Thingamajig,11,61.31,674.41
S002717,2026,9,7,East,Doohickey,6,235.55,1413.3
S002718,2026,9,9,South,Doohickey,19,201.45,3827.55
S002719,2026,9,11,West,Thingamajig,2,67.62,135.24
S002720,2026,9,11,West,Doohickey,19,119.95,2279.05
S002721,2026,9,11,West,Gadget,46,171.38,7883.48
S002722,2026,9,11,South,Gadget,27,124.1,3350.7
S002723,2026,9,11,East,Gadget,3,215.75,647.25
S002724,2026,9,12,North,Widget,16,20.35,325.6
S002725,2026,9,13,South,Doohickey,43,55.17,2372.31
S002726,2026,9,14,South,Gadget,10,229.01,2290.1
S002727,2026,9,14,North,Widget,39,222.89,8692.71
S002728,2026,9,14,East,Thingamajig,4,21.95,87.8
S002729,2026,9,14,East,Gizmo,10,211.14,2111.4
S002730,2026,9,14,South,Thingamajig,27,121.87,3290.49
S002731,2026,9,16,North,Doohickey,5,108.68,543.4
S002732,2026,9,16,South,Widget,33,16.91,558.03
S002733,2026,9,17,West,Gizmo,12,96.05,1152.6
S002734,2026,9,17,East,Gizmo,16,149.79,2396.64
S002735,2026,9,19,North,Gizmo,25,21.74,543.5
S002736,2026,9,19,East,Thingamajig,18,33.61,604.98
S002737,2026,9,20,North,Gizmo,30,94.21,2826.3
S002738,2026,9,20,North,Gadget,25,110.91,2772.75
S002739,2026,9,20,West,Thingamajig,41,186.96,7665.36
S002740,2026,9,20,West,Doohickey,44,240.11,10564.84
S002741,2026,9,20,West,Doohickey,6,90.32,541.92
S002742,2026,9,24,South,Gizmo,11,194.23,2136.53
S002743,2026,9,24,West,Doohickey,27,65.76,1775.52
S002744,2026,9,24,South,Doohickey,20,144.31,
S002745,2026,9,24,West,Doohickey,39,69.3,2702.7
S002746,2026,9,24,North,Gadget,33,202.03,6666.99
S002747,2026,9,24,South,Thingamajig,12,134.79,1617.48
S002748,2026,9,24,West,Doohickey,42,236.68,9940.56
S002749,2026,9,24,North,Gizmo,32,180.59,5778.88
S002750,2026,9,26,South,Gadget,9,53.98,485.82
S002751,2026,9,26,West,Widget,12,88.52,1062.24
S002752,2026,9,26,South,Thingamajig,50,45.74,2287.0
S002753,2026,9,27,East,Gadget,17,120.65,2051.05
S002754,2026,9,27,West,Thingamajig,49,29.95,1467.55
S002755,2026,9,27,East,Gadget,24,142.39,3417.36
S002756,2026,9,27,South,Widget,39,37.06,1445.34
S002757,2026,9,27,West,Thingamajig,2,104.47,208.94
S002758,2026,9,27,West,Gizmo,34,134.52,4573.68
S002759,2026,9,27,West,Gadget,13,140.99,1832.87
S002760,2026,9,27,West,Doohickey,28,147.9,4141.2
S002761,2026,9,27,East,Thingamajig,23,235.39,5413.97
S002762,2026,9,27,West,Widget,46,227.94,10485.24
S002763,2026,9,27,South,Thingamajig,30,137.13,4113.9
S002764,2026,9,27,East,Gizmo,29,33.17,961.93
S002765,2026,9,27,North,Doohickey,46,202.13,9297.98
S002766,2026,9,27,East,Gizmo,5,120.47,602.35
S002767,2026,9,27,North,Widget,29,193.11,5600.19
S002768,2026,9,27,West,Gizmo,27,50.44,1361.88
S002769,2026,9,27,East,Gizmo,43,72.27,3107.61
S002770,2026,9,27,West,Gizmo,39,159.84,6233.76
S002771,2026,9,27,North,Gizmo,43,47.33,2035.19
S002772,2026,9,27,North,Gadget,38,13.7,520.6
