transactionId,transactionDate,customerId,productId,quantity
T000001,2026-09-26,C0042,P0003,4
T000002,2026-09-21,C0141,P0033,2
T000003,2026-09-03,C0098,P0017,1
T000004,2026-09-12,C0123,P0024,7
T000005,2026-09-14,C0130,P0046,3
T000006,2026-09-06,C0129,P0017,6
T000007,2026-09-21,C0035,P0043,8
T000008,2026-09-01,C0032,P0029,7
T000009,2026-09-16,C0026,P0013,8
T000010,2026-09-02,C0034,P0011,3
T000011,2026-09-09,C0096,,6
T000012,2026-09-22,C0031,P0046,1
T000013,2026-09-22,C0120,P0014,7
T000014,2026-09-05,C0066,P0050,2
T000015,2026-09-01,C0026,P0050,2
T000016,2026-09-30,C0103,P0036,2
T000017,2026-09-21,C0046,P0040,3
T000018,2026-09-11,C0122,P0007,2
T000019,2026-09-01,C0006,P0044,1
T000020,2026-09-05,C0002,P0009,5
T000021,2026-09-29,C0014,P0023,1
T000022,2026-09-09,C0075,P0029,8
T000023,2026-09-19,C0012,P0050,1
T000024,2026-09-14,C0125,P0040,6
T000025,2026-09-29,C0115,P0041,1
T000026,2026-09-26,C0034,P0049,-1
T000027,2026-09-06,C0114,P0031,8
T000028,2026-09-11,C0056,P0015,3
T000029,2026-09-01,C0012,P0021,5
T000030,2026-09-05,C0013,P0013,1
T000031,2026-09-10,C0002,P0004,8
T000032,2026-09-26,C0032,P0050,3
T000033,2026-09-23,C0067,P0001,5
T000034,2026-09-25,C0114,P0014,2
T000035,2026-09-22,C0014,P0021,7
T000036,2026-09-26,C0070,P0010,4
T000037,2026-09-03,C0041,P0034,2
T000038,2026-09-12,C0076,P0022,5
T000039,2026-09-19,C9123,P0035,2
T000040,2026-09-05,C0088,P0034,3
T000041,2026-09-01,C0021,P0035,2
T000042,2026-09-17,C0127,P0037,8
T000043,2026-09-18,C0077,P0018,8
T000044,2026-09-20,C0051,P0041,8
T000045,2026-09-26,C0096,P0045,2
T000046,2026-09-05,C0006,P0006,5
T000047,2026-09-10,C0005,P0014,3
T000048,2026-09-11,C0043,P0029,3
T000049,2026-09-03,C0109,P0022,1
T000050,2026-09-01,C0142,P0041,4
T000051,2026-09-24,C0115,P0024,1
T000052,2026-09-04,C0147,P0027,5
T000053,2026-09-05,C0056,P9103,8
T000054,2026-09-01,C0073,P0025,3
T000055,2026-09-03,C0005,P0013,7
T000056,2026-09-15,C0142,P0039,8
T000057,2026-09-08,C0093,P0046,-1
T000058,2026-09-27,C0111,P0041,1
T000059,2026-09-15,C0054,P0030,1
T000060,2026-09-13,C0026,P0008,1
T000061,2026-09-19,C0111,P0013,2
T000062,2026-09-30,C0060,P0042,2
T000063,2026-09-08,C0093,P0028,6
T000064,2026-09-24,C0003,P0034,8
T000065,2026-09-25,C0116,P0021,1
T000066,2026-09-25,C0050,P0029,4
T000067,2026-09-27,C0008,P0036,5
T000068,2026-09-21,C0109,P0010,4
T000069,2026-09-29,C0070,P0024,7
T000070,2026-09-07,C0067,P0031,4
T000071,2026-09-24,C0047,P0010,4
T000072,2026-09-28,C0092,P0032,3
T000073,2026-09-06,C0085,P0018,3
T000074,2026-09-19,C0029,P0024,2
T000075,2026-09-29,C0079,P0001,4
T000076,2026-09-14,,P0041,4
T000077,2026-09-06,C0041,P0029,1
T000078,2026-09-27,C0009,P0034,7
T000079,2026-09-21,C0012,P0035,3
T000080,2026-09-09,C0126,P0039,2
T000081,2026-09-05,C0035,P0007,3
T000082,2026-09-29,C0075,P0008,1
T000083,2026-09-08,C0119,P0039,7
T000084,2026-09-09,C0069,P0044,6
T000085,2026-09-03,C0110,P0011,6
T000086,2026-09-15,C0128,P0012,8
T000087,2026-09-11,C0009,P0038,4
T000088,2026-09-04,C0101,P0048,7
T000089,2026-09-09,C0078,P0048,8
T000090,2026-09-28,C0066,P0010,8
T000091,2026-09-17,C0091,P0041,3
T000092,2026-09-21,,P0033,1
T000093,2026-09-30,C0010,P0022,2
T000094,2026-09-28,C0050,P0032,7
T000095,2026-09-04,C0143,P0039,2
T000096,2026-09-14,C0066,P0043,2
T000097,2026-09-28,C0076,,1
T000098,2026-09-12,C0028,P0028,1
T000099,2026-09-24,C0050,P0016,8
T000100,2026-09-14,C0149,P0019,2
T000101,2026-09-05,C0149,P0046,6
T000102,2026-09-06,C0047,P0040,7
T000103,2026-09-13,C0009,P0040,8
T000104,2026-09-29,,P0048,7
T000105,2026-09-09,C0147,P0024,8
T000106,2026-09-06,C0039,P0043,4
T000107,2026-09-21,C0068,P0007,6
T000108,2026-09-17,C0089,P0002,7
T000109,2026-09-15,C0051,P0044,3
T000110,2026-09-01,C0050,P0015,5
T000111,2026-09-19,,P0047,1
T000112,2026-09-30,C0137,P0031,8
T000113,2026-09-21,C0025,P0031,1
T000114,2026-09-15,C0096,P0039,-3
T000115,2026-09-23,C0003,P0037,3
T000116,2026-09-08,C0058,P0040,7
T000117,02/09/2026,C0116,P0003,8
T000118,2026-09-29,C0017,P0001,1
T000119,2026-09-01,C0136,P0012,6
T000120,2026-09-18,C0085,P0028,2
T000121,2026-09-03,C0019,P0033,5
T000122,2026-09-26,C0045,P0002,6
T000123,18/09/2026,C0039,P0022,8
T000124,2026-09-20,C0078,P0045,3
T000125,2026-09-29,C0110,P0021,8
T000126,2026-09-14,C0023,P0029,8
T000127,2026-09-26,C0137,P0017,5
T000128,2026-09-21,C0139,P0028,6
T000129,2026-09-22,C0017,P0044,1
T000130,2026-09-09,C0073,P0008,8
T000131,2026-09-01,C0123,P0027,3
T000132,2026-09-04,C0019,P0027,4
T000133,2026-09-28,C0009,P0009,2
T000134,2026-09-22,C0012,P0029,5
T000135,2026-09-12,C0118,P0038,5
T000136,2026-09-11,C0071,P0005,5
T000137,2026-09-13,C0111,P0021,8
T000138,2026-09-07,C0097,P0013,3
T000139,2026-09-06,C0106,P0014,7
T000140,2026-09-15,C0014,P0039,6
T000141,2026-09-13,C0074,P0045,6
T000142,2026-09-10,C0055,P0019,1
T000143,2026-09-08,C0126,P0027,3
T000144,2026-09-25,C0029,P0005,4
T000145,2026-09-10,C0075,P9863,4
T000146,2026-09-27,C0092,P0031,1
T000147,2026-09-09,C0077,P0035,5
T000148,2026-09-26,C0104,P0032,7
T000149,2026-09-29,C0144,P0050,1
T000150,2026-09-25,C0009,P0003,1
T000151,2026-09-21,C0015,P0042,3
T000152,2026-09-22,C0016,P0045,3
T000153,2026-09-28,C0092,P0044,4
T000154,2026-09-12,C0014,P0034,1
T000155,2026-09-04,C0029,P0030,8
T000156,2026-09-06,C0037,,8
T000157,2026-09-19,C0041,P0003,6
T000158,2026-09-27,C0084,P0008,5
T000159,2026-09-08,C0050,P0045,8
T000160,2026-09-14,C0107,P0025,3
T000161,2026-09-19,C0022,P0036,6
T000162,2026-09-21,C0145,P0008,7
T000163,2026-09-06,C0060,P0044,8
T000164,2026-09-15,C0036,P0040,2
T000165,2026-09-11,C0112,P0043,3
T000166,2026-09-27,C0035,P0001,7
T000167,2026-09-20,C0101,P0033,1
T000168,2026-09-27,C0022,P0033,2
T000169,2026-09-02,C0011,P0047,5
T000170,2026-09-13,C0133,P9663,2
T000171,2026-09-20,C0109,P0038,0
T000172,2026-09-05,C0138,P0008,6
T000173,2026-09-19,C0069,P0010,7
T000174,2026-09-06,C0046,P0015,5
T000175,2026-09-17,C0021,P0018,1
T000176,2026-09-20,C0005,P0042,7
T000177,2026-09-29,C0066,P0017,5
T000178,2026-09-12,C0100,P0015,8
T000179,22/09/2026,C0040,P0048,5
T000180,2026-09-24,C0015,P0036,6
T000181,2026-09-11,,P0044,2
T000182,2026-09-22,C0002,P0046,5
T000183,2026-09-19,C0137,P0009,8
T000184,2026-09-20,C0021,P0038,3
T000185,2026-09-20,C0039,P0004,3
T000186,2026-09-16,C0082,P0045,4
T000187,2026-09-17,C0025,P0009,4
T000188,2026-09-16,C0075,P0004,8
T000189,2026-09-18,C0029,P0005,1
T000190,2026-09-27,C0133,P0044,2
T000191,2026-09-16,C0029,P0015,7
T000192,2026-09-08,C0109,P0001,3
T000193,2026-09-15,C0114,P0013,5
T000194,2026-09-25,C0134,P0037,8
T000195,2026-09-02,C0136,P0030,7
T000196,2026-09-27,C0029,,8
T000197,2026-09-16,C0083,P0020,3
T000198,2026-09-03,C0117,P0014,4
T000199,2026-09-18,C0096,P0007,8
T000200,2026-09-07,C0113,P0019,1
T000201,2026-09-19,C0052,P0014,5
T000202,2026-09-10,C0074,P0012,7
T000203,2026-09-17,C0116,P0023,3
T000204,2026-09-01,C0125,P0044,5
T000205,2026-09-21,C0136,P0043,4
T000206,2026-09-28,,P0016,6
T000207,2026-09-20,C0108,P0046,8
T000208,2026-09-21,C0065,P0011,1
T000209,2026-09-05,C0038,P0048,6
T000205,2026-09-25,C0074,P0022,1
T000211,2026-09-22,C0059,P0041,1
T000212,2026-09-27,C0094,P0015,4
T000213,2026-09-30,C0012,P0038,3
T000214,2026-09-05,C0108,P0029,1
T000215,2026-09-07,C0014,P0025,-3
T000216,2026-09-07,C0105,P0016,3
T000217,2026-09-28,C0097,P0004,8
T000218,2026-09-19,C0070,P9196,1
T000219,2026-09-21,C0145,P0012,3
T000220,2026-09-04,C0030,P0026,5
T000221,2026-09-02,C0057,P0029,5
T000222,2026-09-28,C0031,P0040,7
T000223,2026-09-14,C9608,P0045,1
T000224,2026-09-26,C0019,P0044,1
T000225,2026-09-28,C0089,P0041,4
T000226,2026-09-29,C0010,P0049,7
T000227,2026-09-10,C0108,P0032,5
T000228,2026-09-27,C0047,P0046,5
T000229,2026-09-24,C0122,P0001,2
T000230,2026-09-17,C0041,P0034,5
T000231,2026-09-16,C0049,P0035,6
T000232,2026-09-19,C0094,P0017,3
T000233,2026-09-21,C0074,P0043,1
T000234,2026-09-27,C0055,P0013,2
T000235,2026-09-26,C0143,P0006,8
T000236,2026-09-09,C0031,P0009,6
T000237,2026-09-13,C0019,P0050,5
T000238,2026-09-01,C0101,P0003,2
T000239,2026-09-13,C0053,P0018,6
T000240,2026-09-22,C0100,P0035,4
T000241,2026-09-07,C0090,P0035,4
T000242,2026-09-15,C0010,P0017,5
T000243,2026-09-15,C0022,P0040,5
T000244,2026-09-06,C0090,P0010,5
T000245,2026-09-02,C0056,P0001,3
T000246,2026-09-15,C0049,P0034,6
T000247,2026-09-20,C0057,P0003,4
T000248,2026-09-02,C0004,P0001,1
T000249,22/09/2026,C0105,P0020,8
T000250,2026-09-20,C0113,P0001,4
T000251,2026-09-17,C0047,P0012,4
T000252,2026-09-21,C0075,P0031,8
T000253,2026-09-25,C0145,P0008,3
T000254,2026-09-09,C0086,P0028,8
T000255,2026-09-02,C0001,P0009,6
T000256,2026-09-07,C0116,P9283,5
T000257,2026-09-17,C0044,P0032,8
T000258,2026-09-25,C0110,P0007,7
T000259,2026-09-18,C0031,P0024,4
T000260,2026-09-07,C0089,P0022,2
T000261,2026-09-26,C0058,P0029,6
T000262,2026-09-16,C0033,P0006,8
T000263,2026-09-05,C0122,P0015,6
T000264,2026-09-13,C0100,P0009,3
T000265,2026-09-19,C0101,P0012,1
T000266,2026-09-20,C0004,P0039,4
T000267,2026-09-20,C0074,P0042,6
T000268,2026-09-16,C0054,P0040,5
T000269,2026-09-12,C0070,P0027,6
T000270,2026-09-23,C0014,P0045,7
T000271,2026-09-24,C0032,P0050,8
T000272,2026-09-06,C0012,P0025,5
T000273,2026-09-10,C0123,P0009,5
T000274,2026-09-23,C0139,P0047,7
T000275,2026-09-02,C0047,P0044,8
T000276,2026-09-07,C0001,P0010,7
T000277,2026-09-05,C0011,P0041,6
T000278,2026-09-24,C0133,P0025,6
T000279,2026-09-10,C0147,P0011,8
T000280,2026-09-17,C0117,P0030,4
T000281,2026-09-07,C0066,P0009,3
T000282,2026-09-08,C0021,P0003,8
T000283,2026-09-07,C0124,P0014,1
T000284,2026-09-16,C0097,P0039,7
T000285,2026-09-20,C0116,P0019,1
T000286,2026-09-18,C0142,P0005,3
T000287,2026-09-20,C0046,P0038,8
T000288,2026-09-12,C0127,P0026,8
T000289,2026-09-10,C0097,P0015,7
T000290,2026-09-28,C0121,,6
T000291,2026-09-07,C0060,P0017,3
T000292,2026-09-07,C0117,P0039,8
T000293,2026-09-01,C0031,P0029,7
T000294,2026-09-09,C0001,P0009,6
T000295,2026-09-10,,P0026,3
T000296,2026-09-18,C0074,P0034,8
T000297,2026-09-12,C0141,P0022,5
T000298,2026-09-14,C0099,P0038,5
T000299,2026-09-18,C0117,P0036,5
T000300,2026-09-06,C0144,P0004,4
T000301,2026-09-01,C0010,P0022,6
T000302,2026-09-16,C0036,P0011,4
T000303,2026-09-23,C0074,P0032,2
T000304,2026-09-14,C0086,P0001,8
T000305,2026-09-26,C0086,P0048,6
T000306,2026-09-04,C0076,P0022,6
T000307,2026-09-28,C0030,P0011,5
T000308,2026-09-02,C0093,P0016,7
T000309,2026-09-23,C0092,P0018,3
T000310,2026-09-11,C0012,P0002,1
T000311,2026-09-16,C0090,P0038,8
T000312,2026-09-30,C0142,P0021,6
T000313,2026-09-08,C0083,P0009,8
T000314,2026-09-08,C0134,P0032,7
T000315,2026-09-14,C0013,P0013,6
T000316,2026-09-05,C0098,P0029,7
T000317,2026-09-08,C0021,P0030,6
T000318,2026-09-02,C0021,P0042,5
T000319,2026-09-05,C0129,P0041,4
T000320,2026-09-08,C0147,P0026,8
T000321,2026-09-30,C0069,P0047,8
T000322,2026-09-02,C0059,P0024,1
T000323,2026-09-14,C0009,P0043,8
T000324,2026-09-11,C0105,P0027,5
T000325,2026-09-29,C0101,P0030,5
T000326,2026-09-24,C0011,P0007,5
T000327,2026-09-07,C0058,P0028,7
T000328,2026-09-16,C0029,P0047,4
T000329,2026-09-06,C0113,P0011,2
T000330,2026-09-29,C0033,P0033,5
T000331,2026-09-27,C0117,,3
T000332,2026-09-08,C0033,P0032,8
T000333,2026-09-25,C0077,P0006,4
T000334,2026-09-09,C0063,P0009,2
T000335,2026-09-13,C0017,P0005,5
T000336,2026-09-12,C0082,P0019,3
T000337,2026-09-26,C0034,P0041,4
T000338,2026-09-18,C0060,P0040,3
T000339,2026-09-06,C0128,P0019,6
T000340,20/09/2026,C0078,P0014,2
T000341,2026-09-26,C0023,P0045,7
T000342,2026-09-20,C0111,P0014,1
T000343,2026-09-02,C0013,P0029,6
T000344,2026-09-07,C0098,P0046,4
T000345,2026-09-04,C0049,P0039,2
T000346,2026-09-01,C0018,P0035,8
T000347,2026-09-28,C0146,P0046,7
T000348,2026-09-08,C0099,P0044,5
T000349,2026-09-28,C0136,P0008,7
T000350,2026-09-15,C0121,P0048,3
T000351,2026-09-12,C0011,P0016,6
T000352,2026-09-08,C0029,P0002,6
T000353,2026-09-02,C0123,P0040,2
T000354,2026-09-11,C0077,P0004,8
T000355,2026-09-15,C0095,P0006,1
T000356,2026-09-14,C0125,P0047,5
T000357,2026-09-06,C0042,P0008,5
T000358,2026-09-22,C0019,P0046,1
T000359,2026-09-10,,P0039,5
T000360,2026-09-30,C0017,P0038,2
T000361,2026-09-08,C0141,P0027,5
T000362,2026-09-19,C0092,P0012,8
T000363,2026-09-24,C0028,P0049,6
T000364,2026-09-24,C0132,P0038,6
T000365,2026-09-01,C0009,P0012,2
T000366,2026-09-18,C0048,P0015,3
T000367,2026-09-18,C0013,P0008,8
T000368,2026-09-07,C0106,P0027,1
T000369,2026-09-10,C0146,P0024,6
T000370,2026-09-02,C0119,P0036,2
T000371,2026-09-10,C0130,P0007,7
T000372,2026-09-12,C0101,P0023,4
T000373,2026-09-12,C0108,P0030,6
T000374,2026-09-11,C0013,P0013,6
T000375,2026-09-02,C0121,P0006,4
T000376,2026-09-16,C0085,P0020,6
T000377,2026-09-15,C0027,P0021,8
T000378,2026-09-14,C0111,P0007,8
T000379,2026-09-16,C0076,P0012,7
T000380,2026-09-03,C0108,P0025,5
T000381,2026-09-10,C0057,P0047,8
T000382,2026-09-07,C0057,P0021,4
T000383,2026-09-30,C0021,P0013,2
T000384,2026-09-19,C0140,P0010,4
T000385,2026-09-28,C0081,P0031,-3
T000386,2026-09-16,C0133,P0034,6
T000387,2026-09-07,C0111,P0028,3
T000388,2026-09-08,C0052,P0022,8
T000389,2026-09-28,C0146,P0018,1
T000390,2026-09-12,C0091,P0005,7
T000391,2026-09-18,C0072,P0048,6
T000392,2026-09-04,C0126,P9696,4
T000393,2026-09-25,C0016,P0035,4
T000394,2026-09-17,C0136,P0049,7
T000395,2026-09-09,C0012,P0025,8
T000396,2026-09-09,C0014,P0001,7
T000397,2026-09-02,C0109,P0036,4
T000398,2026-09-29,C0143,P0047,2
T000399,2026-09-09,C0082,P0029,6
T000400,2026-09-30,C0023,P0046,6
T000401,2026-09-11,C0049,P0050,7
T000402,2026-09-29,C0020,P0043,8
T000403,2026-09-02,C0117,P0026,5
T000404,2026-09-07,C0023,P0035,8
T000405,2026-09-19,C0074,P0049,3
T000406,2026-09-30,C0148,P0044,6
T000407,2026-09-06,C0144,P0008,6
T000408,2026-09-28,C0091,P0048,3
T000409,2026-09-04,C0140,P0035,6
T000410,2026-09-05,C0068,P0020,7
T000411,2026-09-02,C0125,P0045,7
T000412,2026-09-12,C0054,P0029,1
T000413,2026-09-26,C0009,P9621,3
T000414,2026-09-05,C0089,P0028,3
T000415,2026-09-06,C0081,P0049,1
T000416,2026-09-25,C0143,P0043,7
T000417,2026-09-19,C0050,P0015,1
T000418,2026-09-23,C0077,P0021,4
T000419,2026-09-11,C0122,P0049,3
T000420,2026-09-17,C0148,P0018,2
T000421,2026-09-17,C0134,P0016,5
T000422,2026-09-21,C0015,P0017,8
T000423,2026-09-20,C0024,P0028,6
T000424,2026-09-15,C0088,P0012,7
T000425,2026-09-05,C0078,P0047,4
T000426,2026-09-04,C0096,P0042,1
T000427,2026-09-07,C0058,P0020,1
T000428,2026-09-04,C0121,P0019,3
T000429,2026-09-11,C0070,P0008,3
T000430,2026-09-17,C0046,,8
T000431,2026-09-02,C0001,P0029,4
T000432,2026-09-25,C0054,P0018,6
T000433,2026-09-07,C0051,P0022,7
T000434,2026-09-23,C0059,P0020,7
T000435,2026-09-21,C0087,P0031,8
T000436,2026-09-22,C0036,P0014,7
T000437,2026-09-05,C0085,P0030,4
T000438,2026-09-04,C0098,P0037,-1
T000439,2026-09-21,C0083,P0006,3
T000440,2026-09-27,C0005,P0038,3
T000441,2026-09-15,C0113,P0045,4
T000442,2026-09-17,C0110,P0010,7
T000443,2026-09-22,C0053,P0027,3
T000444,2026-09-15,C0007,P0026,1
T000445,23/09/2026,C0006,P0011,1
T000446,2026-09-22,C0149,P0045,1
T000447,2026-09-18,C0051,P0042,2
T000448,2026-09-02,C0063,P0032,7
T000449,2026-09-09,C0137,P0002,3
T000450,2026-09-28,C0065,P0019,4
T000451,2026-09-08,C0020,P0013,3
T000452,2026-09-18,C0002,P0032,4
T000453,2026-09-02,C0056,P0032,7
T000454,2026-09-22,C0009,P0018,6
T000455,2026-09-16,C0099,P0039,8
T000456,2026-09-27,C0130,P0049,3
T000457,2026-09-04,C0002,P0037,5
T000458,2026-09-22,C0024,P0008,6
T000459,2026-09-01,C0134,P0007,5
T000460,2026-09-01,C0105,P0026,5
T000461,2026-09-20,C0004,P0022,2
T000462,2026-09-15,C0074,P0039,1
T000463,2026-09-20,C9371,P0009,3
T000464,2026-09-19,C0111,P0041,7
T000465,2026-09-11,C0136,P0022,2
T000466,2026-09-17,C0109,P0030,6
T000467,2026-09-29,C0085,P0013,4
T000468,2026-09-17,C0109,P0030,4
T000469,2026-09-25,C0025,P0016,-3
T000470,2026-09-21,C0014,P0043,8
T000471,2026-09-11,C0077,P0046,2
T000472,2026-09-16,C0102,P0033,1
T000473,2026-09-29,C0005,P0031,6
T000474,2026-09-04,C0097,P0042,1
T000475,2026-09-15,C0058,P0042,3
T000476,2026-09-26,C0049,P0023,2
T000477,2026-09-03,C0113,P0009,1
T000478,2026-09-19,C0143,P0044,6
T000479,2026-09-17,C0036,,3
T000480,2026-09-01,C9760,P0039,7
T000481,2026-09-25,C0021,P0008,1
T000482,2026-09-17,C0057,P0010,6
T000483,2026-09-30,C0012,P9850,4
T000484,2026-09-17,C0013,P0025,8
T000485,2026-09-06,C0009,P0049,6
T000486,2026-09-20,C0073,P0011,6
T000487,2026-09-12,C0006,P0037,6
T000488,2026-09-29,C0120,P0003,4
T000489,2026-09-05,C0099,P0011,6
T000490,2026-09-26,C0031,P0007,2
T000491,2026-09-02,C0066,P0001,6
T000492,2026-09-24,C9714,P0047,8
T000493,2026-09-26,C0096,P0020,6
T000494,2026-09-18,C0128,P0017,2
T000495,2026-09-17,C0130,P0031,6
T000496,2026-09-04,C0132,P0036,5
T000497,2026-09-23,C0046,P0029,6
T000498,2026-09-23,C0063,P0050,7
T000499,2026-09-09,C0053,P0048,1
T000500,2026-09-30,C0043,P0023,1
T000501,2026-09-13,C0146,P0006,3
T000502,2026-09-11,C0111,P0027,8
T000503,2026-09-11,C0145,P0046,6
T000504,2026-09-06,C0002,P0040,4
T000505,2026-09-11,C0045,P0023,4
T000506,2026-09-11,C0123,P0010,4
T000507,2026-09-27,C0022,P0037,8
T000508,2026-09-09,C0113,P0023,3
T000509,2026-09-19,C0076,P0021,1
T000510,2026-09-15,C0131,P0021,-3
T000511,2026-09-11,C0040,P0028,4
T000512,2026-09-29,C0108,P0011,3
T000513,2026-09-17,,P0033,8
T000514,2026-09-15,C0136,P0030,5
T000515,2026-09-17,C0084,P0021,8
T000516,2026-09-06,C0134,P0028,3
T000517,2026-09-17,C0017,P0045,7
T000518,2026-09-13,C0071,P0042,4
T000519,2026-09-02,C0005,P0005,5
T000520,2026-09-29,C0012,P0003,2
T000521,2026-09-14,C0066,P0038,8
T000522,2026-09-18,C0148,P0049,1
T000523,2026-09-06,C0113,P0001,2
T000524,2026-09-02,C0089,P0044,2
T000525,2026-09-22,C0117,P0004,4
T000526,2026-09-28,C0107,P0041,2
T000527,2026-09-10,C0078,P0047,3
T000528,2026-09-26,C0020,P0045,1
T000529,2026-09-26,C0091,P0047,5
T000530,2026-09-19,C0112,P0045,7
T000531,2026-09-06,C0110,P0029,7
T000532,2026-09-27,C0066,P0027,7
T000533,2026-09-08,C0078,P0043,4
T000534,2026-09-21,C0085,P0019,1
T000535,2026-09-24,C0140,P0030,8
T000536,2026-09-15,C0124,P0027,4
T000537,2026-09-07,C0126,P0030,7
T000538,2026-09-24,C0072,P0015,1
T000539,2026-09-05,C0047,P0010,7
T000540,2026-09-21,C0024,P0003,6
T000541,2026-09-06,C0072,P0021,2
T000542,2026-09-24,C0026,P0008,6
T000543,2026-09-24,C0021,P0023,1
T000544,2026-09-08,C0142,P0027,8
T000545,2026-09-09,C0057,P0041,3
T000546,2026-09-23,C0091,P0011,1
T000547,2026-09-20,C0060,P0027,5
T000548,2026-09-08,C0109,P0023,2
T000549,2026-09-07,C0045,P0022,1
T000550,2026-09-06,C0047,P0038,7
T000551,2026-09-04,C0039,P0031,2
T000552,2026-09-22,C0142,P0048,7
T000553,2026-09-15,C0135,P0041,1
T000554,2026-09-26,C0050,P0020,7
T000555,2026-09-08,C0020,P0039,8
T000556,2026-09-21,C0030,P0010,3
T000557,2026-09-17,C9212,P0020,7
T000558,2026-09-02,C0067,P0012,5
T000559,2026-09-27,C0067,P0043,1
T000560,2026-09-17,C0117,P0024,7
T000561,2026-09-11,C0118,P0040,1
T000550,2026-09-19,C0083,P0017,1
T000563,2026-09-25,C0081,P0031,5
T000564,2026-09-28,C0139,P0011,2
T000565,2026-09-18,C0101,P0042,7
T000566,2026-09-05,C0115,P0037,7
T000567,2026-09-25,C0060,P0040,2
T000568,2026-09-15,C0014,P0004,1
T000569,2026-09-27,C9651,P0048,1
T000570,2026-09-10,C0088,P0048,6
T000571,2026-09-20,C0121,P0047,8
T000572,2026-09-15,C0083,P0005,1
T000573,2026-09-20,C0124,P0021,5
T000574,2026-09-25,C0050,P0002,8
T000575,2026-09-01,C0053,P0032,8
T000576,2026-09-29,C0064,P0017,2
T000577,2026-09-28,C0131,P0030,5
T000578,2026-09-02,C0042,P0035,7
T000579,2026-09-12,C0108,P0050,2
T000580,2026-09-02,C0093,P0003,4
T000581,2026-09-30,C0030,P0022,3
T000582,2026-09-21,C0120,P0027,8
T000583,2026-09-28,C0011,P0001,6
T000584,2026-09-28,C0141,P0034,6
T000585,2026-09-20,C0032,P0030,7
T000586,2026-09-27,C0010,P0037,8
T000587,2026-09-23,C0091,P0036,8
T000588,2026-09-07,C0016,P0041,2
T000589,2026-09-15,C0130,P0019,7
T000590,2026-09-27,C0111,P0018,6
T000591,2026-09-02,C0080,P0032,8
T000592,2026-09-15,C0093,P0011,4
T000593,2026-09-18,C0072,P0008,7
T000594,2026-09-11,C0050,P0048,2
T000595,2026-09-16,C0104,P0002,5
T000596,2026-09-08,C0104,P0007,5
T000597,2026-09-05,C0129,P0002,8
T000598,2026-09-20,C0007,P0026,5
T000599,2026-09-29,C0072,P0033,4
T000600,2026-09-09,C0110,P0001,8
T000601,2026-09-12,C0142,P0030,2
T000602,2026-09-30,,P0021,1
T000603,2026-09-11,C0057,P0008,2
T000604,2026-09-29,C0027,P0021,6
T000605,2026-09-06,C0073,P0002,1
T000606,2026-09-11,C0021,P0021,2
T000585,2026-09-29,C0092,P0031,1
T000608,2026-09-29,C0060,P0031,5
T000609,2026-09-23,C0057,P0035,8
T000610,2026-09-28,C0042,P0001,2
T000611,2026-09-28,C0060,P0047,7
T000612,2026-09-18,C0015,P0037,4
T000613,2026-09-18,C0051,P0023,4
T000614,2026-09-03,C0018,P0032,1
T000615,2026-09-21,C0053,P0024,5
T000616,2026-09-18,C0019,P0032,2
T000617,2026-09-04,C0080,P0015,5
T000618,2026-09-02,C0030,P0022,7
T000619,2026-09-11,C0128,P0011,7
T000620,2026-09-02,C0022,P0025,4
T000621,2026-09-16,C0133,P0038,5
T000622,2026-09-26,C0011,P0024,7
T000623,2026-09-27,C0139,P0009,8
T000624,2026-09-05,C0014,P0047,5
T000625,2026-09-23,C0069,P0017,4
T000626,2026-09-07,C0136,P0016,3
T000627,2026-09-24,C0091,P0032,0
T000628,2026-09-15,C0137,P0020,8
T000629,2026-09-08,C0007,P0024,4
T000630,2026-09-04,C0141,P0032,5
T000631,2026-09-25,C0069,P0020,7
T000632,2026-09-23,C0077,P0012,7
T000633,2026-09-22,C0046,P0030,8
T000634,2026-09-07,C0122,P0046,8
T000635,2026-09-04,C0110,P0019,2
T000636,2026-09-12,C0038,P0001,3
T000637,2026-09-07,C0062,P0038,8
T000638,2026-09-25,C0134,P0015,1
T000639,2026-09-04,C0070,P0042,5
T000640,2026-09-14,C0120,P0009,6
T000641,2026-09-21,C0051,P0015,2
T000642,2026-09-06,C0127,P0029,8
T000643,2026-09-27,C0029,P0035,5
T000644,2026-09-01,C0135,P0001,2
T000645,2026-09-21,C0021,P0011,7
T000646,2026-09-13,C0041,P0030,6
T000647,2026-09-26,C0101,P0043,7
T000648,2026-09-24,C0133,P0019,4
T000649,2026-09-01,C0046,P0041,4
T000650,2026-09-06,C0001,P0029,8
T000651,2026-09-12,C0061,P0046,6
T000652,2026-09-12,C0045,P0030,2
T000653,2026-09-21,C0019,P0014,2
T000654,2026-09-16,C0067,P0037,4
T000655,2026-09-05,C0035,P0029,2
T000656,2026-09-18,C0118,P0026,6
T000657,2026-09-20,C0132,P0049,4
T000658,2026-09-25,C0104,P0006,8
T000659,2026-09-28,C0008,P0033,7
T000660,2026-09-14,C0038,P0005,4
T000661,2026-09-22,C0149,P0017,8
T000662,2026-09-25,C0142,P0003,1
T000663,2026-09-21,C0026,P0021,7
T000664,2026-09-06,C0049,P9865,7
T000665,2026-09-30,C0087,P0009,4
T000666,2026-09-08,C0063,P0036,2
T000667,2026-09-03,C0100,P0013,8
T000668,2026-09-27,C0010,P0034,1
T000669,2026-09-21,C0029,P0013,7
T000670,2026-09-25,C0142,P0036,1
T000671,2026-09-08,C0022,P0030,3
T000672,2026-09-07,C0141,P0017,7
T000673,2026-09-01,,P0043,4
T000674,2026-09-06,C0147,P0009,5
T000675,2026-09-24,C0100,P0016,6
T000676,2026-09-02,C0027,P0008,8
T000677,2026-09-17,C0107,P0029,2
T000678,2026-09-21,C0034,P0046,1
T000679,2026-09-17,C0101,P0015,6
T000680,2026-09-02,C0027,P0018,7
T000681,2026-09-05,C0106,P9602,3
T000682,2026-09-18,C0111,P0033,7
T000683,2026-09-07,C0046,P0022,8
T000684,2026-09-28,C0055,P0017,3
T000685,2026-09-01,C0086,P0039,3
T000686,2026-09-14,C0027,P0044,2
T000687,2026-09-19,C0126,P0001,7
T000688,2026-09-20,C0123,P0008,6
T000689,2026-09-17,C0150,P0024,4
T000690,2026-09-06,C0089,P0027,6
T000691,2026-09-13,C0082,P0019,2
T000692,2026-09-03,C0022,P0027,4
T000693,2026-09-11,C0149,P0047,5
T000694,2026-09-12,C0136,P0031,6
T000695,2026-09-03,C0132,P0004,4
T000696,2026-09-02,C0075,P0009,4
T000697,2026-09-13,C0040,P0012,6
T000698,2026-09-29,C0150,P0024,7
T000699,2026-09-24,C0018,P0021,4
T000700,2026-09-21,C0077,P0001,7
T000701,2026-09-23,C0074,P0007,4
T000702,2026-09-07,C0006,P0015,6
T000703,2026-09-25,C0109,P0013,6
T000704,2026-09-19,C0084,P0012,8
T000705,2026-09-08,C0067,P0048,5
T000706,2026-09-24,C0005,P0029,3
T000707,2026-09-23,C0060,P0007,2
T000708,2026-09-30,C0057,P0046,3
T000709,2026-09-24,C0063,P0037,7
T000710,2026-09-25,C0043,P0036,7
T000711,2026-09-15,C0119,P0034,3
T000712,2026-09-24,C0120,P0012,8
T000713,2026-09-19,C0010,P0014,8
T000714,2026-09-15,C0039,P0039,5
T000715,2026-09-09,C0070,P9245,3
T000716,2026-09-08,C0113,P0027,8
T000717,2026-09-15,C0078,P0003,2
T000718,2026-09-22,C0007,P0036,6
T000719,2026-09-30,C0028,P0009,8
T000720,2026-09-26,C0033,P0048,1
T000721,2026-09-09,C0002,P0017,6
T000722,2026-09-01,C0063,P0034,6
T000723,2026-09-19,C0070,P0040,4
T000724,2026-09-25,C0061,P0006,1
T000725,2026-09-15,C0079,P0033,4
T000726,2026-09-19,C0058,P0044,5
T000727,2026-09-29,C0082,P0030,4
T000728,2026-09-18,C0046,P0038,8
T000729,2026-09-26,C9669,P0017,5
T000730,2026-09-02,C0124,P0034,5
T000731,2026-09-07,C0043,P0002,8
T000732,2026-09-18,C0050,P0013,2
T000733,2026-09-11,C0029,P0012,5
T000734,2026-09-18,C0121,P9291,4
T000735,2026-09-10,C0058,P0010,5
T000736,2026-09-15,C0127,P0033,7
T000737,2026-09-02,C0018,P0029,2
T000738,2026-09-07,C0115,P0014,4
T000739,2026-09-29,C0091,P0007,5
T000740,2026-09-14,C0034,P0037,8
T000741,2026-09-21,C0132,P0031,2
T000742,2026-09-20,C0024,P0008,6
T000743,2026-09-08,C0127,P0003,3
T000744,2026-09-18,C0117,P0031,5
T000745,2026-09-22,C0150,P0033,1
T000746,2026-09-19,C0108,P0005,8
T000747,2026-09-29,C0102,P0031,3
T000748,2026-09-06,C0123,P0013,3
T000749,2026-09-22,C0001,P0047,7
T000750,2026-09-29,C0077,P0038,5
T000751,2026-09-03,C0144,P0005,4
T000752,2026-09-22,C0015,P0025,5
T000753,2026-09-18,C0070,P0036,1
T000754,2026-09-08,C0065,P0021,5
T000755,2026-09-11,C0067,P0033,5
T000756,2026-09-01,C0019,P0046,4
T000757,2026-09-23,C0031,P0007,1
T000758,2026-09-08,C0089,P0014,2
T000759,2026-09-26,C0142,P0017,6
T000760,2026-09-11,C0122,P0041,7
T000746,2026-09-29,C0075,P0035,6
T000762,2026-09-28,C0084,P0041,3
T000763,2026-09-27,C0074,P0024,1
T000764,2026-09-08,C0047,P0012,5
T000765,2026-09-08,C0033,P0046,3
T000766,2026-09-23,C0025,P0047,4
T000767,2026-09-28,C0137,P0027,1
T000768,2026-09-13,C0033,P9903,4
T000769,2026-09-07,C0043,P0033,5
T000770,2026-09-08,C0055,P0006,4
T000771,2026-09-30,C0050,P0032,2
T000772,2026-09-07,C0060,P0012,1
T000773,2026-09-23,C0004,P0011,5
T000774,2026-09-29,C0094,,3
T000775,2026-09-22,C0078,P0015,4
T000776,2026-09-19,C0146,P0015,8
T000777,2026-09-28,C0026,P0019,1
T000778,2026-09-27,C0060,P0009,7
T000779,2026-09-16,C0070,P0022,6
T000780,2026-09-30,C0090,P0041,5
T000781,2026-09-21,C0129,P0006,1
T000782,2026-09-26,C0085,P0046,2
T000783,2026-09-27,C0061,P0047,1
T000784,2026-09-19,C0099,P0041,4
T000785,2026-09-08,C0142,P0049,6
T000786,2026-09-03,C0029,P0036,4
T000787,2026-09-15,C0056,P0028,4
T000788,2026-09-13,C0097,P0011,4
T000789,2026-09-21,C0124,P0049,-1
T000790,2026-09-04,C0127,P0030,5
T000791,2026-09-11,C0007,P0015,1
T000792,2026-09-09,C0088,P0036,3
T000793,2026-09-03,C0060,P0008,4
T000794,2026-09-03,C0124,P0012,2
T000795,2026-09-09,C0039,P0007,4
T000796,2026-09-12,C0121,P0016,6
T000797,2026-09-08,C0059,P0006,6
T000798,2026-09-01,C0044,P0026,8
T000799,2026-09-06,C0071,P0043,3
T000800,2026-09-13,C0084,P0029,6
T000801,2026-09-10,C0073,P0032,1
T000802,2026-09-18,C0053,P0018,7
T000803,2026-09-26,C0071,P9478,5
T000804,2026-09-11,C0009,P0033,5
T000805,2026-09-04,C0079,P0029,5
T000806,2026-09-05,C0055,P0045,1
T000807,2026-09-01,C0064,P0002,5
T000808,2026-09-12,C0134,P0015,4
T000809,2026-09-23,C0053,P0001,2
T000810,2026-09-18,C0064,P0047,7
T000811,2026-09-25,C0036,P0004,8
T000812,2026-09-13,C0026,P0005,5
T000813,2026-09-30,C0062,P0020,5
T000814,2026-09-03,C0120,P0041,2
T000815,2026-09-22,C0078,P0038,8
T000816,2026-09-19,C0015,P0038,8
T000817,2026-09-26,C0111,P0031,1
T000818,2026-09-23,C0146,P0044,1
T000819,2026-09-24,C0073,P0006,8
T000820,2026-09-15,C0058,P0037,7
T000821,03/09/2026,C0088,P0023,3
T000822,2026-09-22,C0001,P0036,6
T000823,2026-09-03,C0032,P0029,5
T000824,2026-09-08,C0101,P0032,7
T000825,2026-09-19,C0020,P0031,4
T000826,2026-09-30,C0015,P0032,5
T000827,2026-09-01,C0148,P0006,1
T000828,2026-09-16,C0073,P0050,6
T000829,2026-09-24,C0143,P0030,1
T000830,2026-09-30,C0103,P0005,6
T000831,2026-09-01,C0021,P0006,1
T000832,2026-09-30,C0083,P0045,5
T000833,2026-09-23,C0141,P0008,4
T000834,2026-09-04,C0123,P0039,3
T000835,2026-09-29,C0002,P0006,3
T000836,2026-09-25,C0126,P0001,2
T000837,2026-09-09,C0117,P0040,2
T000838,2026-09-30,C0101,P0003,8
T000839,2026-09-08,C0046,P0031,4
T000840,2026-09-12,C0061,P0042,4
T000841,2026-09-16,C0089,P0038,4
T000842,2026-09-06,C0105,P0015,8
T000843,2026-09-07,C0013,P0040,2
T000844,2026-09-10,C0134,P0023,5
T000845,2026-09-05,C0014,P0032,4
T000846,2026-09-25,C0139,P0012,8
T000847,2026-09-25,C0019,P0029,1
T000848,2026-09-26,C0060,P0043,3
T000849,2026-09-26,C0115,P0024,6
T000850,2026-09-25,C0009,P0031,4
T000851,2026-09-28,C0138,P0018,2
T000852,2026-09-14,C0066,P0012,2
T000853,2026-09-18,C0076,P0036,3
T000854,2026-09-27,C0020,P0021,5
T000855,2026-09-08,,P0006,8
T000856,2026-09-02,C0001,P0031,7
T000848,2026-09-11,C0022,P0015,6
T000858,2026-09-16,C0143,P0012,1
T000859,2026-09-05,C0104,P0049,1
T000860,2026-09-28,C0089,P0010,6
T000861,2026-09-02,C0112,P0040,1
T000862,2026-09-21,C0077,P0013,5
T000863,2026-09-18,C0029,P0045,8
T000864,2026-09-14,C0027,P0022,7
T000865,2026-09-13,C0014,P0022,5
T000866,2026-09-23,C0007,P0033,6
T000867,2026-09-14,C0035,P0006,7
T000868,2026-09-26,C0074,P0037,2
T000869,2026-09-27,C0028,P0042,3
T000870,2026-09-08,C0132,P0022,1
T000871,2026-09-15,C0039,P0048,7
T000872,2026-09-04,C0061,P0013,5
T000873,2026-09-10,C0005,P0040,4
T000874,2026-09-24,C0085,P0016,3
T000875,2026-09-20,C0058,P0036,7
T000876,2026-09-20,C0106,P0029,1
T000877,2026-09-16,C0020,P0017,4
T000878,2026-09-07,C0037,P0017,2
T000879,2026-09-28,C0021,P0027,3
T000880,2026-09-02,C0007,P0025,4
T000881,2026-09-23,C0026,P0015,5
T000882,2026-09-03,C0067,P0025,6
T000883,2026-09-15,C0064,P0008,3
T000884,2026-09-06,C0071,P0050,1
T000881,2026-09-21,C0033,P0041,2
T000886,2026-09-14,C0072,P0049,6
T000887,2026-09-25,C0020,P0010,4
T000888,2026-09-30,C0143,P0012,6
T000889,2026-09-08,C0145,P0036,5
T000890,2026-09-06,C0040,P0035,5
T000891,2026-09-15,C0018,,1
T000892,2026-09-16,C0141,P0046,1
T000893,2026-09-27,C0089,P0004,7
T000894,2026-09-12,C0047,P0005,8
T000895,2026-09-27,C0031,P0001,1
T000896,2026-09-13,C0119,P0022,6
T000897,2026-09-05,C0122,P0022,1
T000898,2026-09-17,C0102,P0008,5
T000899,2026-09-05,C0045,P0004,2
T000900,2026-09-03,C0087,P0011,3
T000901,2026-09-12,C0079,P0006,3
T000902,2026-09-14,C0004,P0045,2
T000903,2026-09-28,C0134,P0004,5
T000904,2026-09-22,C0050,P0039,8
T000905,2026-09-24,C0143,P0047,8
T000906,2026-09-03,C0111,P0044,1
T000907,2026-09-15,C0048,P0015,2
T000908,2026-09-30,C0113,P0001,8
T000909,2026-09-16,C0118,P0028,4
T000910,2026-09-09,C0039,P0031,2
T000911,2026-09-21,C0019,P0019,7
T000912,11/09/2026,C0040,P0049,3
T000913,2026-09-01,C0046,P0025,6
T000914,2026-09-07,C0011,P0028,7
T000915,2026-09-05,C0129,P0025,3
T000916,2026-09-01,C0055,P0038,2
T000917,2026-09-10,,P0002,4
T000918,2026-09-13,C0148,P0032,7
T000919,2026-09-08,C0022,P0032,1
T000920,2026-09-12,C0122,P0030,7
T000921,2026-09-28,C0080,P0006,3
T000922,2026-09-12,C0128,P0031,1
T000923,2026-09-25,C0134,P0041,4
T000924,2026-09-17,C0147,P0001,1
T000925,2026-09-10,C0048,P0049,8
T000926,2026-09-10,C0086,P0037,1
T000927,2026-09-26,C0127,P0007,-1
T000928,2026-09-01,C0115,P0025,2
T000929,2026-09-15,C0014,P0015,4
T000930,2026-09-06,C0077,P0044,4
T000931,2026-09-09,C0130,P0011,1
T000932,2026-09-26,C0120,P0020,8
T000933,2026-09-02,,P0045,2
T000934,2026-09-30,C0008,P0044,1
T000935,2026-09-20,C0006,P9144,6
T000936,2026-09-20,C0135,P0047,2
T000937,2026-09-14,C0138,P0002,1
T000938,2026-09-07,C0129,P0004,4
T000939,2026-09-22,C0027,P0026,2
T000940,2026-09-11,C0049,P0016,7
T000941,2026-09-18,C0069,P0032,3
T000942,2026-09-07,C0067,P0038,2
T000943,2026-09-07,C0146,P0046,7
T000944,2026-09-18,C0141,P0017,8
T000945,2026-09-21,C0136,P0004,1
T000946,2026-09-22,C0037,P0026,2
T000947,2026-09-02,C0022,P0029,5
T000948,2026-09-24,C0002,P0017,8
T000949,2026-09-20,C0108,P0014,6
T000950,2026-09-17,C0042,P0028,5
T000951,2026-09-03,C0031,P0010,1
T000952,2026-09-29,C0098,P0023,5
T000953,2026-09-26,,P0006,5
T000954,2026-09-02,C0098,P0007,4
T000955,2026-09-12,C0130,P0042,7
T000956,2026-09-03,C0074,P0007,1
T000957,2026-09-09,C0150,P0002,8
T000941,2026-09-09,C0063,P0019,7
T000959,2026-09-03,C0094,P0042,5
T000960,2026-09-08,C0012,P0030,2
T000961,2026-09-08,C0147,P0018,1
T000962,2026-09-22,C0052,P0021,6
T000963,2026-09-27,C0115,P0032,3
T000964,2026-09-14,C0145,P0014,8
T000965,2026-09-20,C0062,P0016,2
T000966,2026-09-29,C0043,P0026,4
T000967,2026-09-01,C0024,P0017,7
T000968,2026-09-04,C0146,P0047,6
T000969,2026-09-22,C0034,P0033,5
T000970,2026-09-24,C0039,P0033,7
T000971,2026-09-01,C0110,P0016,5
T000972,2026-09-21,C0034,P0039,2
T000973,2026-09-02,C0003,P0037,8
T000974,2026-09-30,C0147,P0023,3
T000959,2026-09-11,C0087,P0002,5
T000976,2026-09-20,C0042,P0031,5
T000977,2026-09-08,C0023,P0048,5
T000978,2026-09-26,C0128,P0001,2
T000979,2026-09-22,C0051,P0021,5
T000980,2026-09-24,C0069,P0041,4
T000981,2026-09-09,C0077,P9158,8
T000982,2026-09-11,C0106,P0019,3
T000983,2026-09-02,,P0017,8
T000984,2026-09-06,C0063,P0013,5
T000985,2026-09-03,C0042,P0001,8
T000986,2026-09-04,C0073,P0028,5
T000987,2026-09-06,C0033,P0017,3
T000988,2026-09-02,C0073,P0018,1
T000989,2026-09-19,,P0023,4
T000990,2026-09-14,,P0009,4
T000991,2026-09-07,C0120,P0034,4
T000992,2026-09-27,C0006,P9684,3
T000993,2026-09-22,C0029,P0023,2
T000994,2026-09-13,C0079,P0027,1
T000995,2026-09-20,C0147,P0033,1
T000996,2026-09-29,C0081,P0026,7
T000997,2026-09-03,C0084,P0020,3
T000998,2026-09-16,C0060,P0023,4
T000999,2026-09-12,C0059,P0020,4
T001000,2026-09-17,C0066,P0046,6
T001001,2026-09-28,C0125,P0045,1
T001002,2026-09-23,,P0030,4
T000955,2026-09-29,C0141,P0023,4
T001004,2026-09-11,C0141,P0002,4
T001005,2026-09-01,C0020,P0001,-1
T001006,2026-09-01,C0061,P0035,4
T001007,2026-09-23,C0143,P0021,6
T001008,2026-09-21,C0087,P0033,0
T001009,2026-09-09,C0118,P0004,4
T001010,2026-09-26,C0015,P0038,2
T001011,2026-09-12,C0014,P0021,1
T001012,2026-09-20,C0033,P0026,3
T001013,08/09/2026,C0039,P0023,8
T001014,2026-09-16,C0103,P0005,7
T001015,2026-09-16,C0042,P0026,1
T001016,2026-09-08,C0148,P0004,3
T001017,2026-09-17,C0097,P0003,3
T001018,2026-09-01,C0072,P0038,4
T001019,2026-09-26,C0047,P0042,3
T001020,2026-09-08,C0149,P0028,5
T001021,2026-09-17,C0118,P0025,3
T001022,2026-09-02,C0029,P0028,-1
T001023,2026-09-20,C0118,P0039,6
T001024,2026-09-20,C0103,P0030,7
T001025,2026-09-20,C0017,P0014,5
T001026,2026-09-02,C0099,P0009,4
T001027,2026-09-26,C0093,P0033,2
T001028,2026-09-16,C0033,P0029,2
T001029,2026-09-19,C0068,P0021,5
T001030,2026-09-27,C0024,P0044,3
T001031,2026-09-16,C0102,P0004,8
T001032,2026-09-22,C0143,P0002,5
T001033,2026-09-06,C0009,P0015,2
T001034,2026-09-28,,P0044,2
T001035,2026-09-10,C0081,P0030,4
T001036,2026-09-22,C0131,P0043,1
T001037,2026-09-14,C0065,P0041,8
T001038,2026-09-23,C0099,P0048,5
T001039,2026-09-13,C0057,P0023,1
T001040,2026-09-03,C0098,P0046,8
T001041,2026-09-15,C0080,P0031,5
T001042,2026-09-08,C0065,P9806,4
T001043,2026-09-16,C0107,P0034,1
T001044,2026-09-15,C0017,P9110,7
T001045,2026-09-16,C0133,P0048,6
T001046,2026-09-17,C0131,P0006,4
T001047,2026-09-02,C0064,P0002,2
T001048,2026-09-06,C0086,P0004,7
T001049,2026-09-22,C0012,P0025,5
T001050,2026-09-25,C0131,P0028,2
T001051,2026-09-12,C0023,P0020,7
T001052,2026-09-27,C0043,P0005,2
T001053,2026-09-06,C0017,P0031,4
T001054,2026-09-01,C0012,P0022,4
T001055,2026-09-19,C0074,P0019,2
T001056,2026-09-23,,P0016,3
T001057,2026-09-12,C0118,P0044,1
T001058,2026-09-17,C0051,P0043,8
T001059,2026-09-09,C0150,P0015,5
T001060,2026-09-02,C0007,P0042,5
T001061,2026-09-04,C0053,P0031,3
T001062,2026-09-23,C0088,P0007,4
T001063,2026-09-25,C0105,P0044,8
T001064,2026-09-19,C0142,P0029,2
T001065,2026-09-06,C0128,P0024,6
T001066,2026-09-29,C0147,P0028,6
T001067,2026-09-24,C0069,P0026,2
T001068,2026-09-08,C0052,P0017,7
T001069,2026-09-19,C0058,P0008,5
T001070,2026-09-10,C0077,P0034,4
T001071,2026-09-29,C0035,P0044,5
T001072,2026-09-21,C0150,P0010,3
T001073,2026-09-24,C0013,P0003,7
T001074,2026-09-13,,P0019,2
T001075,2026-09-01,C0115,P0030,8
T001076,2026-09-25,C0029,P0044,8
T001077,2026-09-14,C0128,P0040,6
T001078,2026-09-03,C0026,P0006,3
T001079,2026-09-12,C0088,P0024,7
T001080,2026-09-29,C0003,,4
T001081,2026-09-04,C0074,P0007,2
T001082,2026-09-29,C0076,P0004,5
T001083,2026-09-22,C0090,P0036,1
T001084,2026-09-19,C0036,P0039,4
T001085,2026-09-01,C0014,P0021,4
T001057,2026-09-19,C0011,P0019,8
T001087,2026-09-17,C0128,P0044,3
T001088,2026-09-07,C0063,P0039,3
T001089,2026-09-28,C0133,P0037,0
T001090,2026-09-20,C0003,P0040,7
T001091,2026-09-02,C0066,P0044,6
T001092,2026-09-01,C0078,P0008,8
T001093,2026-09-13,C0141,P0033,2
T001094,2026-09-05,C0146,P0041,8
T001095,2026-09-06,C0145,P0025,2
T001096,2026-09-14,C0097,P0008,7
T001097,2026-09-05,C0037,P0003,5
T001098,2026-09-20,C0096,P0041,3
T001099,2026-09-10,C0079,P0041,6
T001100,2026-09-05,C0062,P0048,7
T001101,2026-09-18,C0119,P0011,5
T001102,2026-09-17,C0049,P0022,8
T001103,2026-09-29,C0147,P0036,2
T001104,2026-09-27,C0015,P0023,8
T001105,2026-09-01,C0038,P0011,1
T001106,2026-09-05,C0009,P0014,3
T001107,04/09/2026,C0110,P0023,8
T001108,2026-09-24,C9722,P0045,8
T001109,2026-09-14,C0056,P0048,7
T001110,2026-09-14,C0048,P0033,3
T001111,2026-09-23,C0050,P0017,2
T001112,2026-09-30,C0012,P0048,4
T001113,2026-09-17,C0038,P0047,3
T001114,2026-09-27,C0066,P0017,3
T001115,2026-09-30,C0134,P0026,6
T001116,2026-09-11,C0110,P0048,7
T001117,2026-09-17,C0109,P0007,8
T001118,2026-09-01,C0048,P0027,1
T001119,2026-09-15,C0124,P0028,6
T001120,2026-09-13,C0078,P0014,8
T001121,2026-09-10,C0097,P0043,8
T001122,2026-09-18,C0134,P0022,5
T001123,2026-09-11,C0028,P0014,5
T001124,2026-09-13,C0138,P0027,4
T001125,2026-09-12,C0107,P0031,8
T001126,2026-09-09,C0065,P0005,4
T001127,2026-09-28,C0126,P0016,3
T001128,2026-09-07,C0135,P0012,5
T001129,2026-09-25,C0082,P0032,6
T001130,2026-09-13,C0022,P0047,5
T001131,2026-09-02,C0091,P0017,2
T001132,2026-09-21,C0105,P0012,2
T001133,2026-09-04,C9582,P0016,1
T001134,2026-09-10,C0078,P0046,1
T001135,2026-09-09,C0056,P0036,3
T001136,2026-09-03,,P0021,2
T001137,2026-09-09,C0111,P0015,5
T001138,2026-09-09,C0129,P0025,5
T001139,2026-09-08,C0130,P0015,4
T001140,2026-09-23,C0124,P0029,3
T001141,2026-09-24,C0111,P0011,6
T001104,2026-09-30,C0028,P0004,2
T001143,2026-09-08,C0134,P0006,7
T001144,2026-09-27,C0116,P0042,1
T001145,2026-09-17,C0144,P0013,8
T001146,2026-09-19,C0004,P0039,8
T001147,2026-09-26,C0142,P0018,2
T001148,2026-09-12,C0009,P0007,1
T001149,2026-09-07,C0094,P0011,1
T001150,2026-09-16,C0025,P0042,1
T001151,2026-09-16,C0044,P0025,1
T001152,2026-09-24,C0003,P0002,4
T001153,2026-09-24,C0084,P0027,1
T001154,2026-09-04,C0096,P0048,7
T001155,2026-09-13,C0137,P0043,8
T001156,2026-09-20,C0008,P0026,3
T001157,2026-09-07,C0070,P0046,2
T001158,2026-09-09,C0043,P0040,2
T001159,2026-09-11,C0053,P0026,7
T001160,2026-09-16,C0116,P0048,8
T001161,2026-09-07,C0061,P0044,7
T001162,2026-09-21,C0074,P0017,8
T001163,2026-09-16,C0105,P9367,8
T001164,2026-09-29,C0004,P0033,2
T001165,2026-09-25,C0071,P0032,8
T001166,2026-09-26,C0130,P0046,8
T001167,2026-09-21,C0100,P0001,8
T001168,2026-09-23,C0017,P0032,2
T001169,2026-09-21,C0104,P0016,2
T001170,2026-09-12,C0147,P0038,2
T001171,2026-09-22,C0026,P0012,8
T001172,2026-09-18,C0114,P0019,7
T001173,2026-09-28,C0149,P0048,4
T001174,2026-09-15,C0023,P0026,5
T001175,2026-09-18,C0080,P0041,8
T001176,2026-09-05,C0142,P0041,8
T001177,2026-09-23,C0049,P0008,5
T001178,2026-09-02,C0005,P0039,8
T001179,2026-09-04,C0129,P0019,2
T001180,2026-09-18,C0118,P0034,6
T001181,2026-09-06,C0012,P0047,8
T001182,2026-09-24,C0014,P0048,6
T001183,2026-09-04,C0063,P0013,5
T001184,2026-09-10,C0118,P0014,4
T001185,2026-09-30,C0144,P0002,8
T001186,2026-09-21,,P0008,2
T001187,2026-09-06,C0105,P0036,8
T001188,2026-09-21,C0106,P0050,3
T001189,2026-09-23,C0045,P0031,6
T001190,2026-09-30,C0019,P0043,2
T001191,2026-09-26,C0124,P0011,3
T001192,2026-09-04,C0122,P0003,2
T001193,2026-09-10,C0055,P0003,1
T001194,14/09/2026,C0037,P0032,4
T001195,2026-09-07,C0098,P0001,7
T001196,2026-09-14,C0121,P0036,3
T001197,2026-09-06,C0075,P0050,8
T001198,2026-09-16,C0048,P0046,7
T001199,2026-09-30,C0111,P0029,-1
T001200,2026-09-28,C0086,P0011,3
T001201,2026-09-23,C0003,P0003,3
T001202,2026-09-03,C9262,P0027,6
T001203,2026-09-25,C0032,P0005,4
T001204,2026-09-25,C0004,P0029,5
T001205,2026-09-04,C0103,P0009,4
T001206,2026-09-21,C0088,P0045,7
T001207,2026-09-24,C0003,P0008,2
T001208,2026-09-03,C0136,P0033,5
T001209,2026-09-10,C0066,P0035,5
T001210,2026-09-21,C0054,P0034,3
T001211,2026-09-20,C0058,P0050,4
T001212,2026-09-18,C0104,P0014,5
T001213,2026-09-23,C0029,P0049,8
T001214,2026-09-16,C0054,P0003,8
T001215,2026-09-01,C0107,P0037,2
T001216,2026-09-13,C0059,P0049,5
T001217,2026-09-28,C0072,P0018,3
T001218,2026-09-02,C0019,P0022,6
T001219,2026-09-04,C0051,P0020,4
T001220,2026-09-19,C0092,P0043,8
T001221,2026-09-26,C0042,P0037,6
T001222,2026-09-07,C0050,P0020,1
T001223,2026-09-12,C0075,P0038,3
T001224,2026-09-08,C0096,P0002,4
T001225,2026-09-18,C0022,P0050,3
T001226,2026-09-01,C0064,P0025,1
T001227,2026-09-04,C0046,P0025,5
T001228,2026-09-10,C0012,P9712,1
T001229,2026-09-18,C0145,P0016,4
T001230,2026-09-24,C0023,P0019,6
T001231,2026-09-06,C0040,P0034,3
T001232,2026-09-06,C0111,P0011,1
T001233,2026-09-23,C9121,P0009,6
T001234,2026-09-15,C0112,P0045,3
T001235,2026-09-08,C0102,P0033,2
T001236,2026-09-18,C0017,P0004,5
T001237,2026-09-26,C0144,P0024,8
T001238,2026-09-27,C0041,P0010,6
T001239,2026-09-20,C0004,P0010,4
T001240,2026-09-04,,P0021,8
T001241,2026-09-24,C0044,P0036,8
T001242,2026-09-07,C0059,P0021,8
T001243,2026-09-04,C0130,P0011,6
T001244,2026-09-29,C0100,P0002,7
T001245,2026-09-03,C0001,P0044,4
T001246,2026-09-28,C0144,P0007,3
T001247,2026-09-27,C0087,P0032,1
T001248,2026-09-09,C0150,P0024,6
T001249,2026-09-16,C0075,P0039,2
T001250,2026-09-21,C0150,P0006,5
T001251,2026-09-20,C0133,P0041,3
T001252,2026-09-25,C0042,P0041,6
T001253,2026-09-01,C0007,,6
T001254,2026-09-22,C0120,P0020,3
T001255,2026-09-20,C0113,P0042,8
T001256,2026-09-27,C0095,P0025,4
T001257,2026-09-17,C0060,P0022,7
T001258,2026-09-19,C0035,P0025,7
T001259,2026-09-20,C0076,P0027,3
T001260,2026-09-01,C0035,P0028,7
T001261,2026-09-19,C0150,P0003,2
T001262,2026-09-20,C0124,P0047,3
T001263,2026-09-18,C0139,P0008,8
T001264,2026-09-27,C0059,P0040,8
T001265,2026-09-12,C0043,P0041,6
T001266,2026-09-29,C0128,P0028,2
T001267,06/09/2026,C0065,P0037,5
T001268,2026-09-27,C0128,P0001,2
T001269,2026-09-12,C0114,P0009,8
T001270,2026-09-01,,P0047,3
T001271,2026-09-09,C0131,P0018,3
T001272,2026-09-12,C0110,P0007,8
T001273,2026-09-03,C0133,P0049,4
T001274,2026-09-09,C0142,P0044,8
T001275,2026-09-20,C0099,P0043,6
T001276,2026-09-19,C0086,P0004,7
T001277,2026-09-25,C0078,P0007,5
T001278,2026-09-30,C0092,P0016,1
T001279,2026-09-13,C0125,P0043,2
T001280,2026-09-18,C0038,P0046,1
T001281,2026-09-01,C0134,P0002,5
T001282,2026-09-08,C0004,P0011,6
T001283,2026-09-09,C0133,P0049,2
T001284,2026-09-19,C0090,P0012,1
T001285,2026-09-24,C0044,P0027,4
T001286,2026-09-30,C0039,P0029,8
T001287,2026-09-22,C0009,P0016,4
T001288,2026-09-24,C0125,P0019,7
T001289,2026-09-19,C0142,P0021,2
T001290,2026-09-28,C0124,P0028,7
T001291,2026-09-14,C0094,P0039,8
T001292,2026-09-19,C0121,P0025,4
T001293,2026-09-28,C0086,P0010,1
T001294,2026-09-26,C0004,P0032,5
T001295,2026-09-13,C0027,P0040,1
T001296,2026-09-29,C0122,P0029,6
T001297,2026-09-22,C0076,P0041,2
T001298,2026-09-10,C0026,P0010,3
T001299,2026-09-30,C0002,P0017,5
T001300,2026-09-05,C0080,P0028,4
T001301,2026-09-19,C0063,P0049,5
T001302,2026-09-07,C0098,P0040,5
T001303,2026-09-23,C0114,P0041,1
T001304,2026-09-15,C0065,P0007,1
T001305,2026-09-27,C0035,P0008,3
T001306,2026-09-13,C0074,P0028,3
T001307,2026-09-08,C0075,P0035,1
T001308,2026-09-04,C0107,P0038,3
T001309,2026-09-19,C0032,P0013,1
T001310,2026-09-27,C0010,P0026,6
T001311,14/09/2026,C0079,P0015,7
T001312,2026-09-16,C0134,P0045,2
T001313,2026-09-14,C0119,P0004,8
T001314,2026-09-24,C0074,P0047,2
T001315,2026-09-12,C0035,P0047,4
T001316,2026-09-10,C0004,P0001,2
T001317,2026-09-29,C0010,P0036,4
T001318,2026-09-18,C0019,P0023,4
T001319,2026-09-26,C0007,P0003,8
T001320,2026-09-04,C0088,P0039,5
T001321,2026-09-25,C0007,P0012,6
T001322,2026-09-20,C0049,P0016,7
T001323,2026-09-14,C0030,P0002,5
T001324,2026-09-21,C0077,P0007,6
T001325,2026-09-29,C0028,P0015,1
T001326,2026-09-29,C0097,P0046,6
T001327,2026-09-12,C0097,,3
T001328,2026-09-15,C0008,P0008,8
T001329,2026-09-01,C0051,P0029,8
T001330,2026-09-13,C0090,P0031,7
T001331,2026-09-01,C0104,P0011,1
T001307,2026-09-16,C0143,P0012,3
T001333,2026-09-28,C0105,P0012,4
T001334,2026-09-24,C0065,P0014,3
T001335,2026-09-16,C0046,P0046,3
T001336,2026-09-22,C0061,P0026,6
T001337,2026-09-01,C0098,P0040,2
T001338,2026-09-17,C0024,P0034,2
T001339,2026-09-18,C0025,P0016,2
T001340,2026-09-03,C0127,P0002,1
T001341,2026-09-17,C0033,P0037,5
T001342,2026-09-30,C0084,P0044,6
T001343,2026-09-07,C0132,P0017,7
T001344,2026-09-29,C0018,P0021,6
T001345,2026-09-06,C0107,P0037,3
T001346,2026-09-23,C0096,P0007,8
T001347,2026-09-26,C0047,P0029,5
T001348,2026-09-18,C0006,P0030,8
T001349,2026-09-22,C0047,P0033,4
T001350,2026-09-18,C0090,P0012,3
T001351,2026-09-10,C0135,P0046,5
T001352,2026-09-21,C9867,P0027,1
T001353,2026-09-19,C0042,P0022,6
T001354,2026-09-16,C0101,P0045,3
T001355,2026-09-16,C0108,P0015,6
T001356,2026-09-09,C0089,P0003,4
T001357,2026-09-13,C0016,P0008,5
T001358,2026-09-25,C0021,P0032,7
T001359,2026-09-08,C0055,P0022,1
T001360,2026-09-30,C0111,P0017,7
T001361,2026-09-25,C0140,P0048,5
T001362,2026-09-19,C0100,P0033,2
T001363,2026-09-22,C0097,P0016,7
T001364,2026-09-01,C0003,P0025,2
T001365,2026-09-01,C0112,P0032,7
T001366,2026-09-18,C0150,P0040,3
T001367,2026-09-13,C0130,P0028,0
T001368,13/09/2026,C0044,P0013,6
T001369,2026-09-05,C0096,P0046,6
T001370,2026-09-26,C0007,P0033,6
T001371,2026-09-16,C0149,P0030,5
T001372,2026-09-24,C0125,P0008,1
T001373,2026-09-10,C0137,P0022,3
T001374,2026-09-04,C0074,P0033,6
T001375,2026-09-21,C0085,P0008,6
T001376,2026-09-24,C0142,P0017,1
T001377,2026-09-06,C0067,P0015,5
T001378,2026-09-01,C0114,P0020,3
T001379,2026-09-23,C0077,P0037,3
T001380,2026-09-27,C0011,P0041,5
T001381,2026-09-05,C0070,P0036,3
T001382,2026-09-08,C0019,P0005,3
T001383,2026-09-21,C0082,P0012,5
T001384,2026-09-08,C0010,P0030,3
T001385,2026-09-11,C0099,P0038,7
T001386,2026-09-02,C0066,P0011,3
T001387,2026-09-05,C0097,P0003,2
T001388,2026-09-23,C0119,P0049,6
T001389,2026-09-19,C0112,P0046,5
T001390,2026-09-04,C0051,P0004,4
T001391,2026-09-28,C0114,P0033,1
T001392,2026-09-04,C0044,P0025,7
T001393,2026-09-14,C0123,P0013,5
T001394,2026-09-13,C0047,P0046,3
T001395,2026-09-13,C0098,P0026,6
T001396,2026-09-25,C0047,P0022,1
T001397,2026-09-09,C9124,P0032,3
T001398,2026-09-20,C0097,P0030,5
T001357,2026-09-03,C0008,P0036,8
T001400,2026-09-16,C0014,P0011,5
T001401,2026-09-09,C0058,P0028,2
T001402,2026-09-01,C0126,P0034,3
T001403,2026-09-17,C0115,P0022,2
T001404,2026-09-12,C0012,P0044,6
T001405,2026-09-15,C9702,P0039,5
T001406,2026-09-03,C0075,P9237,3
T001407,2026-09-17,C0108,P0022,8
T001366,2026-09-07,C0095,P0033,7
T001409,2026-09-26,C0029,P0045,8
T001410,2026-09-06,C0013,P0018,7
T001411,2026-09-17,C0134,P0018,6
T001412,2026-09-27,C0046,P0035,5
T001413,2026-09-10,C0032,P0034,6
T001414,2026-09-16,C0142,P0030,6
T001415,2026-09-26,C0141,P0006,6
T001416,2026-09-29,C0023,P0027,1
T001417,2026-09-02,C0095,P0014,8
T001418,2026-09-18,C0045,P0050,6
T001419,2026-09-14,C0001,P0004,8
T001420,2026-09-12,C0018,P0003,4
T001421,2026-09-21,C0024,P0030,7
T001422,2026-09-07,C0126,,4
T001423,2026-09-29,C0026,P0048,8
T001424,2026-09-23,C0111,P0037,3
T001425,2026-09-10,C0122,P0012,6
T001426,2026-09-25,C0050,P0011,7
T001427,2026-09-22,C0015,P0007,4
T001428,2026-09-08,C0107,P0021,3
T001429,2026-09-04,C0035,P0029,1
T001430,2026-09-20,,P0003,2
T001431,2026-09-01,C0040,P0038,2
T001432,2026-09-07,C0096,P0018,3
T001433,2026-09-02,C0084,P0039,5
T001434,2026-09-24,C0101,P0010,7
T001435,2026-09-14,C0048,P0031,1
T001436,2026-09-19,C0079,P0044,5
T001437,2026-09-10,C0059,P0022,2
T001438,2026-09-26,C0032,P0044,3
T001439,2026-09-20,C0100,P0037,3
T001440,2026-09-24,C0121,P0041,2
T001441,2026-09-03,C0141,P0031,3
T001442,2026-09-26,C0110,P0009,4
T001443,2026-09-12,C0126,P0044,6
T001444,2026-09-01,C0027,P0026,7
T001445,2026-09-30,C0110,P0029,5
T001446,2026-09-05,C0118,P0037,4
T001447,2026-09-09,C0139,P0015,3
T001448,2026-09-01,C0147,P0015,7
T001449,2026-09-14,C0049,P0044,7
T001450,2026-09-27,C0095,P0036,3
T001451,2026-09-10,C0035,P0009,8
T001452,2026-09-05,C0108,P0027,7
T001453,2026-09-11,C0074,P0007,6
T001454,2026-09-04,C0017,P0044,5
T001455,2026-09-11,C0093,P0034,7
T001456,2026-09-12,C0009,P0034,2
T001457,2026-09-27,C0067,P0027,1
T001458,2026-09-29,C0098,P0004,5
T001459,2026-09-20,C0040,P0036,8
T001460,2026-09-23,C0141,P0013,6
T001461,2026-09-29,C0112,P0022,6
T001462,2026-09-22,C0054,P0003,8
T001463,2026-09-30,C0057,P0012,8
T001464,2026-09-20,C0130,P0023,2
T001465,2026-09-12,C0073,P0011,8
T001466,2026-09-27,C0003,P0004,5
T001467,2026-09-04,C0135,P0049,5
T001468,2026-09-27,C0114,P0042,7
T001469,2026-09-07,C9591,P0038,8
T001470,2026-09-03,C0129,P0038,5
T001471,2026-09-19,,P0050,7
T001472,2026-09-10,C0120,P0050,5
T001473,2026-09-19,C0010,P0031,2
T001474,2026-09-12,C0125,P0029,3
T001475,2026-09-28,C0010,P0003,1
T001476,2026-09-13,C0084,P0038,1
T001477,2026-09-25,C0122,P0029,5
T001478,2026-09-12,C0129,P0012,4
T001479,2026-09-28,C0016,P0034,4
T001480,2026-09-19,C0067,P0018,1
T001481,2026-09-11,C0121,P0045,2
T001482,2026-09-06,C0074,P0034,5
T001483,2026-09-01,C0149,P0003,2
T001484,2026-09-07,C0037,,5
T001485,2026-09-03,C0081,P0001,1
T001486,2026-09-17,C0069,P0028,7
T001487,2026-09-14,C0063,P0020,6
T001488,2026-09-10,C0018,P0001,6
T001489,2026-09-03,C0051,P0045,2
T001490,2026-09-20,C0011,P0050,4
T001491,2026-09-03,C0070,P0034,5
T001492,2026-09-12,C0045,P0047,3
T001493,2026-09-08,C0035,P0026,7
T001494,2026-09-05,C0147,P0011,1
T001495,2026-09-18,C0144,P0050,5
T001496,2026-09-22,C0018,P0048,4
T001497,2026-09-16,C0014,P0008,3
T001498,2026-09-05,C0127,P0009,6
T001499,2026-09-12,C0060,P0004,3
T001500,2026-09-17,,P0007,7
T001501,2026-09-04,C0038,P0033,4
T001502,2026-09-25,C0055,P0035,8
T001503,2026-09-01,C0091,P0016,3
T001504,2026-09-05,C0119,P0030,8
T001505,2026-09-30,C0005,P0031,4
T001473,2026-09-10,C0108,P0017,8
T001507,2026-09-04,C0019,P0040,3
T001508,2026-09-04,C0106,P0017,1
T001509,2026-09-27,C0031,P0041,6
T001510,2026-09-22,C0104,P0009,8
T001511,2026-09-20,C9846,P0013,6
T001512,2026-09-30,C0112,P0042,4
T001513,2026-09-20,C0115,P0047,4
T001514,2026-09-09,C0047,P0013,8
T001515,2026-09-15,C0036,P0035,2
T001516,2026-09-05,C0045,P0036,8
T001517,2026-09-01,C0149,P0018,5
T001518,2026-09-25,C0056,P0046,7
T001519,2026-09-29,C0073,P0045,6
T001520,2026-09-17,C0136,P0026,7
T001521,2026-09-09,C0112,P0042,2
T001522,2026-09-09,C0017,P0029,1
T001523,2026-09-28,C0038,P0045,4
T001524,2026-09-16,C0094,P0017,2
T001525,2026-09-10,C0133,P0004,3
T001526,2026-09-22,C0144,P0035,8
T001527,2026-09-04,,P0038,3
T001528,2026-09-15,C0085,P0025,3
T001529,2026-09-14,C0060,P0040,2
T001530,2026-09-16,C0103,P0012,6
T001531,2026-09-09,C0090,P0032,6
T001532,2026-09-20,C0045,P0012,7
T001533,2026-09-08,C0092,P0026,1
T001534,2026-09-02,C0150,P0041,7
T001535,2026-09-28,C0089,P0019,4
T001536,2026-09-26,C0025,P0014,3
T001537,2026-09-29,C0085,P0015,6
T001538,2026-09-10,C0103,P0042,5
T001539,2026-09-16,C0009,P0036,4
T001540,2026-09-03,C0006,P0049,7
T001541,2026-09-02,C0144,P0007,8
T001542,2026-09-29,C0122,P0032,4
T001539,2026-09-08,C0068,P0014,3
T001544,2026-09-16,C0143,P0001,3
T001545,2026-09-06,C0035,P0002,6
T001546,2026-09-01,C0071,P0036,4
T001547,2026-09-29,C0104,P0035,1
T001548,2026-09-05,C0055,P0037,8
T001549,20/09/2026,C0048,P0012,8
T001550,2026-09-15,C0087,P0040,4
T001551,2026-09-26,C0054,P0036,2
T001552,2026-09-10,C0042,P0003,3
T001553,2026-09-30,C0109,P0006,4
T001554,2026-09-14,C0149,P0004,8
T001555,2026-09-17,C0080,P0026,7
T001556,2026-09-30,C0052,P0048,7
T001557,2026-09-16,C0039,P0008,3
T001558,2026-09-18,C0147,P0013,8
T001559,2026-09-16,C0037,P0018,6
T001560,2026-09-07,C0016,P0035,2
T001561,2026-09-18,C0134,P0016,1
T001562,2026-09-17,C0110,P0037,7
T001563,2026-09-01,C0068,P0039,7
T001564,2026-09-26,C0100,P0010,7
T001565,2026-09-07,C0054,P0048,4
T001566,2026-09-21,C0090,P0049,5
T001567,2026-09-25,C0148,P0040,4
T001568,2026-09-10,,P0022,8
T001569,2026-09-14,C0012,P0002,4
T001570,2026-09-15,C0144,P0045,7
T001571,2026-09-19,,P0042,5
T001572,2026-09-18,C0116,P0017,3
T001573,2026-09-21,C0128,P0032,4
T001574,2026-09-09,C0014,P0020,6
T001575,2026-09-15,C0066,P0028,8
T001576,2026-09-08,C0104,P0030,8
T001577,2026-09-05,C0129,P0044,8
T001578,2026-09-05,C0009,P0032,6
T001579,2026-09-22,C0120,P0039,8
T001580,2026-09-29,C0073,P9743,4
T001581,2026-09-26,C0005,P0037,4
T001582,2026-09-20,C0061,P0025,2
T001583,2026-09-13,C0053,P0019,7
T001584,2026-09-06,C0144,P0045,5
T001585,2026-09-09,C0085,P0017,5
T001586,2026-09-28,C0126,P0005,4
T001587,2026-09-19,C0097,P0022,-1
T001588,2026-09-25,C0095,P0043,7
T001589,2026-09-29,C0081,P0038,4
T001590,2026-09-30,C0128,P0003,3
T001591,2026-09-08,C0104,P0001,2
T001592,2026-09-24,C0073,P0038,2
T001593,2026-09-20,C0122,P0032,2
T001594,2026-09-22,C0115,P0050,7
T001595,2026-09-04,C0102,P0042,8
T001596,17/09/2026,C0094,P0022,5
T001597,2026-09-02,C0113,P0014,8
T001598,2026-09-23,C0119,P0049,3
T001599,2026-09-19,C0045,P0049,3
T001600,2026-09-22,C0076,P0033,7
T001601,2026-09-03,C0121,P0004,4
T001602,2026-09-13,C0093,P0042,8
T001603,2026-09-29,C0020,P0029,1
T001604,2026-09-06,C0101,P0029,3
T001605,2026-09-01,C0004,P0045,8
T001606,2026-09-29,C0050,P0002,3
T001607,2026-09-22,C0072,P0048,7
T001608,2026-09-04,C0055,P0048,8
T001609,2026-09-15,C0090,P0014,-1
T001610,2026-09-16,C0120,,7
T001611,2026-09-16,C0094,P0030,8
T001612,2026-09-18,C0098,P0026,3
T001613,2026-09-20,C0074,P0029,5
T001614,2026-09-15,C0012,P0004,4
T001615,2026-09-13,C0125,P0050,7
T001616,2026-09-27,C0040,P0016,8
T001617,2026-09-21,C0089,P0032,3
T001618,2026-09-15,C0052,P0032,3
T001619,2026-09-28,C0062,P0046,6
T001620,2026-09-20,C0084,,5
T001621,2026-09-02,C0012,P0044,4
T001622,2026-09-22,C0003,P0012,3
T001623,2026-09-13,C0043,P0033,1
T001624,2026-09-17,C0055,P0042,6
T001625,2026-09-02,C0121,P0029,3
T001626,2026-09-22,C0064,P9564,6
T001627,2026-09-10,C0130,P9358,3
T001628,2026-09-28,C0022,P0036,-1
T001629,2026-09-09,C0047,P0014,1
T001630,2026-09-19,C0007,,1
T001631,2026-09-06,C0092,P0050,7
T001632,2026-09-30,C0092,P0017,4
T001633,2026-09-24,C0066,P9966,1
T001634,2026-09-06,C0114,P0031,5
T001635,2026-09-29,C0065,P0026,4
T001636,2026-09-29,C0034,P0024,7
T001637,2026-09-29,C0097,P0036,8
T001638,2026-09-15,C0017,P0041,1
T001639,2026-09-08,C0052,P9888,3
T001640,2026-09-26,C0014,P0004,8
T001641,2026-09-12,C0121,P0039,8
T001642,2026-09-22,C0134,P0006,1
T001643,2026-09-20,C0065,P0009,2
T001644,2026-09-12,C0050,P0019,5
T001645,2026-09-12,C0064,P0037,2
T001646,2026-09-21,C0063,P0033,6
T001647,2026-09-17,C0121,P0033,1
T001648,2026-09-30,C0015,P0021,5
T001649,2026-09-27,C9226,P0015,8
T001650,2026-09-24,C0082,P0037,3
T001651,2026-09-27,C0071,P0049,7
T001652,2026-09-28,C0137,P0009,7
T001653,2026-09-29,C0087,P0021,5
T001654,2026-09-01,C0029,P0005,5
T001655,2026-09-27,C0023,P0019,1
T001656,2026-09-26,C0105,P0015,1
T001657,2026-09-07,C0016,P0034,2
T001658,2026-09-29,C0144,P0016,8
T001659,2026-09-20,C0133,P0029,3
T001660,2026-09-18,C0054,P0019,6
T001661,2026-09-05,C0075,P0004,4
T001662,2026-09-03,C0111,P0033,6
T001663,2026-09-25,C0134,P0005,4
T001664,2026-09-11,C0105,P0001,1
T001665,2026-09-21,C0019,P0001,6
T001666,2026-09-02,C0087,,6
T001667,2026-09-28,C0051,P0009,5
T001668,2026-09-18,C0008,P0027,5
T001669,2026-09-27,C0067,P0030,7
T001670,2026-09-29,C0116,P0008,4
T001671,2026-09-22,C0087,P0021,6
T001672,2026-09-03,C0011,P0022,2
T001673,2026-09-16,C0053,P0021,7
T001674,2026-09-04,C0077,,7
T001675,2026-09-10,C0056,P0023,8
T001676,2026-09-28,C0058,P0027,3
T001677,2026-09-20,C0072,P0026,1
T001678,2026-09-20,C0124,P0006,6
T001679,2026-09-03,C0093,P0009,8
T001680,2026-09-02,C0018,P0025,3
T001681,2026-09-23,C0116,P0005,3
T001682,2026-09-12,C0016,P0017,3
T001683,2026-09-22,C0071,P0027,2
T001684,2026-09-26,C0141,P0008,1
T001685,2026-09-26,C0149,P0008,3
T001686,2026-09-16,C0039,P0021,2
T001687,2026-09-18,C0121,P0017,3
T001688,2026-09-15,C0057,P0015,2
T001689,2026-09-22,C0003,P0025,5
T001690,2026-09-28,C0097,P0025,2
T001691,2026-09-26,C0046,P0008,8
T001692,2026-09-05,C0014,P0003,1
T001693,2026-09-08,C0018,P0045,3
T001694,2026-09-02,C0029,P0049,8
T001695,2026-09-08,C0092,P0012,3
T001696,2026-09-07,C0049,P0021,6
T001697,2026-09-18,C0054,P0017,6
T001698,2026-09-06,C0048,P0010,7
T001699,2026-09-24,C0070,P0010,3
T001700,2026-09-16,C0032,,8
T001701,2026-09-08,C0024,P0022,3
T001702,2026-09-08,C0006,P0043,6
T001703,2026-09-01,C0014,P0028,6
T001704,2026-09-11,C0124,P0043,6
T001705,2026-09-29,C0100,P0039,2
T001706,2026-09-18,C0099,P0024,1
T001707,2026-09-03,C0108,P0047,6
T001708,2026-09-08,C0082,P0023,6
T001709,2026-09-07,C0036,P0050,6
T001710,2026-09-26,C0056,P0008,6
T001711,2026-09-26,C0130,P0048,8
T001712,2026-09-06,C0065,P0010,6
T001713,2026-09-16,C0059,P0008,4
T001714,2026-09-14,C0016,P0035,4
T001715,2026-09-15,C0133,P9497,8
T001716,2026-09-23,C0038,P0010,4
T001717,2026-09-26,C0038,P0050,8
T001718,2026-09-19,C0088,P0047,3
T001719,2026-09-16,,P0040,2
T001720,2026-09-17,C0011,P0021,3
T001721,2026-09-08,C0005,P0040,5
T001722,2026-09-26,C0108,P0048,2
T001723,2026-09-09,C0015,P0013,6
T001724,2026-09-25,C0078,P0035,4
T001725,2026-09-24,C0044,P0001,7
T001726,2026-09-17,C0120,P0002,2
T001727,2026-09-16,C0112,P0012,5
T001728,2026-09-30,C0062,P0032,4
T001729,2026-09-27,C0038,P0017,7
T001730,2026-09-06,C0055,P0043,2
T001731,2026-09-12,C0130,P0048,5
T001706,2026-09-03,C0128,P0040,5
T001733,2026-09-04,C0076,P0026,7
T001734,2026-09-29,C0111,P0020,4
T001735,2026-09-26,C0037,P0017,1
T001736,2026-09-12,C0094,P0042,5
T001737,2026-09-28,C0149,P0033,3
T001738,2026-09-07,C0049,P0037,1
T001739,2026-09-02,C0092,P0034,7
T001740,2026-09-23,C0005,P0031,3
T001741,2026-09-09,C0015,P0009,7
T001742,2026-09-08,C0086,P0024,6
T001743,2026-09-27,C0140,,2
T001744,2026-09-15,C0015,P0007,6
T001745,2026-09-30,C0046,P0016,7
T001746,2026-09-14,C0097,P0042,6
T001747,2026-09-11,C0102,P0019,1
T001748,18/09/2026,C0141,P0028,7
T001749,2026-09-06,C0021,P0031,4
T001750,2026-09-21,C0067,P0018,4
T001751,2026-09-09,C0032,P0039,4
T001752,2026-09-28,C0121,P0015,8
T001753,2026-09-13,C0059,P0028,8
T001754,2026-09-24,C0001,P0043,6
T001755,2026-09-13,C0014,P0014,4
T001756,2026-09-26,C0149,P0013,7
T001757,2026-09-16,C0089,P0002,4
T001758,2026-09-05,C0002,P0025,7
T001759,2026-09-17,C0099,P0033,7
T001760,2026-09-21,C0081,P0020,2
T001761,2026-09-09,C0113,P0031,8
T001762,2026-09-22,C0136,P0036,1
T001763,2026-09-11,C0080,P0008,4
T001764,2026-09-17,C0075,P0035,3
T001765,2026-09-18,,P0046,3
T001766,2026-09-20,C0062,P0022,8
T001767,2026-09-21,C0038,P0011,-1
T001768,2026-09-23,C0057,P0034,4
T001769,2026-09-23,C0085,P0040,1
T001770,2026-09-27,C0070,P0021,6
T001771,2026-09-24,C0145,P0042,7
T001772,2026-09-25,C0065,P0022,5
T001773,2026-09-14,C0051,P0021,4
T001774,2026-09-17,C0070,P0011,1
T001775,2026-09-29,C0085,P0041,3
T001776,2026-09-11,C0041,P0038,2
T001777,2026-09-18,C0127,,7
T001778,2026-09-13,C0015,P0024,7
T001779,2026-09-04,C0052,P0045,3
T001780,2026-09-17,C0097,P0027,7
T001781,2026-09-28,C0078,P0043,4
T001782,2026-09-03,C0080,P0044,1
T001783,2026-09-05,C0091,P0048,2
T001784,2026-09-01,C0106,P0005,7
T001785,2026-09-19,C0052,P0050,3
T001786,2026-09-04,C0095,P0025,1
T001787,2026-09-04,C0036,P0004,7
T001788,2026-09-19,C0023,P0023,4
T001789,2026-09-24,C0002,P0034,2
T001790,2026-09-24,C0100,P0010,3
T001791,2026-09-03,C0032,P0012,2
T001792,2026-09-25,C0109,P0015,4
T001793,2026-09-28,C0126,P0037,5
T001794,2026-09-15,C0102,P0022,7
T001795,2026-09-09,C0055,P0024,2
T001796,2026-09-12,C0102,P0023,1
T001797,2026-09-12,C0031,P0039,4
T001798,2026-09-26,C0064,P0006,-1
T001799,2026-09-13,C0148,P0029,6
T001800,2026-09-21,C0146,P0041,6
T001801,2026-09-22,C0082,P0001,3
T001802,2026-09-27,C0079,P0044,2
T001803,2026-09-01,C0063,P0021,1
T001804,2026-09-30,C0052,P0036,5
T001805,2026-09-11,C0042,P0005,3
T001806,2026-09-17,C0049,P0047,8
T001807,2026-09-02,C0018,P0042,2
T001808,2026-09-12,C0059,P0013,7
T001809,2026-09-08,C0086,P0024,6
T001810,2026-09-17,C0120,P0007,5
T001811,2026-09-18,C0042,P0037,5
T001812,2026-09-23,C0107,P0020,7
T001813,2026-09-03,C0004,P0047,3
T001814,2026-09-02,C0083,P0015,-3
T001815,2026-09-08,C0065,P0047,4
T001816,2026-09-21,C0101,P0019,8
T001817,2026-09-17,C0073,P0014,3
T001818,2026-09-20,C0046,P0039,-3
T001819,2026-09-03,C0009,P0032,1
T001820,2026-09-19,C0006,P0017,8
T001821,2026-09-11,C0113,P0026,2
T001822,2026-09-30,C0042,P0011,6
T001823,2026-09-26,C0040,P0029,8
T001824,2026-09-28,C0032,P0001,5
T001825,2026-09-24,C0048,P0032,7
T001826,2026-09-04,C0145,P0006,5
T001827,2026-09-01,C0027,P0044,5
T001828,13/09/2026,C0072,P0023,3
T001829,2026-09-25,C0003,P0017,5
T001830,16/09/2026,C0017,P0014,5
T001831,2026-09-30,C0090,P0027,1
T001832,2026-09-28,C0109,P0033,7
T001833,2026-09-14,C0051,P0015,7
T001834,2026-09-28,C0039,P0001,7
T001835,2026-09-20,C0146,P0026,2
T001836,2026-09-30,C0071,P0036,8
T001837,2026-09-20,C0043,P0024,5
T001838,2026-09-17,C0041,,4
T001839,2026-09-15,C0053,P0015,2
T001840,2026-09-16,C0024,P0039,5
T001841,2026-09-18,C0065,P0029,8
T001842,2026-09-11,C0150,P0038,8
T001843,2026-09-19,C0082,P0024,1
T001844,2026-09-16,C0147,P0025,1
T001845,2026-09-21,C0010,P0032,-1
T001846,2026-09-18,C0144,,4
T001829,2026-09-15,C0003,P0011,4
T001848,2026-09-06,C0134,P0004,1
T001849,2026-09-01,C9889,P0006,5
T001850,2026-09-22,C0047,P0037,5
T001851,2026-09-09,C0131,P9423,4
T001852,2026-09-16,C0124,P0016,1
T001853,2026-09-24,C0150,P0006,6
T001854,2026-09-30,C0104,P0015,6
T001855,2026-09-08,C0036,P9316,7
T001856,2026-09-02,C0018,P0005,3
T001857,2026-09-16,C0135,P0013,8
T001858,2026-09-27,C0006,P9483,8
T001859,2026-09-17,C0054,P0037,6
T001860,2026-09-02,C0075,P0024,1
T001861,2026-09-08,C0126,P0050,8
T001862,2026-09-02,C0015,P0033,7
T001863,2026-09-24,C0094,P0006,3
T001864,2026-09-05,C0045,P0005,8
T001865,2026-09-15,C0109,P0024,4
T001866,2026-09-24,C0014,P0016,5
T001867,2026-09-11,C0055,P0022,3
T001868,2026-09-17,C0002,P0016,4
T001869,2026-09-30,C0082,P0023,7
T001870,2026-09-10,C0014,P0005,6
T001871,2026-09-19,C0035,P0043,7
T001872,2026-09-24,C0059,P0017,5
T001873,2026-09-26,C0001,P0008,3
T001874,2026-09-06,C0031,P0015,5
T001875,2026-09-13,C0098,P0045,6
T001876,2026-09-04,C0102,P0048,8
T001877,2026-09-13,C0112,P0023,6
T001878,2026-09-12,C0126,P0035,6
T001879,2026-09-18,C0132,P0006,6
T001880,2026-09-23,C0113,P0015,4
T001881,2026-09-19,C0073,P0041,2
T001882,2026-09-30,C0086,P0017,3
T001883,2026-09-21,C0123,P0049,4
T001884,2026-09-13,C0129,P0003,7
T001885,2026-09-11,C0087,P0047,3
T001886,2026-09-18,C0083,P0015,1
T001887,2026-09-28,C0063,P0006,1
T001888,2026-09-23,C0052,P0040,2
T001889,2026-09-07,C0062,P0019,7
T001890,05/09/2026,C0111,P0033,1
T001891,2026-09-15,C0035,P0047,1
T001892,2026-09-14,C0080,P0042,4
T001893,2026-09-20,C0134,P0025,4
T001894,2026-09-21,C0042,P0043,6
T001895,2026-09-23,C0075,P0041,1
T001896,2026-09-06,C0089,P0050,2
T001897,2026-09-14,C0022,P0009,8
T001898,2026-09-19,C0007,,5
T001899,2026-09-30,C0067,P0008,1
T001900,2026-09-22,C0075,P0017,1
T001901,2026-09-05,C0077,,5
T001902,2026-09-06,C0106,P9227,7
T001903,2026-09-19,C0107,P0020,3
T001904,2026-09-17,C0109,P0017,3
T001905,2026-09-11,C0068,P0002,2
T001906,2026-09-18,C0010,P0027,6
T001907,2026-09-26,C9399,P0028,8
T001908,2026-09-27,C0056,P0033,6
T001909,2026-09-21,C0093,P0045,6
T001910,2026-09-22,C0137,P0040,1
T001911,2026-09-01,C0072,P0026,2
T001912,2026-09-20,C0128,P0028,1
T001913,2026-09-05,C0126,P0009,2
T001914,2026-09-25,,P0023,5
T001915,2026-09-26,C0084,P0039,6
T001916,2026-09-30,C0072,P0014,2
T001917,2026-09-11,C0015,P0045,5
T001918,2026-09-05,C0028,P0035,8
T001919,2026-09-17,C0059,P0005,7
T001920,2026-09-16,C0004,P0002,7
T001921,2026-09-30,C0036,P0036,5
T001922,2026-09-27,C0143,P0015,4
T001923,2026-09-23,C0001,P0048,3
T001924,2026-09-11,C0090,P0011,3
T001925,2026-09-14,C0112,P0034,4
T001926,2026-09-01,C0085,P0048,6
T001927,2026-09-02,C0087,P0033,2
T001928,2026-09-25,C0116,P0040,5
T001929,2026-09-15,C0130,P0019,2
T001930,2026-09-28,C0064,P0035,3
T001931,2026-09-14,C0045,P0040,6
T001932,2026-09-11,C0110,P0036,8
T001933,2026-09-22,C0111,P0006,4
T001934,2026-09-30,C0011,P0039,6
T001935,2026-09-21,C0034,P0043,7
T001936,2026-09-19,,P0032,3
T001937,2026-09-19,C0065,P0015,3
T001938,2026-09-03,C0053,P0037,4
T001939,2026-09-15,C0021,P0037,4
T001940,2026-09-07,C9363,P0006,3
T001941,2026-09-20,C0117,P0005,3
T001942,2026-09-27,C0017,P0014,4
T001943,2026-09-03,C0111,P0029,5
T001944,2026-09-20,C0049,P0020,7
T001945,2026-09-27,C0146,P0019,2
T001946,2026-09-17,C0063,P0046,1
T001947,2026-09-20,C0111,P0014,1
T001948,2026-09-13,C0101,P0015,8
T001949,2026-09-13,C0044,P0029,5
T001950,2026-09-25,C0059,P0044,8
T001951,2026-09-16,C0118,P0007,7
T001952,2026-09-25,C0038,P0014,4
T001953,2026-09-12,C0012,P0048,1
T001954,2026-09-28,C0061,P0032,3
T001955,2026-09-11,C0018,P0006,8
T001956,2026-09-19,C0084,P0008,6
T001957,2026-09-20,C0123,,7
T001958,2026-09-01,C0131,P0032,6
T001959,2026-09-26,C0040,P0007,2
T001960,2026-09-09,C0126,P0027,3
T001961,2026-09-03,C0110,P0027,8
T001962,2026-09-14,C0087,P0017,1
T001963,2026-09-28,C0031,P0036,5
T001964,2026-09-02,C0043,P0029,1
T001965,2026-09-11,C0087,P0002,6
T001966,2026-09-17,C0120,P0003,2
T001967,2026-09-08,C0048,P0034,5
T001968,2026-09-08,C0028,P0046,4
T001969,2026-09-17,C0130,P0046,2
T001970,2026-09-13,C0067,P0045,6
T001971,2026-09-05,C0026,P0008,7
T001972,2026-09-30,C0010,P0021,5
T001973,2026-09-07,C0044,P0014,7
T001974,2026-09-20,C0122,P0031,6
T001975,2026-09-02,C0147,P0034,4
T001932,2026-09-25,C0115,P0002,5
T001977,2026-09-15,C0080,P0020,5
T001978,2026-09-19,C0048,P0040,3
T001979,2026-09-19,C0136,P0033,6
T001980,16/09/2026,C0092,P0011,1
T001981,2026-09-13,C0108,P0009,8
T001982,2026-09-27,C0017,P0010,5
T001983,2026-09-28,C0108,P0042,6
T001984,2026-09-28,C0096,P0009,7
T001985,2026-09-22,C0074,P0023,3
T001986,2026-09-10,C0079,P0007,5
T001987,2026-09-25,C0084,P0018,5
T001988,2026-09-30,C0143,P9948,3
T001989,2026-09-27,C0026,P0020,7
T001990,2026-09-12,C0072,P0038,7
T001991,2026-09-07,C0041,P9729,5
T001992,2026-09-20,C0022,P0008,2
T001993,2026-09-15,C0100,P0005,1
T001994,2026-09-23,C0100,P0039,2
T001995,2026-09-19,C0004,P0021,8
T001996,2026-09-06,C0099,P0049,8
T001997,2026-09-15,C0008,P0023,6
T001998,2026-09-04,C0024,P0002,4
T001999,2026-09-22,C0079,P0024,8
T002000,2026-09-18,C0024,P0038,1
T002001,2026-09-10,C0142,P0038,3
T002002,2026-09-06,C0090,P0013,1
T002003,2026-09-02,C0034,P0013,6
T001964,2026-09-09,C0125,P0014,6
T002005,2026-09-01,C0056,P0023,5
T002006,2026-09-03,C0127,P0042,1
T002007,2026-09-23,,P0007,6
T002008,2026-09-29,C0085,P0013,4
T002009,2026-09-17,C0003,P0013,1
T002010,2026-09-20,C0023,P0044,8
T002011,2026-09-19,C0078,P0021,2
T002012,2026-09-15,C0129,P0038,7
T002013,2026-09-10,C0109,P0040,2
T002014,2026-09-18,C0007,P0007,6
T002015,2026-09-29,C0070,P0005,8
T002016,2026-09-29,C0101,P0031,1
T002017,2026-09-29,C0072,P0041,2
T002018,2026-09-17,C0104,P0002,4
T002019,2026-09-14,C0047,P0008,6
T002020,2026-09-12,C0111,P0022,5
T002021,2026-09-10,C0023,P0009,2
T002022,2026-09-05,C0079,P0013,4
T002023,2026-09-02,C0009,P0036,5
T002024,2026-09-23,C0129,P0019,7
T002025,2026-09-16,C0144,P0035,2
T002026,2026-09-29,C0036,P0019,5
T002027,2026-09-11,C0135,P0038,4
T002028,2026-09-25,C0088,P0011,3
T002029,2026-09-24,C0052,P0041,2
T002030,2026-09-03,C0037,P0005,4
T002031,2026-09-24,C0088,P0036,1
T002032,2026-09-23,C0129,P0033,2
T002033,2026-09-07,C0108,P0038,7
T002034,2026-09-07,C0011,P0036,2
T002035,2026-09-02,C0136,P0011,7
T002036,2026-09-03,,P0006,6
T002037,2026-09-11,C0062,P0017,5
T002038,2026-09-08,C0092,P0006,8
T002039,2026-09-02,C0062,P0008,2
T002040,2026-09-15,C0099,P0018,5
T002041,2026-09-21,C0005,P0038,1
T002042,2026-09-21,C0102,P0014,4
T002043,2026-09-24,C0026,P0022,3
T002044,2026-09-13,C0016,P0004,4
T002045,2026-09-24,C0142,P0045,4
T002046,2026-09-22,C0002,P0036,8
T002047,2026-09-11,C0047,P0003,4
T002048,2026-09-25,C0088,P0007,4
T002049,2026-09-29,C0054,P0024,4
T002050,2026-09-26,C0086,P0044,-1
T002051,2026-09-26,C0112,P0028,6
T002052,2026-09-30,C0120,P0041,1
T002053,2026-09-22,C0107,P0008,5
T002054,2026-09-30,C0131,P0017,1
T002055,2026-09-28,C0037,P0004,8
T002056,2026-09-21,C0079,P9858,3
T002057,2026-09-11,C0080,P0040,7
T002058,2026-09-20,C0031,P0022,6
T002059,2026-09-27,C0018,P0031,5
T002060,2026-09-29,C0017,P0040,4
T002061,2026-09-25,,P0044,3
T002062,2026-09-16,C0021,P0023,1
T002063,2026-09-15,C0006,P0033,8
T002064,2026-09-12,C0051,P0031,2
T002065,2026-09-25,C0074,P0001,8
T002066,2026-09-21,C0027,P0005,2
T002067,2026-09-24,C0103,P0045,1
T002068,2026-09-27,C0099,P0010,7
T002069,2026-09-01,C0015,P0028,2
T002070,2026-09-10,C0012,P0028,1
T002071,2026-09-24,C0020,P0001,8
T002072,2026-09-12,C0007,P9191,3
T002073,2026-09-27,C0044,P0025,2
T002074,2026-09-16,C0085,P0033,7
T002075,2026-09-26,C0028,P0038,4
T002076,2026-09-27,C0087,P0043,1
T002077,2026-09-18,C0076,P0026,6
T002078,2026-09-11,C0038,P0022,6
T002079,2026-09-23,C0103,P0011,5
T002080,2026-09-12,C0098,P0004,7
T002081,2026-09-03,C0114,P0049,5
T002082,2026-09-08,C0059,P0030,6
T002083,2026-09-29,C0100,P0003,2
T002084,2026-09-19,C0054,P0024,3
T002085,14/09/2026,C0080,P0041,8
T002086,2026-09-22,C0024,P0036,4
T002087,2026-09-03,C0008,P0038,4
T002088,2026-09-17,C0013,,4
T002089,2026-09-07,C0084,P0042,6
T002090,2026-09-26,C0122,P0042,5
T002091,2026-09-16,C0071,P9680,6
T002092,2026-09-04,C0139,P0016,4
T002093,2026-09-11,C0073,P0017,4
T002094,2026-09-30,C0005,P0048,8
T002095,2026-09-04,C0070,P0027,5
T002096,2026-09-04,C0060,P0021,8
T002097,2026-09-26,C0054,P0024,4
T002098,2026-09-08,C0131,P0009,1
T002099,2026-09-07,C0112,P0008,4
T002100,2026-09-14,C0020,P0040,7
T002101,2026-09-18,C0090,P0005,2
T002102,2026-09-21,C0125,P0046,2
T002103,2026-09-14,C0020,P0006,7
T002104,2026-09-16,C0148,P0014,3
T002105,2026-09-07,C0143,P0002,7
T002106,2026-09-03,C0044,P0025,7
T002107,2026-09-08,,P0002,4
T002108,2026-09-10,C0138,P0005,7
T002109,2026-09-10,C0097,P0044,7
T002110,2026-09-09,C0016,P0016,8
T002111,2026-09-02,C0128,P0029,4
T002112,2026-09-07,C0028,P0017,5
T002113,2026-09-08,C0034,P0001,6
T002114,2026-09-03,C0022,P0001,4
T002115,2026-09-25,,P0004,8
T002116,2026-09-06,C0060,P0027,2
T002117,2026-09-29,C0038,P0013,7
T002118,2026-09-20,C0052,P0021,5
T002119,2026-09-23,C0038,P0015,3
T002120,2026-09-14,C0097,P0025,8
T002121,2026-09-07,C0077,P0035,3
T002122,2026-09-26,C0031,P0035,5
T002123,2026-09-02,C0019,P0015,2
T002124,2026-09-11,C0086,P0002,5
T002125,2026-09-15,C0064,P0020,5
T002126,2026-09-18,C0127,P0019,2
T002127,2026-09-11,C0107,P0037,1
T002128,2026-09-17,C0012,P0009,7
T002129,2026-09-08,C0028,P0009,3
T002130,2026-09-09,C0012,P0046,6
T002131,2026-09-14,C0146,P0022,1
T002132,2026-09-14,C0120,P0028,1
T002133,2026-09-09,C0021,P0042,4
T002134,2026-09-18,C0037,P0006,0
T002135,2026-09-11,C0075,P0024,8
T002136,2026-09-26,C0074,P0045,8
T002137,2026-09-18,C0081,P0048,6
T002138,2026-09-21,C0083,P0004,2
T002139,2026-09-11,C0140,P0002,1
T002140,2026-09-22,C0136,P0004,1
T002141,2026-09-20,C0139,P0028,1
T002142,2026-09-21,C0118,P0015,2
T002143,2026-09-21,C0095,P0043,1
T002144,2026-09-23,C0094,P0023,5
T002145,2026-09-14,C0003,P0006,5
T002146,2026-09-07,C0022,P0046,8
T002147,2026-09-01,C0085,P0050,5
T002148,2026-09-09,C0134,P0031,8
T002149,2026-09-08,C0071,P0050,5
T002150,2026-09-20,C0143,P0034,4
T002151,2026-09-24,C0098,P0039,5
T002152,2026-09-30,C0045,P0047,8
T002153,2026-09-28,C0082,P0017,6
T002154,2026-09-21,C0014,P0001,2
T002155,2026-09-07,C0068,P0016,8
T002156,2026-09-05,C0135,P0017,2
T002157,2026-09-24,C0124,P0021,2
T002158,2026-09-27,C0134,P0045,8
T002159,2026-09-16,C0018,P0045,7
T002160,2026-09-02,,P0013,3
T002161,2026-09-19,C0114,P0045,1
T002162,2026-09-28,C0080,P0044,6
T002163,2026-09-01,C0023,P0004,3
T002164,2026-09-13,C0096,P0033,3
T002165,2026-09-21,C0035,P0047,7
T002166,2026-09-15,C0146,P0027,2
T002167,2026-09-11,C0017,P0038,6
T002168,2026-09-19,C0132,P0022,7
T002169,2026-09-08,C0088,P0001,4
T002170,2026-09-16,C0130,P0014,2
T002171,2026-09-04,C0011,P0034,7
T002172,2026-09-11,C0047,P0031,7
T002173,2026-09-13,C0003,P0030,3
T002174,2026-09-04,C0054,P0026,5
T002175,2026-09-06,C0145,P0018,3
T002176,2026-09-26,C0045,P0019,4
T002177,2026-09-05,C0002,,2
T002178,2026-09-06,C0011,P0004,4
T002179,2026-09-23,C0088,P0008,3
T002180,2026-09-29,C0116,P0027,7
T002181,2026-09-18,C0102,P0019,2
T002182,2026-09-23,C0009,P0009,8
T002183,2026-09-18,C0113,P0028,4
T002184,2026-09-02,C0118,P0050,8
T002185,2026-09-13,C0081,P0002,4
T002186,2026-09-06,C0002,P0009,7
T002187,2026-09-07,C0142,P0039,7
T002188,2026-09-25,C0078,P0042,5
T002189,2026-09-25,C0012,P0004,8
T002190,2026-09-01,C0132,P0010,6
T002191,2026-09-30,C0071,P0043,4
T002192,2026-09-08,C0056,P0046,1
T002193,2026-09-28,C0065,,1
T002194,2026-09-03,C0121,P0025,1
T002195,2026-09-11,C0016,P0014,5
T002196,2026-09-30,C0044,P0005,5
T002197,2026-09-08,C0107,P0021,8
T002198,2026-09-07,C9521,P0009,4
T002199,2026-09-13,C0015,P0039,4
T002200,2026-09-28,C0053,P0048,5
T002201,2026-09-04,C0015,P9827,7
T002202,2026-09-17,C0035,P0005,3
T002203,2026-09-25,C0099,P0024,4
T002204,2026-09-16,C0070,P0029,2
T002205,2026-09-06,C0116,P0002,4
T002206,2026-09-10,C0133,P0019,6
T002207,2026-09-30,C0016,P0047,8
T002208,2026-09-25,C0090,P0033,2
T002209,2026-09-05,C0079,P0030,5
T002210,2026-09-04,C0070,P0035,1
T002211,2026-09-25,C0086,P0016,1
T002212,2026-09-20,C0086,P0002,2
T002213,2026-09-04,C0150,P0035,2
T002214,2026-09-25,C0014,P0002,7
T002215,2026-09-16,C0003,P0019,2
T002216,2026-09-17,C0016,P0015,1
T002217,2026-09-23,C0115,P0039,5
T002218,2026-09-10,C0117,P0049,5
T002219,2026-09-12,C0039,P0027,8
T002220,2026-09-01,C0070,P0035,7
T002221,2026-09-12,C0105,P0039,5
T002222,2026-09-22,,P0024,8
T002223,2026-09-24,C0046,P0015,6
T002210,2026-09-09,C0091,P0004,1
T002225,2026-09-02,C0053,P0031,4
T002226,2026-09-30,C0120,P0003,8
T002227,2026-09-05,C0101,P0027,5
T002228,2026-09-21,C0108,P0034,3
T002229,2026-09-04,C0093,P0016,5
T002230,2026-09-16,C0099,P0016,7
T002231,2026-09-15,C0106,P0013,1
T002232,2026-09-22,C0004,P0015,1
T002233,2026-09-19,C0125,P0003,5
T002234,06/09/2026,C0055,P0011,4
T002235,2026-09-03,C0027,P0026,6
T002236,2026-09-11,C0032,P0020,2
T002237,2026-09-20,C0071,P0025,3
T002238,2026-09-19,C0122,P0015,2
T002194,2026-09-30,C0006,P0011,2
T002240,2026-09-05,C0053,P9548,3
T002241,2026-09-05,C0107,P0050,8
T002242,2026-09-30,C0041,P0016,4
T002243,2026-09-15,C0080,P0042,6
T002244,2026-09-16,C0095,P0048,2
T002245,2026-09-25,C0081,P0040,3
T002246,2026-09-10,C0122,P0005,3
T002247,2026-09-06,C0047,P0012,1
T002248,2026-09-12,C0130,P0012,1
T002249,2026-09-17,C0001,P0007,4
T002248,2026-09-02,C0148,P0004,3
T002251,2026-09-17,C0150,P0001,6
T002252,2026-09-01,C0090,P0043,6
T002253,2026-09-29,C0143,P0026,6
T002254,2026-09-11,C0113,P0024,1
T002255,2026-09-01,C0016,P0035,5
T002256,2026-09-12,C0005,P0003,3
T002257,2026-09-02,C0025,P0040,4
T002258,2026-09-06,C0079,P0018,7
T002259,2026-09-26,C0119,P0013,6
T002260,2026-09-03,C0144,P0014,5
T002261,2026-09-11,C0111,P0030,3
T002262,2026-09-11,C0078,P0033,8
T002263,2026-09-26,C0138,P0030,3
T002264,2026-09-26,C0147,P0016,5
T002265,2026-09-29,C0068,P0030,7
T002266,2026-09-02,C0052,P0033,3
T002267,2026-09-27,C0013,P0043,6
T002268,2026-09-26,C0090,P0017,6
T002269,2026-09-01,C0084,P0003,5
T002270,2026-09-30,C0141,P0017,7
T002271,2026-09-19,C0063,P0008,7
T002272,2026-09-11,C0023,P0006,5
T002273,2026-09-23,C0058,P0018,3
T002274,2026-09-01,C0052,P0022,2
T002275,2026-09-02,C0088,P0045,3
T002276,2026-09-02,C0105,P0021,4
T002277,2026-09-25,C0090,P0041,7
T002278,2026-09-12,C0051,P0018,4
T002279,2026-09-30,C0079,P0045,1
T002280,2026-09-15,C0038,P0019,1
T002281,2026-09-28,C0059,P0047,7
T002282,2026-09-02,C0138,P0038,2
T002283,2026-09-30,C0141,P0009,5
T002284,2026-09-15,C0082,P0028,1
T002285,2026-09-08,C0049,P0004,4
T002286,2026-09-27,C0031,P0033,4
T002287,2026-09-24,C0063,P0040,5
T002288,2026-09-16,C0106,P0037,1
T002289,2026-09-21,C0090,P0026,3
T002290,2026-09-26,C0054,P0016,8
T002291,2026-09-22,C0031,P0045,2
T002292,2026-09-21,C0069,P0034,2
T002293,2026-09-14,C0027,P0017,5
T002294,2026-09-28,C0125,P0007,6
T002295,2026-09-09,C0007,P0028,6
T002296,2026-09-09,C0094,P0030,3
T002297,2026-09-09,C0098,P0024,4
T002298,2026-09-23,C0091,P0012,3
T002299,2026-09-30,C0079,P0021,6
T002300,2026-09-26,C0049,P0026,6
T002301,2026-09-15,C0104,P0008,-1
T002302,2026-09-09,C0055,P0010,5
T002303,2026-09-01,C0107,P0004,5
T002304,2026-09-16,C0017,P0045,7
T002305,2026-09-16,C0057,P0004,7
T002306,2026-09-27,C0037,P0041,7
T002307,2026-09-09,C0007,P0011,2
T002308,2026-09-17,C0003,P0047,1
T002309,2026-09-06,C0052,P0014,8
T002310,2026-09-26,C0123,P0003,2
T002311,2026-09-25,C0111,P0014,6
T002312,2026-09-29,C0106,P0022,1
T002313,2026-09-27,C0031,P0007,7
T002314,2026-09-11,C0120,P0046,2
T002315,2026-09-20,C0087,P0028,5
T002316,2026-09-05,C0072,P0021,6
T002317,2026-09-01,C0091,P0048,5
T002318,2026-09-26,C0143,P0025,1
T002319,2026-09-08,C0059,P0006,7
T002320,2026-09-03,C0059,P0048,3
T002321,2026-09-21,C0044,P0019,7
T002322,2026-09-24,C0093,P0036,2
T002323,2026-09-17,C0014,P0033,2
T002324,2026-09-21,C0001,P0047,3
T002325,2026-09-16,C0022,P0015,3
T002326,2026-09-03,C0109,P0021,8
T002327,2026-09-06,C0097,P9859,2
T002328,2026-09-25,C0089,P0039,4
T002329,2026-09-13,C0035,P0016,3
T002330,2026-09-03,C0086,P0004,6
T002331,2026-09-16,C0023,P0031,1
T002332,2026-09-25,C0054,P0014,5
T002333,2026-09-04,C0138,P0044,1
T002334,2026-09-25,C0057,P0043,2
T002335,2026-09-24,C0094,P0048,3
T002336,2026-09-03,C0063,P0013,7
T002337,2026-09-20,C0123,P0032,7
T002338,2026-09-21,,P0044,7
T002339,2026-09-12,C0053,P0045,6
T002340,2026-09-21,C0003,P0019,2
T002341,2026-09-26,C0116,P0049,5
T002342,2026-09-12,C0075,P0014,5
T002343,2026-09-17,C0131,P0005,2
T002344,2026-09-18,C0087,P0007,-1
T002345,2026-09-04,C0034,P0014,5
T002346,2026-09-10,C0091,P0001,1
T002347,2026-09-17,C0102,P0027,8
T002348,2026-09-01,C0006,P0043,3
T002349,2026-09-06,C0091,P0042,2
T002350,2026-09-14,C0081,P0044,4
T002351,2026-09-14,C0079,P0013,2
T002352,01/09/2026,C0028,P0015,2
T002353,2026-09-24,C0083,P0034,8
T002354,2026-09-04,C0129,P0017,1
T002355,2026-09-07,C0048,P0032,3
T002356,2026-09-02,C0055,P0030,2
T002357,2026-09-18,C0143,P0049,6
T002358,2026-09-20,C0050,P0022,3
T002359,2026-09-03,C0144,P0045,6
T002360,2026-09-18,,P0003,4
T002361,2026-09-14,C0044,P0001,2
T002362,2026-09-06,C0143,P0020,7
T002363,2026-09-04,C0129,P0045,1
T002364,2026-09-22,C0015,P0012,2
T002365,2026-09-17,C0126,P0035,2
T002366,2026-09-16,C0098,P0006,5
T002367,2026-09-20,C0099,P0010,7
T002368,2026-09-08,C0116,P0008,6
T002369,2026-09-16,C0069,P0020,5
T002370,2026-09-30,C0128,P0047,4
T002371,2026-09-10,C0048,P0011,3
T002372,2026-09-09,C0042,P0039,5
T002373,2026-09-04,C0063,P0050,3
T002374,2026-09-11,,P0026,2
T002375,2026-09-20,C0138,P9335,6
T002376,2026-09-24,C0062,P0034,8
T002377,2026-09-29,C0143,P0031,3
T002378,2026-09-28,C0072,P0034,7
T002379,2026-09-18,C0046,P0041,8
T002380,2026-09-16,C0132,P0010,2
T002381,2026-09-24,C0133,P0026,3
T002382,2026-09-25,C0056,P0017,6
T002383,2026-09-28,C0074,P0040,6
T002384,2026-09-25,C0121,P0043,5
T002385,2026-09-01,C9480,P0015,1
T002386,2026-09-25,C0076,P0015,3
T002387,2026-09-21,C0058,P0006,2
T002388,2026-09-13,C0070,P0012,3
T002389,2026-09-02,C0149,P0046,4
T002390,2026-09-24,C0067,P0038,1
T002391,2026-09-19,C0083,P0022,8
T002392,2026-09-23,C0092,P0019,4
T002393,2026-09-01,C0009,P0041,8
T002394,2026-09-23,C0092,P0010,1
T002395,2026-09-08,C0121,P0020,4
T002396,2026-09-19,C0126,P0001,8
T002397,2026-09-18,C0138,P0010,3
T002398,2026-09-26,C0104,P0008,1
T002399,2026-09-09,C0020,P0004,1
T002400,2026-09-18,C0014,P0005,1
T002401,2026-09-25,C0034,P0031,1
T002402,2026-09-13,C0095,P0042,8
T002403,2026-09-05,C0139,P0024,6
T002404,2026-09-15,C0001,P0006,6
T002405,2026-09-10,C0094,P0022,4
T002406,2026-09-13,C0082,P0023,3
T002407,2026-09-19,C0056,P0028,8
T002408,2026-09-19,C0135,P0011,3
T002409,2026-09-21,C0089,P0025,3
T002410,2026-09-04,C0001,P0047,7
T002411,2026-09-11,C0092,P0025,-1
T002412,2026-09-05,C0035,P0038,6
T002413,2026-09-11,C0148,P0005,1
T002414,2026-09-27,C0078,P0040,6
T002415,2026-09-11,C0048,P0019,2
T002416,2026-09-14,C0082,P0015,2
T002417,2026-09-26,C0140,P0040,1
T002418,2026-09-25,C0082,P0013,4
T002419,2026-09-02,C0001,P0036,7
T002420,2026-09-14,C0116,P0045,1
T002421,2026-09-24,C0145,P0045,1
T002422,2026-09-13,C0057,P0020,2
T002423,2026-09-24,C0146,P0001,4
T002424,2026-09-21,C0004,P0048,1
T002425,2026-09-10,C0134,P0042,4
T002426,2026-09-22,C0040,P0020,3
T002427,2026-09-07,C0078,P0032,4
T002428,2026-09-08,C0001,P0001,1
T002429,2026-09-15,C0091,P0013,5
T002430,2026-09-18,C0115,P0012,3
T002431,2026-09-07,C0118,P0021,7
T002432,2026-09-13,C0072,P0023,6
T002433,2026-09-17,C0139,P0001,2
T002434,2026-09-15,C0139,P0030,3
T002435,2026-09-17,C0040,P0025,1
T002436,2026-09-24,C0037,P0009,1
T002437,2026-09-23,C0144,P0005,6
T002438,2026-09-25,C0098,P0020,5
T002439,2026-09-03,C0065,P0018,8
T002440,2026-09-26,C0025,P0024,4
T002441,2026-09-21,C0116,P0027,7
T002442,2026-09-20,C0063,P0006,1
T002443,2026-09-22,C0053,P0019,2
T002444,2026-09-18,C0037,P0031,5
T002445,2026-09-28,C0119,P0028,7
T002446,2026-09-15,C0139,P0016,8
T002447,2026-09-16,C0124,P0026,2
T002448,2026-09-09,C0093,P0030,5
T002449,2026-09-29,C0116,P0050,2
T002450,2026-09-28,C0122,P0048,1
T002451,2026-09-05,C0023,P0006,8
T002452,2026-09-17,C0068,P0021,7
T002453,2026-09-28,C0049,P0026,3
T002454,2026-09-06,C0097,P0041,5
T002455,2026-09-16,C0059,P0020,2
T002456,2026-09-08,C0115,P0041,7
T002457,2026-09-12,C0137,P0026,6
T002458,2026-09-07,C0140,P0004,8
T002459,2026-09-16,C0124,P0017,8
T002460,2026-09-14,C0021,P0044,3
T002461,2026-09-08,C0039,P0007,1
T002462,2026-09-25,C0133,P0009,8
T002463,2026-09-12,C0066,P0024,2
T002464,2026-09-04,C0009,P0011,1
T002465,2026-09-11,C0130,P0031,6
T002466,2026-09-25,C0064,P0030,4
T002467,2026-09-14,C0004,P0023,4
T002468,2026-09-05,C0118,P0032,6
T002469,2026-09-14,C0144,P0040,5
T002470,2026-09-11,C0106,P0036,2
T002471,2026-09-06,C0150,P0012,4
T002472,2026-09-16,,P0004,4
T002473,2026-09-05,C0080,P0040,1
T002474,2026-09-08,C0066,P0003,5
T002475,2026-09-17,C0107,P0007,6
T002476,2026-09-12,C0032,P0031,2
T002477,2026-09-15,C0040,P0025,7
T002478,2026-09-04,C0017,P0038,1
T002479,2026-09-22,C0015,P0010,5
T002480,2026-09-14,C0103,P0021,6
T002481,2026-09-21,C0100,P0044,4
T002482,2026-09-30,C0124,P0015,2
T002483,2026-09-30,C0018,P0011,2
T002484,2026-09-30,C0109,P0039,6
T002485,2026-09-22,C0077,P0040,6
T002486,2026-09-28,C0046,P0050,1
T002487,2026-09-29,C0138,P0015,1
T002488,2026-09-05,C0114,P0007,4
T002489,2026-09-24,C0070,P0040,2
T002490,2026-09-24,C9287,P0026,1
T002491,2026-09-13,C0017,P0037,6
T002492,2026-09-13,C0139,P0042,7
T002493,2026-09-15,C0061,P0044,4
T002494,2026-09-17,C0114,P0018,2
T002495,2026-09-02,C0090,P0047,-1
T002496,2026-09-01,C0058,P0026,2
T002497,2026-09-14,C0003,P0026,3
T002498,2026-09-12,C0099,P0001,7
T002499,2026-09-16,C0070,P0013,4
T002500,2026-09-01,C0038,P0023,1
T002501,2026-09-05,C0146,P0036,5
T002502,2026-09-04,C0149,P0016,7
T002503,2026-09-23,C0095,P0034,4
T002504,2026-09-25,C0131,P0028,4
T002505,2026-09-28,C0141,P0034,1
T002506,2026-09-12,,P0012,1
T002507,2026-09-12,C0013,P0032,1
T002508,2026-09-25,C0125,P0004,7
T002509,2026-09-09,C0055,P0028,5
T002510,2026-09-23,C0014,P0039,5
T002511,2026-09-10,C0141,P0032,7
T002512,2026-09-15,C9133,P0002,3
T002513,2026-09-07,C0081,P0041,8
T002514,2026-09-06,C0141,P0035,5
T002515,2026-09-20,C9666,P0007,4
T002516,2026-09-01,C0072,P0044,1
T002517,2026-09-11,,P0004,6
T002518,2026-09-24,C0066,,4
T002519,2026-09-12,C0040,,8
T002520,2026-09-24,C0034,P0035,8
T002521,2026-09-27,C0107,P0012,3
T002522,2026-09-01,C0117,P0045,5
T002523,2026-09-12,C0009,P0039,5
T002524,2026-09-05,C0091,P0044,5
T002525,2026-09-02,C0122,P0037,1
T002526,2026-09-16,C0020,P0038,7
T002527,2026-09-20,C0118,P0027,2
T002528,2026-09-08,C0034,P0039,7
T002529,2026-09-29,C0120,P0032,8
T002530,2026-09-28,C0120,P0034,2
T002531,2026-09-16,C0021,P0005,2
T002532,2026-09-19,C0097,P0009,5
T002533,2026-09-02,C9155,P0019,6
T002534,2026-09-22,C9290,P0008,5
T002535,2026-09-25,C0030,P0037,4
T002536,2026-09-01,C0122,P0046,6
T002537,2026-09-25,C0121,P0016,5
T002538,2026-09-13,C0064,P0031,7
T002539,2026-09-12,C0030,P0003,2
T002540,2026-09-04,C0145,P0032,3
T002541,2026-09-08,C0079,P0014,2
T002542,2026-09-01,C0121,P0041,4
T002543,2026-09-04,C0077,P0027,6
T002544,2026-09-09,C0061,P0019,7
T002545,2026-09-04,C0137,P0044,2
T002546,2026-09-19,C0045,P0015,4
T002547,2026-09-09,C0126,P0042,8
T002548,2026-09-12,C0082,P0002,6
T002549,2026-09-30,C0042,,2
T002550,2026-09-20,C0145,P0034,6
T002551,2026-09-10,C0032,P0018,4
T002552,2026-09-22,C0095,,4
T002553,2026-09-09,C0022,P0002,7
T002554,2026-09-06,C0099,P0017,8
T002555,2026-09-20,C0132,P0011,2
T002556,2026-09-03,C0140,P0025,3
T002557,2026-09-04,C0086,P0039,5
T002558,2026-09-16,C0107,P0008,6
T002559,2026-09-19,C0129,P0002,2
T002560,2026-09-01,C0102,P0026,3
T002561,2026-09-15,C0121,P0032,8
T002562,2026-09-22,C0143,P0027,5
T002563,2026-09-08,C0091,P0002,7
T002564,2026-09-01,C0131,P0040,-1
T002565,2026-09-09,C0128,P0040,3
T002566,2026-09-27,C0009,P0002,5
T002567,2026-09-17,C0100,P9823,3
T002568,2026-09-01,,P0028,7
T002569,2026-09-23,C0060,P0050,1
T002570,2026-09-15,C0018,P0044,1
T002571,2026-09-15,C0021,P0001,5
T002572,2026-09-15,C0003,P0040,5
T002573,2026-09-12,C0048,P0041,4
T002574,2026-09-22,C0042,P0018,5
T002575,2026-09-22,C0142,P0039,2
T002576,2026-09-30,C0048,P9106,6
T002577,2026-09-12,C0057,P0024,5
T002578,2026-09-05,C0013,P0042,6
T002579,2026-09-19,C0021,P0038,4
T002580,2026-09-23,C0118,P0033,3
T002581,2026-09-08,C0141,P0043,5
T002582,2026-09-16,C0022,P0005,4
T002583,2026-09-05,C0017,P0024,8
T002584,2026-09-18,C0131,P0028,4
T002585,2026-09-15,C0142,P0016,2
T002586,2026-09-30,C0065,P0036,8
T002587,2026-09-08,C0088,P0009,8
T002588,2026-09-30,C0020,P0008,7
T002589,2026-09-16,C0123,P0038,2
T002590,2026-09-11,C0100,P0012,8
T002591,2026-09-23,C0114,P0001,6
T002592,2026-09-08,C0144,P0010,4
T002593,2026-09-25,C0010,P0024,3
T002594,2026-09-16,C9619,P0013,1
T002595,2026-09-26,C0138,P9342,7
T002596,2026-09-06,C0080,P0050,5
T002597,2026-09-19,C0019,P0024,6
T002598,2026-09-18,C0028,P0001,7
T002599,2026-09-15,C0040,P0030,1
T002600,2026-09-02,C0144,P0024,6
T002601,2026-09-25,C0109,P0022,2
T002602,2026-09-11,C0044,P0047,8
T002603,2026-09-28,C0101,P0032,7
T002604,2026-09-21,C0097,P0002,2
T002566,2026-09-26,C0078,P0006,4
T002606,2026-09-05,,P0037,8
T002607,2026-09-28,C0080,P0029,8
T002608,2026-09-30,C0019,,3
T002609,2026-09-18,C0078,P0024,1
T002610,2026-09-01,C0070,P0011,4
T002611,04/09/2026,C0017,P0001,8
T002612,2026-09-27,C0021,P0030,5
T002613,2026-09-12,C9731,P0006,5
T002614,2026-09-05,C0075,P0033,3
T002615,2026-09-13,C0093,P0017,3
T002616,2026-09-03,C0039,P0011,1
T002617,2026-09-14,C0123,P0012,5
T002618,2026-09-03,C0020,P0023,1
T002619,2026-09-06,C0029,P0013,8
T002620,2026-09-10,C0056,P0009,3
T002621,2026-09-28,C0050,P0018,8
T002622,2026-09-12,C0116,P0045,8
T002623,2026-09-29,C0011,P0044,1
T002624,2026-09-10,C0062,P9694,1
T002625,2026-09-09,C0141,P0031,2
T002626,2026-09-12,C0028,P0006,2
T002627,2026-09-04,C0025,P0013,8
T002628,2026-09-21,C0033,P0026,8
T002629,2026-09-04,C0079,P0043,3
T002630,2026-09-04,C0145,P0016,8
T002631,2026-09-24,C0108,P0029,2
T002632,2026-09-28,C0087,P0024,8
T002633,2026-09-08,C0049,P0036,6
T002634,2026-09-03,C0141,P0013,8
T002635,2026-09-30,C0060,P0011,7
T002636,2026-09-30,C9401,P0035,4
T002637,2026-09-13,C0145,P0042,2
T002638,2026-09-25,C0066,P0011,8
T002639,2026-09-06,C0053,P0023,8
T002640,2026-09-18,C0112,P0045,0
T002641,2026-09-06,C0137,P0026,5
T002642,2026-09-20,C0003,P0009,5
T002643,2026-09-11,C0119,P0025,3
T002644,2026-09-18,C0045,P0003,0
T002645,2026-09-26,C0073,P0034,7
T002646,2026-09-13,C0011,P0050,3
T002647,2026-09-27,C0073,P0037,4
T002648,2026-09-27,C0125,P0007,1
T002649,2026-09-04,C0083,P0039,4
T002650,2026-09-21,C0071,P0013,8
T002651,2026-09-18,C0091,,6
T002652,2026-09-06,C0074,P0020,3
T002653,2026-09-16,C0022,P0037,2
T002654,2026-09-22,C0110,P0046,5
T002655,2026-09-22,C0137,P0003,6
T002656,2026-09-24,C0055,P0042,8
T002657,2026-09-19,,P0022,4
T002658,2026-09-02,C0011,P0006,3
T002659,2026-09-02,C0067,P0012,8
T002660,2026-09-06,C0102,P0036,3
T002661,2026-09-12,C0061,P0018,4
T002662,2026-09-19,C0118,P0024,2
T002663,2026-09-19,C0050,P0004,8
T002664,2026-09-08,C0141,P0025,5
T002665,2026-09-11,C0097,P0006,4
T002666,2026-09-14,C0063,P0013,4
T002667,2026-09-27,C0108,P0004,6
T002668,2026-09-22,C0090,P0034,1
T002669,2026-09-19,C0065,P0023,1
T002670,2026-09-07,C0007,P0033,4
T002671,2026-09-30,C0129,P0011,7
T002672,2026-09-08,C0074,P0046,4
T002673,2026-09-11,C0030,P0012,2
T002674,2026-09-03,C0055,P0006,4
T002675,2026-09-03,C0055,P0029,1
T002676,2026-09-29,C0092,P0008,6
T002677,2026-09-25,C0021,P0007,4
T002678,2026-09-03,C0111,P0034,8
T002679,2026-09-17,C0025,P0042,7
T002680,2026-09-13,C0105,P0034,2
T002681,2026-09-05,,P0024,7
T002682,2026-09-23,C0021,P9778,5
T002683,2026-09-28,C0115,P0006,3
T002684,2026-09-21,C0138,P0040,4
T002685,2026-09-27,C0067,P0010,3
T002686,2026-09-09,C0129,P0007,8
T002687,2026-09-24,C0079,P0039,2
T002664,2026-09-26,C0069,P0024,5
T002689,2026-09-20,C0111,P0010,1
T002690,2026-09-15,C0105,P0018,3
T002691,2026-09-16,C0041,P0050,3
T002692,2026-09-08,C0105,P0010,2
T002693,2026-09-27,C0051,P0045,8
T002694,2026-09-11,C0068,P0047,7
T002695,2026-09-01,C0134,P0014,7
T002696,2026-09-02,C0044,P0029,8
T002697,2026-09-19,C0017,P0006,5
T002698,2026-09-25,C0133,P0012,1
T002699,2026-09-30,C0059,P0009,6
T002700,2026-09-30,C0013,P0046,8
T002701,2026-09-12,C0136,P0050,2
T002702,2026-09-14,C0106,P0044,3
T002703,2026-09-12,C0047,P0013,6
T002704,2026-09-23,C0121,P0018,5
T002705,2026-09-16,C0039,P0046,5
T002706,2026-09-21,C0080,P0022,5
T002707,2026-09-07,C9912,P0002,3
T002708,2026-09-27,C0131,P0034,1
T002709,2026-09-15,C0001,P0047,4
T002710,2026-09-04,C0053,P0050,4
T002711,2026-09-08,C0056,P0031,8
T002712,2026-09-23,C0064,P0045,4
T002713,2026-09-21,C0100,P0009,1
T002714,11/09/2026,C0035,P0012,3
T002715,2026-09-22,C0057,P9209,8
T002716,2026-09-25,C0085,P0031,4
T002717,2026-09-25,C0101,P0012,5
T002718,2026-09-11,C0051,P0044,6
T002719,2026-09-29,C0021,P0016,4
T002720,2026-09-21,C0126,P0040,5
T002721,2026-09-29,C0003,P0025,3
T002722,2026-09-14,C0102,P0001,8
T002723,2026-09-10,C0023,P0001,8
T002724,2026-09-03,C0125,P0049,7
T002725,2026-09-14,C0125,P0028,6
T002726,2026-09-08,,P0026,7
T002727,2026-09-19,C0040,P0035,1
T002728,2026-09-03,C0139,P0016,7
T002729,2026-09-14,C0009,P0014,8
T002730,2026-09-22,C0134,P0003,5
T002731,2026-09-05,C0028,P0019,1
T002732,2026-09-26,C0146,P0013,2
T002733,2026-09-10,,P0033,8
T002734,2026-09-21,C0103,P0013,6
T002735,2026-09-17,C0096,P0030,3
T002736,2026-09-28,C0138,P0030,5
T002737,2026-09-14,C0146,P0004,2
T002713,2026-09-05,C0056,P0002,4
T002739,2026-09-06,C0081,P0004,3
T002740,2026-09-11,C0082,P0010,2
T002741,2026-09-02,C0009,P0015,7
T002742,2026-09-09,C0070,P0003,7
T002743,2026-09-27,C0107,P0016,6
T002744,2026-09-12,C0026,P0006,6
T002745,2026-09-04,C0026,P0011,7
T002746,2026-09-26,C0054,P0016,1
T002747,2026-09-15,C0073,P0018,1
T002748,2026-09-18,C0008,P0003,8
T002749,2026-09-28,C0073,P0016,6
T002750,2026-09-27,C0023,P0017,3
T002751,2026-09-06,C0097,P0027,3
T002752,2026-09-30,C0111,P0032,2
T002753,2026-09-28,C0004,P0030,4
T002754,2026-09-23,C0050,P0038,4
T002755,2026-09-24,C0020,P0027,7
T002756,2026-09-15,C0081,P0030,3
T002757,2026-09-10,C0033,P0027,7
T002758,2026-09-25,C0127,P0004,1
T002759,2026-09-23,C0070,P0050,1
T002760,2026-09-23,C0019,P0015,2
T002761,2026-09-14,C0024,P0028,4
T002762,2026-09-04,C0031,P0033,8
T002763,2026-09-24,C0057,P0019,2
T002764,2026-09-04,C0145,P0047,2
T002765,2026-09-07,C0077,P0007,0
T002766,2026-09-09,C0119,P0032,3
T002767,2026-09-17,C0121,P0033,3
T002768,2026-09-19,C0049,P0009,3
T002769,2026-09-08,C0146,P0043,3
T002770,2026-09-06,C0092,P0020,2
T002771,2026-09-17,C0097,P0022,2
T002772,2026-09-14,C0069,P0022,3
T002773,2026-09-20,C0074,P0026,7
T002774,2026-09-28,C0134,P0045,-3
T002775,2026-09-30,C0101,,3
T002776,2026-09-16,C0082,P0032,7
T002777,2026-09-28,C0043,P0025,4
T002778,2026-09-21,C0023,P0019,8
T002779,2026-09-02,C0087,P0043,1
T002780,2026-09-22,C0051,P0029,6
T002781,2026-09-12,C0004,P0030,7
T002782,2026-09-20,C0142,P0008,2
T002783,2026-09-29,C0106,P0029,1
T002784,2026-09-02,C0098,P0025,4
T002785,2026-09-20,C0012,P0001,5
T002786,2026-09-09,C0143,P0017,1
T002787,2026-09-09,C0137,P0041,6
T002788,2026-09-03,C0028,P0023,6
T002789,2026-09-29,C0136,P9582,4
T002790,2026-09-23,C0079,P0013,8
T002791,2026-09-20,C0082,P0022,3
T002792,2026-09-30,C0067,P0011,7
T002793,2026-09-15,C0064,P0048,-1
T002794,2026-09-17,C0074,P0002,3
T002795,2026-09-24,C0013,P0004,6
T002796,2026-09-29,C0018,P0036,2
T002797,2026-09-27,C0055,P0020,2
T002798,2026-09-17,C0009,P0013,1
T002799,2026-09-19,C0099,P0015,4
T002800,2026-09-02,C0024,P0047,6
T002801,2026-09-07,C0073,P0003,2
T002802,2026-09-24,C0140,P0032,8
T002803,2026-09-30,C0080,P0015,2
T002804,2026-09-11,C0038,P0031,1
T002805,2026-09-30,C0126,P0027,6
T002806,2026-09-17,C0049,P0047,2
T002807,2026-09-27,C0067,P0038,7
T002781,2026-09-29,C0131,P0048,8
T002809,2026-09-01,C0080,P0037,7
T002810,2026-09-03,C0063,P0001,7
T002811,2026-09-20,C0141,P0033,6
T002812,2026-09-22,C0027,P0008,4
T002813,2026-09-11,C0072,P0047,1
T002814,2026-09-06,C0128,P0030,2
T002815,2026-09-20,C0119,P0038,2
T002816,2026-09-23,C0047,P0028,5
T002817,2026-09-01,C0150,P0033,5
T002818,2026-09-25,C0061,P0019,3
T002819,2026-09-19,C0013,P0027,4
T002820,2026-09-05,C0125,P0015,4
T002821,2026-09-20,C0149,P0004,1
T002822,2026-09-05,C0106,P0013,3
T002823,2026-09-28,C0008,P0003,5
T002824,2026-09-28,C0050,P0039,-1
T002825,2026-09-15,C0024,P0022,3
T002826,2026-09-15,C0059,P0031,7
T002827,2026-09-28,C0050,P0017,8
T002828,2026-09-02,C0110,P0025,1
T002829,2026-09-16,C0025,P0009,8
T002830,2026-09-28,C0097,P0015,3
T002831,2026-09-10,C0043,P0030,6
T002832,2026-09-06,C0116,P0028,8
T002833,2026-09-09,C0122,P0034,7
T002834,2026-09-16,C0052,P0027,3
T002835,2026-09-13,C0062,P0012,1
T002836,2026-09-09,C0025,P0024,5
T002837,2026-09-17,C0120,P0034,8
T002838,2026-09-17,C0028,P0021,1
T002839,2026-09-30,C0079,P0030,7
T002840,2026-09-19,C0118,P0030,8
T002841,2026-09-09,C0129,P0038,5
T002842,2026-09-19,C0118,P0028,1
T002843,2026-09-04,C0005,P0012,4
T002844,2026-09-23,C0138,P0003,6
T002845,2026-09-12,C0091,P0019,-1
T002846,2026-09-19,C0141,P0024,6
T002847,2026-09-01,C0018,P0035,4
T002848,2026-09-26,C0101,P0046,2
T002849,2026-09-29,C0043,P0010,4
T002850,2026-09-04,C0003,P0037,1
T002851,2026-09-22,C0076,P0048,8
T002852,2026-09-11,C0017,P0001,4
T002853,2026-09-08,C0129,P0021,2
T002854,21/09/2026,C0014,P0035,7
T002855,2026-09-09,C0128,P0044,4
T002836,2026-09-19,C0110,P0007,5
T002857,2026-09-17,C0103,P0019,1
T002858,2026-09-21,C0128,P0026,5
T002859,2026-09-29,C0065,P0024,8
T002860,2026-09-06,C0128,P0035,1
T002861,2026-09-29,C0032,P0050,2
T002862,2026-09-02,C0061,P0040,5
T002863,2026-09-29,C0054,P0029,5
T002864,2026-09-17,C0083,P0025,3
T002865,2026-09-25,C0058,P0049,2
T002866,2026-09-19,C0050,P0016,5
T002867,2026-09-03,C0136,P0008,1
T002868,2026-09-11,C0039,P0005,1
T002869,2026-09-09,C9463,P0020,6
T002870,2026-09-01,C0065,P0007,6
T002871,2026-09-24,C0008,P0035,8
T002872,2026-09-11,C0016,P0029,1
T002873,04/09/2026,C0098,P0042,1
T002874,2026-09-23,C0023,P0018,8
T002875,2026-09-30,C0121,P0027,1
T002876,2026-09-30,C0102,P0003,2
T002877,2026-09-22,C0008,P0020,5
T002878,2026-09-26,C0024,P0022,7
T002879,2026-09-22,C0057,P0002,6
T002880,2026-09-21,C0034,P0027,8
T002881,2026-09-16,C0137,P0007,8
T002882,2026-09-06,C0018,P0011,7
T002883,2026-09-19,C0142,P0010,7
T002884,2026-09-05,C0030,P0047,3
T002885,2026-09-13,C0082,P0037,3
T002886,2026-09-10,C0030,P0007,1
T002887,2026-09-24,C0063,P0021,4
T002888,2026-09-27,C0036,P9953,2
T002889,2026-09-14,C0111,P0018,1
T002890,2026-09-28,C0120,P0042,5
T002891,2026-09-19,C0122,P0014,2
T002892,2026-09-25,,P0036,8
T002893,2026-09-23,C0020,P0002,8
T002894,2026-09-11,C0113,P0011,7
T002895,2026-09-08,C0035,P0040,5
T002896,2026-09-17,C0121,P0020,6
T002897,2026-09-08,C0055,P0050,6
T002898,2026-09-04,,P0030,4
T002899,2026-09-05,C0137,P0024,4
T002900,2026-09-30,C0043,P0010,2
T002901,2026-09-22,C0065,P0014,1
T002902,2026-09-26,C0040,P0006,3
T002903,2026-09-01,C0119,P0032,8
T002904,2026-09-21,C0008,P0039,1
T002905,2026-09-15,C0086,P0014,5
T002906,2026-09-15,C0072,P0018,2
T002907,2026-09-18,C0125,P0005,0
T002908,2026-09-24,C0041,P0002,1
T002909,30/09/2026,C0132,P0012,7
T002910,2026-09-12,C0008,P0019,4
T002911,2026-09-14,C0023,P0034,5
T002912,2026-09-01,C0045,P0048,7
T002913,2026-09-12,C0095,P0014,6
T002914,2026-09-04,C0015,P0049,3
T002915,2026-09-14,C0024,P0029,8
T002916,2026-09-04,C0038,P0050,4
T002917,2026-09-26,C0015,P0023,2
T002918,2026-09-03,C0060,,8
T002903,2026-09-07,C0056,P0038,7
T002920,2026-09-17,C0064,P0031,5
T002921,2026-09-15,C0145,P0002,6
T002922,2026-09-05,C0076,P0015,1
T002923,2026-09-20,C0063,P0024,1
T002924,2026-09-18,C0069,P0042,1
T002925,2026-09-29,C0108,P0046,5
T002926,2026-09-23,C0110,P0046,7
T002927,2026-09-27,C0061,P0001,3
T002928,2026-09-29,C0042,,8
T002929,2026-09-21,C0071,P0005,1
T002930,2026-09-30,C0030,P0018,2
T002931,2026-09-30,C0019,P0009,3
T002932,2026-09-30,C0085,P0038,3
T002933,2026-09-10,C0077,P0008,4
T002934,2026-09-01,C0066,P0005,6
T002935,2026-09-16,C0095,P0036,6
T002936,2026-09-05,C0147,P0034,1
T002937,2026-09-07,C0104,P0045,8
T002938,2026-09-28,C0137,P0040,1
T002939,2026-09-16,C0057,P0040,3
T002940,2026-09-27,C0106,P0038,2
T002941,2026-09-11,C0032,P0011,1
T002942,2026-09-13,C0002,P0003,4
T002943,2026-09-17,C0072,P0035,3
T002944,2026-09-19,C0026,P0047,6
T002945,2026-09-24,C0104,P0009,8
T002946,2026-09-30,C0113,P0049,4
T002947,2026-09-24,C0026,P0007,2
T002948,2026-09-29,C0032,P0030,1
T002949,2026-09-03,C0089,P0016,8
T002950,2026-09-10,C0129,P0006,1
T002951,2026-09-05,C0033,P0038,3
T002952,2026-09-17,C0005,P0028,4
T002953,2026-09-06,C0123,P0035,7
T002954,2026-09-15,,P0012,2
T002955,2026-09-26,C0052,P0002,7
T002956,2026-09-18,,P0025,5
T002957,2026-09-23,C0072,P0013,-3
T002958,2026-09-23,C0058,P0044,1
T002959,2026-09-08,C0131,P0040,2
T002960,2026-09-07,C0080,P0003,5
T002961,2026-09-27,C0097,P0013,8
T002962,2026-09-13,C0088,P0035,7
T002963,2026-09-03,C0088,P0004,4
T002964,2026-09-25,C0022,P0027,1
T002965,2026-09-28,C0023,P0030,7
T002966,2026-09-08,C0124,P0020,8
T002967,2026-09-10,C0068,P0013,7
T002968,2026-09-25,C0065,P0030,3
T002969,2026-09-04,C0029,P0027,3
T002970,2026-09-25,C0095,P0029,7
T002971,2026-09-22,C0030,P0002,5
T002972,2026-09-06,C0093,P0024,2
T002973,2026-09-14,C9564,P0032,6
T002974,2026-09-14,C0062,P0036,1
T002975,2026-09-11,C0077,P0025,6
T002976,2026-09-29,C0071,P0035,8
T002977,2026-09-05,C0116,P0040,5
T002978,2026-09-25,C0122,P0016,4
T002979,2026-09-15,C0090,P0050,1
T002980,2026-09-28,C0104,P0022,5
T002981,2026-09-29,C0068,P0023,6
T002982,2026-09-14,C0076,,5
T002983,2026-09-06,C0077,P0015,8
T002984,2026-09-05,C0110,P0049,4
T002985,2026-09-25,C0017,P0045,3
T002986,2026-09-04,C0069,P0032,1
T002987,2026-09-20,C0104,P0029,3
T002988,2026-09-30,C0117,P0044,2
T002989,2026-09-11,C0023,P0047,8
T002990,2026-09-06,C0013,P0044,8
T002991,2026-09-14,C0001,P0046,4
T002992,2026-09-08,C0087,P0048,1
T002993,2026-09-04,C0121,P0025,4
T002994,2026-09-05,C0092,P0025,6
T002995,2026-09-14,C0037,P0032,8
T002996,2026-09-19,C0137,P0024,7
T002997,2026-09-30,C0089,P0014,8
T002998,2026-09-28,C0067,P0002,5
T002999,2026-09-01,C0084,P0013,6
T003000,2026-09-03,C0100,,8
T003001,2026-09-05,C0003,P0029,2
T003002,2026-09-22,C0106,P0036,3
T003003,2026-09-03,C0103,P0027,6
T003004,2026-09-03,C0140,P0009,2
T003005,2026-09-03,C0122,P0018,3
T003006,2026-09-07,C0085,P0035,3
T003007,2026-09-17,C0051,P0014,8
T003008,2026-09-29,C0034,P0035,6
T003009,2026-09-26,C0091,P0019,6
T003010,2026-09-28,C0107,P0044,8
T003011,2026-09-09,C0072,P0042,3
T003012,2026-09-14,C0018,P0046,3
T003013,2026-09-30,C0097,P0019,3
T003014,2026-09-05,C0016,P0015,2
T003015,2026-09-10,C0148,P0023,1
T003016,2026-09-30,C0123,P0019,5
T003017,2026-09-04,C0097,P0014,2
T003018,2026-09-29,C0059,P0011,7
T003019,2026-09-07,C0112,P0015,1
T003020,2026-09-09,C0027,P0049,8
T003021,2026-09-13,C0040,P0021,2
T003022,2026-09-13,C0058,P0039,5
T003023,2026-09-16,C0099,P0018,4
T003024,2026-09-29,C0036,P0019,4
T003025,2026-09-05,C0033,P0015,1
T003026,2026-09-12,C0092,P0001,7
T003027,2026-09-14,C0124,P0016,1
T003028,2026-09-19,C0109,P0005,2
T003029,2026-09-22,C0045,P0047,7
T003030,2026-09-22,C0086,P0045,2
T003031,2026-09-22,C0078,P0033,2
T003032,2026-09-18,C0095,P0031,3
T003033,2026-09-14,C0060,P9619,7
T003034,2026-09-02,C0022,P0015,3
T003035,2026-09-02,C0058,P0047,3
T003036,2026-09-02,C0093,P0008,6
T003037,2026-09-09,C0139,P0048,3
T003038,2026-09-18,C0027,P0008,2
T003039,2026-09-22,C0132,P0035,5
T003040,2026-09-01,C0014,P0026,8
T003041,2026-09-16,C0004,P0039,-3
T003042,2026-09-17,C0127,P0015,4
T003043,2026-09-25,C0033,P0044,2
T003044,2026-09-27,C0109,P0046,7
T003045,2026-09-30,C0014,P0048,3
T003046,2026-09-14,C0133,P0003,8
T003047,2026-09-07,C0095,P0009,7
T003048,2026-09-23,C0104,P0029,6
T003049,2026-09-13,C0040,P0043,7
T003050,2026-09-10,C0007,P0030,7
T003051,2026-09-16,C0139,P0003,2
T003052,2026-09-27,C0062,P0001,6
T003053,2026-09-20,C0076,P0037,8
T003054,2026-09-13,C0054,P0005,-1
T003055,2026-09-14,C0113,P0033,2
T003056,2026-09-13,C0136,P0007,3
T003057,2026-09-25,C0053,P0012,6
T003058,2026-09-17,C0035,P0020,4
T003059,2026-09-18,C0143,P0016,3
T003060,2026-09-07,C0096,P0038,3
T003061,2026-09-15,C0139,P0022,4
T003062,2026-09-09,C0066,P0041,7
T003063,2026-09-15,C0055,P0027,8
T003064,2026-09-28,C0042,P0034,2
T003065,2026-09-20,C0003,P0036,3
T003066,2026-09-28,C0048,P0040,1
T003067,2026-09-10,C0132,P0037,2
T003068,2026-09-24,C0119,P0041,2
T003069,2026-09-07,C0059,P0018,4
T003070,2026-09-25,C0056,P0010,3
T003071,2026-09-02,C0019,P0013,3
T003072,2026-09-29,C0034,P0015,6
T003073,2026-09-12,C0069,P0039,3
T003074,2026-09-29,C0010,P0025,1
T003075,2026-09-04,C0046,P0042,3
T003076,2026-09-17,C0143,P0049,1
T003077,2026-09-15,C0109,P0032,4
T003078,2026-09-30,C0137,P0006,5
T003079,2026-09-04,C0073,P0025,4
T003080,2026-09-13,C0057,P0020,4
T003081,2026-09-15,C0111,P0015,3
T003082,2026-09-24,C0099,P0015,6
T003083,2026-09-05,C0035,P0036,2
T003084,2026-09-25,C0011,P0044,6
T003085,2026-09-05,C0132,P0020,5
T003086,2026-09-07,C0103,P0048,5
T003087,2026-09-09,C0070,P0004,7
T003088,2026-09-02,C0071,P0023,4
T003089,2026-09-18,C0094,P0049,5
T003090,2026-09-06,C0148,P0010,8
T003091,2026-09-15,C0052,P0020,5
T003092,2026-09-04,C0145,P0041,4
T003093,2026-09-21,C0035,P0044,8
T003094,2026-09-10,C9225,P0012,3
T003095,2026-09-16,C0121,P0001,3
T003096,2026-09-26,C0002,P0040,8
T003097,2026-09-11,C0092,P0029,7
T003098,2026-09-03,C0072,P0040,5
T003099,2026-09-15,C0042,P0021,3
T003100,2026-09-01,C0031,P0027,5
T003101,2026-09-02,C0049,,6
T003102,2026-09-29,C0037,P0043,5
T003103,2026-09-26,C9694,P0008,1
T003104,2026-09-17,C0041,P0023,7
T003105,2026-09-10,C0065,P0026,6
T003106,2026-09-07,C0036,P0001,7
T003107,2026-09-19,C0060,P0048,6
T003108,2026-09-22,C0081,P0028,3
T003109,2026-09-23,C0123,P0012,3
T003110,2026-09-09,,P0036,5
T003111,2026-09-06,C0142,P0002,1
T003112,2026-09-10,C0108,P0031,7
T003113,2026-09-25,C0138,P9999,7
T003114,2026-09-02,C0003,P0042,2
T003115,2026-09-04,C0023,P0018,6
T003116,2026-09-06,C0123,P0022,3
T003117,2026-09-10,C0073,P0046,4
T003118,2026-09-21,C0099,P0044,8
T003119,2026-09-28,C0016,P0005,5
T003120,2026-09-04,C0036,P0025,7
T003121,2026-09-09,C0030,P0016,1
T003122,2026-09-13,C0073,P0022,1
T003123,2026-09-28,C0007,P0045,6
T003124,2026-09-01,C0008,P0029,3
T003125,2026-09-29,C0076,P0009,8
T003126,2026-09-21,C0036,P0046,3
T003127,2026-09-25,C0142,P0011,2
T003128,2026-09-14,C0070,P9824,5
T003129,2026-09-18,C0001,P0041,-1
T003130,2026-09-23,C0042,P0009,7
T003131,2026-09-01,C0020,P9127,4
T003132,2026-09-28,C0039,P0038,4
T003133,2026-09-30,C0081,P0050,1
T003134,2026-09-23,C0044,P0034,8
T003135,2026-09-30,C0133,P0027,2
T003136,2026-09-11,C0143,P0047,2
T003137,2026-09-17,C0017,P0023,7
T003138,2026-09-27,C0025,P0036,3
T003139,2026-09-07,C0127,P0025,7
T003140,2026-09-22,C0100,P0019,4
T003141,2026-09-12,C0027,P0031,1
T003142,2026-09-21,C0014,P0009,7
T003143,2026-09-12,C0130,P0023,7
T003144,2026-09-11,C0148,P0001,5
T003145,2026-09-21,C0034,P0040,2
T003146,2026-09-07,C0102,P0025,5
T003147,2026-09-27,C0060,P0050,6
T003148,2026-09-15,C0057,P0041,2
T003149,2026-09-16,C0112,P0049,6
T003150,2026-09-06,C0150,P0005,8
T003151,2026-09-07,C0046,P0018,5
T003152,2026-09-12,C0060,P0027,7
T003153,2026-09-23,C0072,P0036,2
T003154,2026-09-15,C0049,P0043,3
T003155,2026-09-30,C0125,P0044,8
T003156,2026-09-25,C0058,P0002,3
T003157,2026-09-07,C0061,P0009,1
T003158,2026-09-25,C0015,P0010,2
T003159,2026-09-07,C0118,P0009,7
T003160,2026-09-30,C0053,P0025,7
T003161,2026-09-07,C0029,P0021,6
T003162,2026-09-18,C0042,P0015,5
T003163,2026-09-04,C0130,P0044,3
T003164,2026-09-06,C0055,P0001,5
T003165,2026-09-03,C0034,P0040,5
T003166,2026-09-01,C0062,P0047,2
T003167,2026-09-21,C0105,P0022,5
T003168,2026-09-02,C0114,P0015,7
T003169,2026-09-29,C0023,P0044,3
T003170,2026-09-26,C0067,P0005,1
T003171,2026-09-11,C0025,P0034,1
T003172,2026-09-15,C0054,P0020,8
T003173,2026-09-02,C0126,P0025,1
T003174,2026-09-26,C0047,P0008,3
T003175,2026-09-15,C0128,P0025,5
T003176,2026-09-15,C0093,P0024,8
T003177,2026-09-05,C0010,P9552,7
T003178,2026-09-16,C0010,P0038,5
T003179,2026-09-09,C0116,P0048,0
T003180,2026-09-22,C0051,P0025,8
T003181,2026-09-07,C0077,P0032,3
T003182,2026-09-26,C0106,P0015,1
T003183,2026-09-14,,P0032,6
T003184,2026-09-10,C0031,P0007,5
T003185,2026-09-05,C0053,P0043,5
T003186,2026-09-08,C0041,P0027,-3
T003187,2026-09-06,C0004,P0037,8
T003188,2026-09-04,C0137,P9315,3
T003189,2026-09-25,C0127,P0004,2
T003190,2026-09-23,C0086,P0024,7
T003191,2026-09-27,C0131,P0010,6
T003192,2026-09-19,C0067,P0009,7
T003193,2026-09-02,C0117,P0008,4
T003194,2026-09-17,C0138,P0016,3
T003195,2026-09-09,C0129,P0013,4
T003196,2026-09-24,C0057,P0050,4
T003197,2026-09-26,C9456,P0035,1
T003198,2026-09-27,C0051,P0013,6
T003199,2026-09-25,C0119,,6
T003200,2026-09-27,C0088,P0037,5
T003201,2026-09-17,C0118,P0045,8
T003202,2026-09-14,C0131,P0008,1
T003203,2026-09-30,C0081,P0033,5
T003204,2026-09-05,C0019,P0036,6
T003205,2026-09-29,C0111,P0044,7
T003206,2026-09-25,C0007,P0049,3
T003207,2026-09-13,C0041,P0006,4
T003208,2026-09-17,C0065,P0018,1
T003209,2026-09-11,C0006,P0010,7
T003210,2026-09-23,C0046,P0047,4
T003211,2026-09-30,,P0030,6
T003212,2026-09-06,,P0039,8
T003213,2026-09-20,C0108,P0044,6
T003214,2026-09-24,C0107,P0013,6
T003215,2026-09-30,C0067,P0001,1
T003216,2026-09-06,C0035,P0004,7
T003217,2026-09-03,C0075,P0004,-1
T003218,2026-09-14,C0080,P0022,1
T003219,2026-09-10,C0080,P0044,2
T003220,2026-09-05,C0001,P0004,4
T003221,2026-09-17,C0109,P0018,8
T003222,2026-09-19,C0100,P0014,7
T003223,2026-09-23,C0016,P0031,-3
T003224,2026-09-04,C0033,P0041,4
T003225,2026-09-20,C9898,P0050,5
T003226,2026-09-04,C0141,P0020,7
T003227,2026-09-17,C0060,P0045,2
T003228,2026-09-12,C0121,P0013,4
T003229,2026-09-09,C0017,P0003,3
T003230,2026-09-16,C0063,,4
T003231,2026-09-03,C0014,P0015,1
T003232,2026-09-16,C0011,P0034,4
T003233,2026-09-03,C0119,P0029,4
T003234,2026-09-07,C0022,P0013,3
T003235,2026-09-30,C0010,P0025,6
T003236,2026-09-29,C0041,P0048,3
T003237,2026-09-17,C0056,P0001,2
T003238,2026-09-26,C0041,P0035,3
T003239,2026-09-30,C0032,P0012,4
T003240,2026-09-15,C0079,P0001,7
T003241,2026-09-11,C0033,P0030,8
T003242,2026-09-08,C0060,P0025,5
T003243,2026-09-17,C0100,,7
T003244,2026-09-05,C0007,P0044,1
T003245,2026-09-30,C0114,P0022,5
T003246,2026-09-28,C0110,P0037,4
T003247,2026-09-07,C9948,P0001,5
T003248,2026-09-03,C0058,P0034,8
T003249,2026-09-21,C0059,P0039,4
T003250,2026-09-29,,P0027,5
T003251,2026-09-27,C0134,P0011,5
T003252,2026-09-01,C0022,P0007,2
T003253,2026-09-09,C0013,P0034,1
T003254,2026-09-03,C0138,P0033,1
T003255,2026-09-10,C9691,P0030,3
T003256,2026-09-11,C0133,P0032,7
T003257,2026-09-26,C0019,P0028,1
T003258,2026-09-12,C0016,P0019,3
T003259,2026-09-12,C0036,P0016,5
T003260,2026-09-16,,P0016,2
T003261,2026-09-23,C0084,P0006,2
T003262,2026-09-23,C0140,P0046,2
T003263,2026-09-20,C0086,P0031,8
T003264,2026-09-12,C0087,P0018,6
T003265,2026-09-23,C0105,P0018,4
T003266,2026-09-19,C0002,P0035,1
T003267,2026-09-26,C0131,P0037,7
T003268,2026-09-18,,P0036,1
T003269,2026-09-24,C0142,P0041,6
T003270,2026-09-20,C0009,P0002,7
T003271,2026-09-02,C0145,P0046,2
T003272,2026-09-05,C0023,P0004,2
T003273,2026-09-16,C0143,P0045,6
T003274,2026-09-05,C0143,P0023,6
T003275,2026-09-25,C0132,P0048,2
T003276,2026-09-03,C0095,P0035,1
T003277,2026-09-28,C0090,P0002,2
T003278,2026-09-28,C0078,P0016,8
T003279,17/09/2026,C0067,P0045,8
T003280,2026-09-07,C0067,P9441,8
T003281,2026-09-19,C0021,P0009,5
T003282,2026-09-18,C0133,P0046,2
T003283,2026-09-26,C0070,P0010,7
T003284,2026-09-25,C0121,P0021,4
T003285,2026-09-23,C0102,P0042,6
T003286,2026-09-08,C0035,P0020,4
T003287,2026-09-11,C0122,P0042,8
T003288,2026-09-03,C0083,P0008,4
T003289,2026-09-05,C0038,P0010,8
T003290,2026-09-06,C0087,P0024,4
T003291,2026-09-10,C0136,P0026,4
T003292,2026-09-11,C0024,P0018,1
T003293,2026-09-28,C0134,P0039,1
T003294,2026-09-02,C0138,P0003,8
T003295,2026-09-11,C0072,P0049,7
T003296,2026-09-17,C0023,P0021,6
T003297,25/09/2026,C0088,P0012,3
T003298,2026-09-21,C0136,P0005,7
T003299,2026-09-26,C0050,P0003,5
T003300,2026-09-05,C0130,P0029,3
T003301,2026-09-11,C0137,P0033,5
T003302,2026-09-06,C0120,P0004,1
T003303,2026-09-12,C0039,P0028,5
T003304,2026-09-23,C0122,P0017,2
T003305,2026-09-15,C0064,P0031,8
T003306,2026-09-08,C9562,P0009,8
T003307,2026-09-07,C0040,P0010,2
T003308,2026-09-07,C0100,P0033,7
T003309,2026-09-19,C0115,P0006,3
T003310,2026-09-28,C0023,P0003,8
T003311,2026-09-20,C0057,P0050,1
T003312,2026-09-15,C0101,P0046,7
T003313,2026-09-02,C0122,P0017,3
T003314,2026-09-09,C0094,P0018,6
T003315,2026-09-25,C0148,P0047,1
T003316,2026-09-07,C0124,P0017,8
T003317,2026-09-06,C0106,P0021,5
T003318,2026-09-09,C0087,P0037,3
T003319,2026-09-21,C0022,P0039,3
T003320,2026-09-26,C0028,P0048,4
T003321,2026-09-08,C0137,P0010,3
T003322,2026-09-14,C0078,P0005,8
T003323,2026-09-18,C0146,P0005,8
T003324,2026-09-05,C0136,P0025,4
T003325,2026-09-14,C0118,P0009,8
T003326,2026-09-25,C0099,,7
T003327,2026-09-27,C0012,P0001,8
T003328,2026-09-02,C0112,P0025,6
T003329,2026-09-16,C0010,P0010,8
T003330,2026-09-04,C0136,P0041,8
T003331,2026-09-11,C0133,P0043,2
T003332,2026-09-16,C0033,P0036,4
T003333,2026-09-10,C0073,P0021,4
T003334,2026-09-01,C0057,P0041,2
T003335,2026-09-16,C0102,P0030,3
T003336,2026-09-24,C0137,P0017,7
T003337,2026-09-01,C0068,,5
T003338,2026-09-21,C0018,P0024,3
T003339,2026-09-20,C0046,P0049,2
T003340,2026-09-26,C0147,P0044,8
T003341,2026-09-19,C0070,P0034,3
T003342,2026-09-29,C0042,P9151,8
T003343,2026-09-06,C0087,P0035,4
T003344,2026-09-30,C0062,P0009,7
T003345,2026-09-17,C0071,P0034,6
T003346,2026-09-15,C0061,P0032,3
T003347,2026-09-30,C0138,P0023,8
T003348,2026-09-19,C0046,P0004,8
T003349,2026-09-20,C0066,P0016,4
T003350,2026-09-30,C9197,P0023,6
T003351,2026-09-28,C0011,P0043,5
T003352,2026-09-10,C0006,P0005,4
T003353,2026-09-11,C0015,P0035,3
T003354,2026-09-04,C0080,P0021,8
T003355,2026-09-09,C0138,P0041,6
T003356,2026-09-05,C0131,P0016,7
T003357,2026-09-21,C0085,P0012,1
T003358,2026-09-02,C0100,P0009,2
T003359,2026-09-28,C0004,P0047,7
T003360,2026-09-19,C0108,P0024,4
T003361,2026-09-06,C0042,P0043,6
T003362,2026-09-29,C0129,P0021,1
T003363,2026-09-21,C0138,P0043,3
T003364,2026-09-08,C0121,P0033,2
T003365,2026-09-11,C0116,P0042,1
T003366,2026-09-27,C0096,P0022,4
T003367,2026-09-28,C0111,P0009,2
T003368,2026-09-15,C0017,P0040,7
T003369,2026-09-29,C0083,P0034,2
T003370,2026-09-13,C0028,P0040,2
T003371,2026-09-17,C0018,P0016,2
T003372,2026-09-16,C0092,P0025,5
T003373,2026-09-04,C0050,P0028,7
T003374,2026-09-08,C0135,P0041,8
T003375,2026-09-07,C0054,P9321,8
T003376,2026-09-02,C0025,P0043,7
T003377,2026-09-22,C0098,P0045,2
T003378,2026-09-16,C0071,P0041,1
T003379,2026-09-15,C0096,P0022,2
T003380,2026-09-11,C0034,P0017,2
T003381,2026-09-06,C0031,P0022,6
T003382,2026-09-10,C0019,P0038,3
T003383,2026-09-15,C0008,P0023,2
T003384,2026-09-13,C0034,P0046,4
T003385,2026-09-21,C0051,P0016,7
T003386,2026-09-05,C0005,P0045,2
T003387,2026-09-16,C0070,P0012,8
T003388,2026-09-12,C0130,P0021,1
T003389,2026-09-20,C0147,P0021,2
T003390,2026-09-28,C0045,P0022,7
T003391,2026-09-22,C0055,P0001,4
T003392,2026-09-01,C0065,P0017,5
T003393,2026-09-13,C0110,P0025,7
T003394,2026-09-17,C0047,P0048,4
T003395,2026-09-02,C0144,P0013,4
T003371,2026-09-20,C0052,P0019,2
T003397,2026-09-16,C0075,P0021,8
T003398,2026-09-14,C0137,P0034,8
T003399,2026-09-03,,P0013,6
T003400,2026-09-14,C0036,P0020,2
T003401,2026-09-25,C0046,P0019,1
T003402,2026-09-16,C0084,P0045,3
T003403,2026-09-23,C0100,P0022,6
T003404,2026-09-08,C0052,P0032,2
T003405,2026-09-04,C0103,P0009,6
T003406,2026-09-02,C0125,P0042,3
T003407,2026-09-18,C0081,P0013,6
T003408,2026-09-23,C0071,P0048,5
T003409,2026-09-10,C0096,,4
T003410,2026-09-25,C0075,P0035,7
T003411,2026-09-28,C0033,P9458,4
T003412,2026-09-17,C0142,P0009,5
T003413,2026-09-27,C0069,P0019,1
T003414,2026-09-23,C0110,P0010,2
T003415,2026-09-14,C0133,P0046,7
T003416,2026-09-18,C0062,P0002,1
T003417,2026-09-01,,P0015,1
T003418,2026-09-25,C0010,P0029,5
T003419,2026-09-09,C0008,P0044,7
T003420,2026-09-12,C0087,P0035,3
T003421,2026-09-08,C0115,P0039,1
T003422,2026-09-12,C0117,P0044,5
T003423,2026-09-06,C0119,P0005,8
T003424,2026-09-01,C0007,P0038,1
T003425,2026-09-28,C0147,P0003,2
T003426,2026-09-13,C0049,P9818,5
T003427,2026-09-30,C0148,P0015,1
T003428,2026-09-27,C0109,P0026,5
T003429,2026-09-13,C0071,P0025,1
T003430,2026-09-16,C0042,P0033,7
T003431,2026-09-02,C0060,P0046,6
T003432,2026-09-15,C0013,P9184,8
T003433,2026-09-26,C0070,P0022,4
T003434,2026-09-18,C0148,,1
T003435,2026-09-25,C0150,P0012,8
T003436,2026-09-14,C0085,P0005,6
T003437,2026-09-27,C0018,P0010,2
T003438,2026-09-06,C0082,P0015,7
T003439,2026-09-08,C0081,P0046,7
T003440,2026-09-09,C0027,P0004,2
T003441,2026-09-27,C0103,P0031,2
T003442,2026-09-14,C0115,P0037,7
T003443,2026-09-13,C0001,P0014,3
T003444,2026-09-09,C0037,P0050,4
T003445,2026-09-10,C0007,P0001,6
T003446,2026-09-23,C0088,P0047,7
T003447,2026-09-01,C0031,P0041,3
T003448,2026-09-08,C0078,P0026,8
T003449,2026-09-17,C0061,P0028,5
T003450,2026-09-04,C0096,P0049,6
T003451,2026-09-18,C0003,P0049,8
T003452,2026-09-17,C0068,P0021,7
T003453,2026-09-12,C0027,,3
T003454,2026-09-07,C0126,P0048,8
T003455,2026-09-12,C0087,P0040,7
T003456,2026-09-15,C0094,,6
T003457,2026-09-07,C0136,P0032,4
T003458,2026-09-15,C0144,P0049,7
T003459,2026-09-03,C0061,P0013,3
T003460,2026-09-07,C0087,P0026,8
T003461,2026-09-21,C0112,P0031,5
T003462,2026-09-01,C0107,P0001,6
T003463,2026-09-04,C0095,P0023,4
T003464,2026-09-06,C0045,P0048,4
T003465,2026-09-01,C0142,P0001,2
T003466,2026-09-12,C0112,P0004,3
T003467,2026-09-02,C0055,P9466,6
T003468,2026-09-16,C0063,P0014,5
T003469,2026-09-01,C0114,P9794,3
T003453,2026-09-05,C0076,P0030,4
T003471,2026-09-13,C0083,P0012,1
T003472,2026-09-15,C0096,P0018,6
T003473,2026-09-05,C0136,P0022,6
T003474,2026-09-27,C0015,P0010,4
T003475,2026-09-26,C0054,P0002,3
T003476,2026-09-01,C0144,P0015,8
T003477,2026-09-19,C0035,P0011,2
T003478,2026-09-29,C0141,P0004,6
T003479,2026-09-21,C0128,P0048,2
T003480,2026-09-26,C0122,P0034,4
T003481,2026-09-15,,P0042,5
T003482,2026-09-06,C0088,P0012,5
T003483,2026-09-11,C0036,P0044,5
T003484,2026-09-01,C0106,P0047,3
T003485,2026-09-03,C0070,P0048,1
T003486,2026-09-09,C0064,P0027,7
T003487,2026-09-06,C0031,P0044,8
T003488,2026-09-10,C0124,P0047,6
T003489,2026-09-03,C0013,P0036,4
T003490,2026-09-17,C0116,P0007,3
T003491,2026-09-26,,P0004,6
T003492,2026-09-04,C0053,P0044,4
T003493,2026-09-05,C0075,P0032,4
T003494,2026-09-04,C0030,P0036,0
T003495,2026-09-03,C0106,P0032,4
T003496,2026-09-15,C0002,P0030,8
T003497,2026-09-27,C0028,P0046,6
T003498,2026-09-12,C0030,P0033,3
T003499,2026-09-09,C0031,P0002,2
T003500,2026-09-18,C0100,P0041,4
T003501,2026-09-17,C0119,P0042,6
T003502,2026-09-23,C0145,P0023,4
T003503,2026-09-03,C0076,P0035,2
T003504,2026-09-16,C0107,P0026,8
T003505,2026-09-06,C0001,P0022,2
T003505,2026-09-04,C0070,P0050,5
T003507,2026-09-08,C0073,P0039,6
T003508,2026-09-01,C0039,P0011,3
T003509,2026-09-11,C0122,P0031,8
T003510,2026-09-17,C0058,P0038,8
T003511,2026-09-04,C0135,P0023,7
T003512,2026-09-11,C0131,P0037,6
T003513,2026-09-16,C0134,P0050,7
T003514,2026-09-22,C0104,,8
T003515,2026-09-27,C0086,P0037,2
T003516,2026-09-06,C0143,P0020,6
T003517,2026-09-18,C0149,P0044,4
T003518,2026-09-24,C0077,P0040,2
T003519,2026-09-17,C0014,P0015,5
T003520,2026-09-27,C0053,P0025,4
T003521,2026-09-13,C0009,P0007,5
T003522,2026-09-08,C0058,P0021,1
T003523,2026-09-22,C0035,P0004,5
T003524,2026-09-21,C0141,P0017,2
T003525,2026-09-04,C0078,P0016,5
T003526,2026-09-23,C0141,P0048,5
T003527,2026-09-17,C0029,P0041,1
T003528,2026-09-18,C0134,P0020,3
T003529,2026-09-18,C0026,P0046,8
T003530,2026-09-01,C0006,P0033,8
T003531,2026-09-28,C0099,P0016,7
T003532,2026-09-29,C0017,P0048,5
T003533,2026-09-22,C0122,P0018,8
T003534,2026-09-21,C0149,P0050,5
T003535,2026-09-02,C0148,P0040,1
T003536,2026-09-25,C0089,P0032,8
T003537,2026-09-22,C0142,P0029,0
T003538,2026-09-07,C0112,P0034,7
T003539,2026-09-05,C0021,P0041,3
T003540,2026-09-04,C0042,P0007,7
T003541,2026-09-27,C0142,P0046,6
T003542,2026-09-07,C0100,P0001,4
T003543,2026-09-25,C0116,P0041,8
T003544,2026-09-27,C0104,P0040,7
T003545,2026-09-20,C0012,P0002,8
T003546,2026-09-14,C0073,P0038,0
T003547,2026-09-21,C0074,P0034,3
T003548,2026-09-05,C0079,P0045,1
T003549,2026-09-22,C0066,,8
T003550,2026-09-16,C0029,P0032,5
T003551,2026-09-01,C0075,P0043,8
T003552,2026-09-26,C0074,P0025,3
T003553,2026-09-25,C0077,P0007,5
T003554,2026-09-17,C0043,P0047,5
T003555,2026-09-17,C0066,P0006,8
T003556,2026-09-24,C0009,P0013,1
T003557,2026-09-03,C0014,P0043,6
T003558,2026-09-22,C0149,P0002,8
T003559,2026-09-09,C0089,P0018,4
T003560,2026-09-04,C0107,P0039,2
T003561,2026-09-29,C0075,P0002,2
T003562,2026-09-03,C0018,P0003,7
T003563,2026-09-09,C0146,P0037,1
T003564,2026-09-05,C0060,P0009,6
T003565,2026-09-14,C0101,P0048,1
T003566,2026-09-27,C0020,P0024,3
T003567,2026-09-21,C0014,P0046,1
T003568,2026-09-19,C0061,P0011,7
T003569,2026-09-25,C0105,P0016,4
T003570,2026-09-04,C0006,P0002,5
T003571,2026-09-29,C0108,P0039,7
T003572,2026-09-19,C0047,P0021,5
T003573,2026-09-21,C0056,P0018,2
T003574,2026-09-15,C0139,P0008,1
T003575,2026-09-18,C0016,P0013,3
T003576,2026-09-24,C0098,P0013,3
T003577,2026-09-05,C0142,P0006,2
T003529,2026-09-08,C0007,P0039,3
T003579,2026-09-02,C0070,P0003,-1
T003580,2026-09-13,C0095,P0049,3
T003581,2026-09-27,C0034,P0002,6
T003582,2026-09-25,C0068,P0029,7
T003583,2026-09-07,C0007,P0033,8
T003584,2026-09-24,C0082,P0044,7
T003585,2026-09-09,C0007,P0036,2
T003586,2026-09-16,C0001,P0007,7
T003587,2026-09-22,C0129,P0022,6
T003588,2026-09-08,C0142,P0047,8
T003589,2026-09-21,C0107,P0032,6
T003590,2026-09-27,C0141,P0033,2
T003591,2026-09-24,C0105,P0008,4
T003592,2026-09-08,C0124,P0023,1
T003593,2026-09-25,C0009,P0029,6
T003594,2026-09-16,C0127,P0026,4
T003595,2026-09-11,C0086,P0049,4
T003596,2026-09-24,C0063,P0007,7
T003597,2026-09-08,C0015,P0017,7
T003598,2026-09-17,C0002,P0012,1
T003599,2026-09-08,C0007,P0010,4
T003600,2026-09-05,C0117,P0033,8
T003601,2026-09-06,C0097,P0014,7
T003602,2026-09-20,C0122,P0027,6
T003603,2026-09-17,C0105,P0021,8
T003604,2026-09-20,C0142,P0043,1
T003572,2026-09-14,C0020,P0020,2
T003606,2026-09-03,C0121,P0009,-3
T003607,2026-09-18,C0078,P0004,2
T003608,2026-09-18,C0121,P0042,6
T003609,2026-09-18,C0070,P0008,4
T003610,2026-09-17,C0143,P0041,1
T003611,2026-09-21,C0126,P0025,1
T003612,2026-09-02,C0035,P0020,5
T003613,2026-09-13,C0147,P0049,7
T003614,2026-09-29,C0073,P0038,7
T003615,2026-09-11,C0028,P0009,8
T003616,2026-09-10,C0112,P0023,4
T003617,2026-09-26,C0088,P0025,3
T003618,2026-09-14,C0046,P0007,7
T003619,2026-09-25,C0078,P0022,2
T003620,2026-09-30,C0046,P0015,6
T003621,2026-09-26,C0106,P0013,2
T003622,2026-09-19,C0031,P0022,3
T003623,2026-09-06,C0014,P0033,8
T003624,2026-09-12,C0089,P0044,1
T003625,2026-09-27,C0029,P0033,1
T003626,2026-09-03,C0065,P0017,8
T003627,2026-09-20,C0137,P0039,8
T003628,2026-09-12,C0001,P0036,8
T003629,2026-09-04,C0052,P0038,7
T003630,2026-09-01,C0085,P0037,7
T003631,2026-09-21,C0076,P0041,8
T003632,2026-09-03,C0059,P0031,7
T003633,2026-09-18,C0078,P0008,1
T003634,2026-09-03,C0040,P0007,5
T003635,2026-09-27,C0150,P0011,3
T003636,2026-09-15,C0099,P0022,8
T003637,2026-09-07,C0034,P0028,5
T003638,2026-09-17,C0122,P0021,6
T003639,2026-09-09,C0119,P0021,1
T003640,2026-09-17,C0075,P0040,5
T003641,2026-09-06,C0035,P0046,8
T003642,2026-09-30,C0044,P0047,4
T003643,2026-09-10,C0013,P0015,1
T003644,2026-09-30,C0015,P0018,6
T003645,2026-09-01,C0120,P0018,6
T003646,2026-09-16,C0064,P0046,7
T003647,2026-09-26,C0045,P0011,8
T003648,2026-09-10,C0058,P0037,6
T003649,2026-09-29,C0063,P0014,5
T003650,2026-09-05,C0040,P0048,2
T003651,2026-09-21,C0011,P0044,2
T003652,2026-09-17,C0113,P0015,1
T003653,2026-09-21,C0014,,4
T003654,2026-09-08,C0139,P0030,4
T003655,2026-09-22,C0026,P0046,2
T003656,2026-09-02,C0148,P0031,3
T003657,2026-09-26,C0032,P0038,6
T003658,2026-09-14,C0093,P0007,5
T003659,2026-09-22,C0121,P0016,4
T003660,2026-09-30,C0115,P0002,3
T003661,2026-09-17,C0119,P0037,8
T003662,2026-09-04,C0020,P0047,1
T003663,2026-09-06,C0128,P0009,4
T003664,2026-09-26,C0087,,2
T003665,2026-09-05,C0120,P0042,7
T003666,2026-09-14,C0108,P0045,4
T003667,2026-09-15,C0129,P0032,4
T003668,2026-09-20,C0117,P0001,7
T003669,2026-09-30,C0081,P0003,6
T003670,2026-09-16,C0068,P0039,5
T003671,2026-09-14,C0139,P0008,6
T003672,2026-09-30,C0006,P0042,2
T003673,2026-09-05,C0144,P0021,2
T003674,2026-09-02,C0041,P0024,8
T003675,2026-09-19,C0052,P0002,8
T003676,2026-09-24,C0013,P0046,6
T003677,2026-09-26,C0035,P0001,7
T003678,2026-09-27,C0128,P0012,6
T003679,2026-09-07,C0082,P0041,8
T003680,2026-09-24,C0003,P0043,8
T003681,2026-09-13,C0050,P0017,2
T003682,2026-09-17,C0103,P0005,8
T003683,2026-09-28,C0117,P0005,7
T003653,2026-09-15,C0038,P0032,1
T003685,2026-09-27,C0113,P0007,7
T003686,2026-09-29,C0066,P0050,7
T003687,2026-09-21,C0001,P0049,4
T003688,2026-09-07,C9759,P0007,3
T003689,2026-09-24,C0047,P0020,5
T003690,2026-09-18,C0084,P0045,7
T003691,2026-09-03,C0094,P0039,8
T003692,2026-09-05,C0034,P0016,1
T003693,2026-09-19,C0083,P0028,5
T003694,2026-09-07,C0043,P0018,3
T003695,2026-09-20,C0077,P0031,4
T003696,2026-09-18,C0016,P0010,5
T003697,2026-09-03,C0026,P0007,5
T003698,2026-09-28,C0054,P0029,5
T003699,2026-09-20,C9114,P0029,2
T003700,2026-09-21,C0128,P0049,7
T003701,2026-09-10,C0048,P0008,2
T003702,2026-09-27,C0137,P0027,7
T003703,2026-09-04,C0037,P0012,6
T003704,2026-09-11,C0047,P0003,6
T003705,2026-09-16,C0115,P0019,2
T003706,2026-09-29,C0071,P0005,7
T003707,2026-09-02,C0126,P0026,2
T003708,2026-09-07,C0033,P0023,4
T003709,2026-09-01,C0018,P0006,8
T003710,2026-09-03,C0001,P0046,4
T003711,2026-09-29,C0065,P0041,4
T003712,2026-09-25,C0147,P0041,4
T003713,2026-09-29,C0125,P0038,8
T003714,2026-09-12,C0016,P0010,4
T003715,2026-09-22,C0097,P0001,3
T003716,2026-09-22,C0015,P0040,8
T003717,2026-09-20,C0021,P0016,3
T003718,2026-09-04,C0085,P0036,3
T003719,2026-09-26,C0143,P0011,7
T003720,2026-09-24,C0067,P0004,1
T003721,2026-09-25,C0009,P0017,3
T003722,2026-09-01,C0006,P0027,1
T003723,2026-09-24,C0022,P0041,3
T003724,2026-09-20,C0079,P0015,4
T003725,2026-09-10,C0004,P0008,4
T003726,2026-09-09,C0060,P0032,7
T003677,2026-09-09,C0061,P0030,2
T003728,2026-09-14,C0085,P0020,3
T003729,2026-09-06,C0029,P0043,7
T003730,2026-09-15,C9512,P0017,3
T003731,2026-09-12,C0011,P0033,2
T003732,2026-09-20,C0060,P0027,4
T003733,2026-09-01,C0124,P0043,3
T003734,2026-09-09,C0058,P0036,7
T003735,29/09/2026,C0018,P0044,2
T003736,2026-09-06,C0139,P0020,3
T003737,2026-09-24,C0148,P0023,3
T003738,2026-09-22,C0034,P0046,2
T003739,2026-09-12,C0068,P0018,5
T003740,2026-09-30,C0105,P0050,8
T003741,2026-09-13,C0009,P0040,1
T003742,2026-09-25,C0079,P0003,5
T003743,2026-09-13,C0009,P0032,6
T003744,2026-09-26,C0059,P0026,5
T003745,2026-09-04,C0025,P0016,7
T003746,2026-09-19,C0027,P0016,5
T003747,2026-09-24,C0144,P0034,6
T003748,2026-09-13,C0057,P0043,6
T003749,2026-09-02,C0062,P0038,4
T003750,2026-09-14,C0094,P0014,2
T003751,2026-09-06,C0110,P0007,2
T003752,2026-09-21,C0020,P0024,1
T003753,2026-09-25,C0054,P0011,6
T003754,2026-09-13,C0078,,6
T003755,2026-09-23,C0129,P0024,4
T003756,2026-09-09,C0003,P0044,6
T003757,2026-09-13,C0097,P0030,2
T003758,2026-09-26,C0031,P0025,7
T003759,2026-09-07,C0081,P0019,2
T003760,2026-09-06,C0120,P0039,2
T003761,2026-09-06,C0117,P0026,8
T003762,2026-09-25,C0042,P0008,4
T003763,2026-09-16,C0139,P0030,6
T003764,2026-09-02,C0104,P0044,6
T003765,2026-09-01,C0122,P0047,4
T003766,2026-09-09,C0129,P0042,3
T003767,2026-09-11,C0042,P9159,8
T003768,2026-09-15,C0115,P0045,2
T003769,2026-09-13,C0022,P0019,8
T003770,2026-09-18,C0082,P0009,8
T003771,2026-09-15,C0013,P0031,3
T003772,2026-09-14,C0002,P0010,4
T003773,2026-09-01,C0089,P0018,5
T003774,2026-09-13,C0003,P0015,2
T003775,2026-09-25,C0075,P0003,7
T003776,2026-09-04,C0100,P0001,6
T003777,2026-09-16,C0030,P0002,5
T003778,2026-09-13,C0138,P0030,1
T003779,2026-09-29,C0029,P0043,8
T003780,2026-09-26,C0026,P0007,8
T003733,2026-09-09,C0040,P0042,4
T003782,2026-09-10,C0037,P0004,2
T003783,2026-09-09,C0045,P0030,2
T003784,2026-09-21,C0145,P0030,7
T003785,2026-09-22,C0088,P0045,7
T003786,2026-09-04,C0031,P0040,8
T003787,2026-09-06,C0025,P0004,6
T003788,2026-09-03,C0087,P0036,5
T003789,2026-09-09,C0136,P0014,5
T003790,2026-09-21,C0090,P0025,1
T003791,2026-09-14,C0064,P0015,3
T003792,2026-09-15,C0060,P0047,3
T003793,2026-09-05,C0090,P0006,4
T003794,2026-09-01,C0052,P0026,1
T003795,2026-09-26,C0110,P0010,5
T003796,2026-09-24,C0135,P0013,6
T003797,2026-09-14,,P0044,3
T003798,2026-09-14,C0146,P0033,6
T003799,2026-09-29,C0039,P0023,7
T003800,2026-09-01,C0149,P0033,7
T003801,2026-09-29,C0071,P0029,2
T003802,2026-09-29,C0058,P0040,1
T003803,2026-09-25,C0049,P0049,3
T003804,2026-09-18,C0083,P0013,3
T003805,2026-09-22,C0030,P0039,2
T003806,2026-09-20,,P0007,8
T003807,2026-09-01,C0047,P0047,7
T003808,2026-09-21,C0008,P0046,5
T003809,2026-09-03,C0073,P0012,5
T003810,2026-09-11,C0096,P0040,2
T003811,2026-09-22,C0130,P0026,5
T003812,2026-09-25,C0061,P0021,7
T003792,2026-09-15,C0016,P0033,3
T003814,2026-09-17,C0042,P0044,2
T003815,2026-09-19,C0108,P0035,3
T003816,2026-09-04,C0097,P0019,4
T003817,2026-09-09,C0092,,1
T003818,2026-09-20,C0135,P0015,4
T003819,2026-09-25,C0032,P0025,6
T003820,2026-09-08,C0113,P0033,4
T003821,2026-09-08,C0057,P0017,8
T003822,2026-09-15,C0020,P0014,2
T003823,2026-09-09,C0077,P0046,3
T003824,2026-09-18,C0014,P0028,6
T003825,2026-09-07,C0056,P0023,7
T003826,2026-09-10,C0140,P0025,-3
T003827,2026-09-03,C0129,P0024,6
T003828,2026-09-19,C0143,P0048,7
T003829,2026-09-27,C0116,P0001,4
T003830,2026-09-19,C9761,P0025,7
T003831,2026-09-09,C0026,P0011,2
T003832,2026-09-21,C0047,P0007,7
T003833,2026-09-21,C0004,P0046,1
T003834,2026-09-18,C0053,P0015,6
T003835,2026-09-05,C0011,P0050,8
T003836,2026-09-23,C0107,P0002,7
T003837,2026-09-01,C0105,P0037,7
T003838,2026-09-24,C0064,P0025,4
T003839,2026-09-03,C0040,P0034,1
T003840,2026-09-25,C0092,P0047,4
T003841,2026-09-26,C0057,P0017,2
T003842,07/09/2026,C0032,P0006,7
T003843,2026-09-01,C0015,P0040,6
T003844,2026-09-10,C0147,P0012,5
T003845,2026-09-06,C0046,P0045,5
T003846,2026-09-08,C0043,P0017,1
T003847,2026-09-26,C0084,P0036,1
T003848,2026-09-25,C0147,P0027,6
T003849,2026-09-24,C0144,P0017,1
T003850,2026-09-01,C0060,P0042,6
T003851,2026-09-18,C0073,P0038,6
T003852,2026-09-11,C9414,P0045,8
T003853,2026-09-24,C0020,P9317,8
T003833,2026-09-19,C0027,P0005,3
T003855,2026-09-29,C0074,P0019,2
T003856,2026-09-29,C0102,P0013,6
T003857,2026-09-16,C0021,P0049,6
T003858,2026-09-14,C0049,P0019,7
T003859,2026-09-06,C0078,P0025,5
T003860,2026-09-07,C0040,P0026,1
T003861,2026-09-17,C0069,P0045,8
T003862,2026-09-21,C0036,P0050,8
T003863,2026-09-07,C0074,P0032,6
T003864,2026-09-16,C0060,P0017,1
T003865,2026-09-26,C9701,P0020,3
T003866,2026-09-29,C9987,P0044,8
T003867,2026-09-25,C0056,P0017,3
T003868,2026-09-06,C0052,P0018,3
T003869,2026-09-06,C0096,P0007,1
T003870,2026-09-18,C0045,P0026,5
T003871,2026-09-01,C0121,P0006,8
T003872,2026-09-07,C0079,P0041,7
T003873,2026-09-04,C0031,P0049,1
T003874,2026-09-09,C0052,P0023,4
T003875,2026-09-11,C0098,P0029,8
T003876,2026-09-11,C0007,P0029,2
T003877,2026-09-26,C0038,P0013,4
T003878,2026-09-04,C0047,P0010,5
T003879,2026-09-17,C0003,P0042,8
T003880,2026-09-02,C0149,P0024,4
T003881,2026-09-13,C0024,P0044,1
T003882,2026-09-05,C0146,P0028,1
T003883,2026-09-14,C0131,P0013,6
T003884,2026-09-11,C0137,P0029,8
T003885,2026-09-25,C0018,P0023,3
T003886,2026-09-21,C0080,P0018,6
T003887,2026-09-09,C0044,P0023,2
T003888,2026-09-10,C0013,P9245,3
T003889,29/09/2026,C0057,P0013,5
T003890,2026-09-20,C0143,P0004,4
T003891,2026-09-29,C0068,P0013,8
T003892,2026-09-07,C0037,P9957,4
T003893,2026-09-09,C0037,P0020,7
T003894,2026-09-14,C0134,P0008,4
T003895,2026-09-15,C0028,P0043,7
T003896,2026-09-16,C0146,P0019,5
T003897,2026-09-23,C0030,P0002,2
T003898,2026-09-17,C0122,P0049,3
T003899,2026-09-18,C0111,P0005,6
T003900,2026-09-12,C0001,P0037,4
T003901,2026-09-14,C0055,P0003,5
T003902,2026-09-20,C0115,P0040,3
T003903,2026-09-21,C0142,P0044,2
T003904,2026-09-08,C0147,P9987,4
T003905,2026-09-04,C0055,P0002,4
T003906,2026-09-21,C0027,P0011,2
T003907,2026-09-11,C0014,P0019,4
T003908,2026-09-23,C0079,P0014,4
T003909,2026-09-05,C0100,P0027,6
T003910,2026-09-06,C0144,P0041,4
T003911,2026-09-04,C0049,P0016,6
T003912,2026-09-27,C0050,P0013,5
T003913,2026-09-10,C0069,P0020,4
T003914,2026-09-12,C0036,P0012,4
T003915,2026-09-04,C0005,P0045,1
T003916,2026-09-19,C0089,P0008,4
T003917,2026-09-27,C0092,P0049,4
T003874,2026-09-06,C0144,P0050,4
T003919,2026-09-24,C0036,P0003,7
T003920,2026-09-21,C0072,P0036,2
T003921,2026-09-29,C0055,P0028,1
T003922,2026-09-29,C0078,P0049,7
T003923,2026-09-07,C0024,P0032,3
T003924,2026-09-30,C0109,P9977,8
T003925,2026-09-11,C0126,P0026,7
T003926,2026-09-18,C0042,P0026,7
T003927,2026-09-09,C0118,P0016,2
T003928,2026-09-09,C0084,P0019,2
T003929,2026-09-20,C0075,P0009,5
T003930,2026-09-14,C0150,P0037,1
T003931,2026-09-22,C0053,P0010,8
T003932,2026-09-19,C0141,P0022,7
T003933,2026-09-13,C0106,P0018,4
T003934,2026-09-18,,P0004,6
T003935,2026-09-27,C0024,P0031,2
T003936,2026-09-08,C0055,,7
T003937,2026-09-20,C0149,P0039,7
T003938,2026-09-20,C0144,P0016,1
T003939,2026-09-17,C0068,P0047,3
T003940,2026-09-13,C0073,P0041,2
T003941,2026-09-10,C0007,P0035,7
T003942,2026-09-11,C0114,P0020,3
T003943,2026-09-04,C0105,P0047,7
T003944,2026-09-28,C0077,P0004,5
T003945,2026-09-29,C0002,P0023,1
T003946,2026-09-13,C0140,P0007,3
T003947,2026-09-05,C0058,P0018,3
T003948,2026-09-28,C0085,P0048,1
T003949,2026-09-02,C0003,P0027,1
T003950,2026-09-03,C0121,P0027,7
T003951,2026-09-07,C0043,P0001,5
T003952,2026-09-14,C0028,P0016,5
T003953,2026-09-22,C9915,P0039,4
T003954,2026-09-02,C0020,P0015,1
T003955,2026-09-02,,P0036,2
T003956,2026-09-12,C0060,P0037,8
T003957,2026-09-24,C0083,P0007,2
T003958,2026-09-21,C0081,P0031,2
T003959,2026-09-03,C0031,P0032,4
T003960,2026-09-23,C0061,P0003,8
T003961,2026-09-03,C0104,P0022,1
T003962,2026-09-21,C0056,P0047,2
T003963,2026-09-30,C0098,P0050,3
T003964,2026-09-21,C0013,P0034,1
T003965,2026-09-04,C0061,P0033,7
T003966,2026-09-05,C0072,,6
T003967,2026-09-23,C0058,P0040,1
T003968,2026-09-29,C0018,P0027,1
T003969,2026-09-17,C0117,P0020,2
T003970,2026-09-07,C0088,P0024,2
T003971,2026-09-19,C0087,P0010,4
T003972,2026-09-06,C0049,P0035,5
T003973,2026-09-07,C0106,P0013,1
T003974,2026-09-17,C0102,P0024,8
T003975,2026-09-05,C0063,P0015,4
T003976,2026-09-02,C0016,P0034,4
T003977,2026-09-10,C0037,P0046,2
T003978,2026-09-12,C0021,P0011,8
T003979,17/09/2026,C0072,P0029,2
T003980,2026-09-12,C0062,P0048,4
T003981,2026-09-25,C0064,P0042,6
T003982,2026-09-16,C0031,P0012,2
T003983,2026-09-16,C0125,P0023,2
T003984,2026-09-13,C0009,P0008,3
T003985,2026-09-08,C0124,P0036,6
T003986,2026-09-15,C0030,P0021,3
T003987,2026-09-07,C0101,P0004,2
T003988,2026-09-16,C0102,P0006,6
T003989,2026-09-18,C0077,P0026,4
T003990,2026-09-26,C0036,P0002,1
T003991,2026-09-03,C0117,P0050,5
T003992,2026-09-09,C0039,P0015,8
T003993,2026-09-22,C0140,P0002,1
T003994,2026-09-14,C0110,P0041,1
T003995,2026-09-14,C0142,P0040,2
T003996,2026-09-05,C0081,P0026,2
T003997,2026-09-02,C0136,P0046,4
T003998,2026-09-07,C0022,P0022,7
T003999,2026-09-17,C0029,P0014,8
T004000,2026-09-10,C0030,P0018,3
T004001,2026-09-16,C0120,P0041,1
T004002,2026-09-24,C0060,P0006,2
T004003,2026-09-12,,P0048,7
T004004,2026-09-08,C0115,P0019,-1
T004005,2026-09-30,C0065,P0046,4
T004006,2026-09-03,C0039,P9208,1
T004007,2026-09-21,C0068,P0023,7
T004008,2026-09-04,C0059,P0034,5
T004009,2026-09-28,C0106,P0016,-3
T004010,2026-09-27,C0098,P0007,6
T004011,2026-09-07,C0003,P0014,8
T004012,2026-09-05,C0128,P0030,1
T004013,2026-09-04,C0032,P0022,1
T004014,27/09/2026,C0140,P0044,2
T004015,2026-09-09,C0056,P0050,7
T004016,2026-09-27,C0075,P0008,1
T004017,2026-09-22,C0095,P0029,3
T004018,2026-09-08,C0069,P0037,4
T004019,2026-09-28,C0052,P0035,8
T004020,2026-09-15,C0081,P0005,8
T004021,2026-09-30,C0006,P0011,4
T004022,2026-09-22,C0065,P0049,7
T004023,2026-09-14,C0088,P9157,3
T004024,2026-09-13,C0132,P0038,7
T004025,2026-09-07,,P0029,2
T004026,2026-09-17,C0071,P0024,1
T004027,2026-09-14,C0016,P0047,7
T004028,2026-09-04,C0103,P0047,2
T004029,2026-09-18,C0095,P0010,1
T004030,2026-09-20,C0124,P0033,2
T004031,2026-09-24,C0136,P0019,2
T004032,2026-09-04,C0031,P0009,6
T004033,2026-09-23,C0083,P0001,7
T004034,2026-09-02,C0148,P0001,1
T004035,2026-09-27,C0136,P0018,5
T004036,2026-09-22,C0143,P0007,3
T004037,2026-09-11,C0092,P0003,2
T004038,2026-09-15,C0079,P0037,5
T004039,2026-09-19,C0080,P0033,6
T004040,2026-09-15,C0024,P0014,6
T004041,2026-09-23,C0058,P0007,6
T004042,2026-09-30,C0084,P0014,5
T004043,2026-09-25,C0017,P0025,7
T004044,2026-09-30,C0145,P0012,5
T004045,2026-09-22,C0084,P0017,6
T004046,2026-09-21,C0096,P0050,8
T004047,2026-09-16,C0050,P0011,7
T004048,2026-09-08,C0083,P0032,1
T004049,2026-09-10,C0005,P0002,3
T004050,2026-09-29,C0060,P0017,6
T004051,2026-09-04,C0018,P0012,8
T004052,2026-09-01,C0145,P0042,6
T004053,2026-09-17,,P0011,8
T004054,2026-09-07,C0037,P0010,7
T004055,2026-09-06,C0098,P0015,8
T004056,2026-09-03,C0103,P0031,5
T004057,2026-09-04,,P0045,8
T004058,2026-09-05,C0091,P0022,8
T004059,2026-09-26,C0005,P0034,5
T004060,2026-09-27,C0069,P0045,4
T004061,2026-09-27,C0043,P0007,-1
T004062,2026-09-18,C0138,P0022,7
T004063,2026-09-14,C0068,P0042,2
T004064,2026-09-21,C0142,P0040,8
T004065,2026-09-18,C0131,P0033,6
T004066,2026-09-11,C0042,P0013,4
T004067,2026-09-30,C0064,P0034,5
T004068,2026-09-10,C0132,P0046,4
T004069,2026-09-01,C0059,P0016,6
T004070,2026-09-15,C0117,P0041,8
T004071,2026-09-27,C0109,P0040,6
T004072,2026-09-22,C0131,P0042,4
T004073,2026-09-18,C0014,P0038,5
T004074,2026-09-14,C0039,P0008,4
T004075,2026-09-16,C9709,P0031,1
T004076,2026-09-09,C0097,P0009,4
T004077,2026-09-08,C0144,P0035,5
T004078,2026-09-10,C0026,P0037,5
T004079,2026-09-05,C0125,P0032,7
T004080,2026-09-09,C0085,P0002,2
T004081,2026-09-09,C0136,P0044,4
T004082,2026-09-18,C0115,P0035,2
T004083,2026-09-19,C0098,P0002,7
T004084,2026-09-10,C0020,P0047,4
T004085,2026-09-01,C0071,P0010,6
T004086,2026-09-22,C0079,P0016,8
T004087,2026-09-16,C0097,P0003,7
T004088,2026-09-29,C0102,P0044,6
T004089,2026-09-27,C0090,P0033,1
T004090,2026-09-20,C0142,P0048,5
T004091,2026-09-21,C0002,,7
T004092,2026-09-22,C0124,P0026,8
T004093,2026-09-21,C0046,P0046,3
T004094,2026-09-06,C0144,P0019,1
T004095,2026-09-07,C0088,P0005,7
T004096,2026-09-05,C0083,P0040,8
T004097,2026-09-03,C0007,P0040,6
T004098,2026-09-30,C0137,P0015,8
T004099,2026-09-12,C0137,P0006,5
T004100,2026-09-18,C0007,P0031,6
T004101,2026-09-21,C0019,P0010,7
T004102,2026-09-27,C0068,P0040,4
T004103,2026-09-12,C0030,P0035,1
T004104,2026-09-12,C0145,P0038,7
T004105,2026-09-10,C0051,P0015,5
T004106,2026-09-24,C0099,P0021,7
T004107,2026-09-27,C0108,P0013,7
T004108,2026-09-28,C0128,P0023,8
T004109,2026-09-15,C0057,P0045,5
T004110,2026-09-13,C0096,P0050,2
T004111,2026-09-29,C0113,P0043,5
T004112,2026-09-06,C0110,P0045,6
T004113,2026-09-21,C0132,P0005,7
T004114,2026-09-07,C0067,P0025,8
T004115,2026-09-22,C0029,P0046,7
T004116,2026-09-15,C0122,P0023,4
T004117,2026-09-19,C0087,P0019,1
T004118,2026-09-29,C0079,P0011,6
T004119,2026-09-24,C0104,P0036,8
T004120,2026-09-08,C0036,P0037,7
T004121,2026-09-11,C0045,P0014,6
T004122,2026-09-08,C0122,P0018,4
T004123,2026-09-20,C0116,P0011,2
T004124,2026-09-07,C0096,P0006,1
T004125,2026-09-13,C0117,P0019,7
T004126,2026-09-14,C0024,P0030,1
T004127,2026-09-02,C0110,P0045,2
T004128,2026-09-01,C0104,P0023,8
T004129,2026-09-05,C0101,P0020,6
T004130,2026-09-17,C0118,P0044,6
T004131,2026-09-13,C0084,P0018,5
T004132,2026-09-28,C0070,P0031,2
T004133,2026-09-08,C0001,P0006,4
T004134,2026-09-21,C0052,P0001,1
T004135,2026-09-21,C0083,P0007,2
T004136,2026-09-04,C0071,P0049,3
T004137,2026-09-14,C0038,P0047,4
T004138,2026-09-25,C0142,P0020,2
T004139,2026-09-24,C0103,P0045,3
T004140,2026-09-08,C0139,P0029,2
T004141,2026-09-03,C0036,P0033,2
T004142,2026-09-14,C0038,P0022,3
T004143,2026-09-27,C0054,P0029,7
T004144,2026-09-08,C0150,P0010,2
T004145,2026-09-16,C0137,P9426,7
T004146,2026-09-06,C0095,P0016,8
T004147,2026-09-16,C0044,P0021,3
T004148,2026-09-14,C0006,P0043,1
T004149,2026-09-04,C0094,P0009,6
T004150,2026-09-19,C0101,P0047,7
T004151,2026-09-18,C0028,P0044,1
T004152,2026-09-09,C0090,P0006,4
T004153,2026-09-11,C0099,P0015,6
T004154,2026-09-15,C0125,P0028,8
T004155,2026-09-27,C0011,P0040,8
T004156,2026-09-16,C0093,P0013,2
T004157,2026-09-04,C0053,P0041,5
T004158,2026-09-03,C0124,P0026,7
T004159,2026-09-27,C0004,P0048,0
T004160,2026-09-27,C0091,P0025,1
T004161,2026-09-15,C0067,P0017,0
T004162,2026-09-27,C0054,P0022,5
T004163,2026-09-24,C0057,P0004,5
T004164,2026-09-10,C0048,P0026,4
T004165,2026-09-25,C0022,P0035,2
T004166,2026-09-10,C0051,P0026,6
T004167,2026-09-07,C0053,P0010,3
T004168,2026-09-18,C0132,P0022,8
T004169,2026-09-24,C0065,P0025,4
T004170,2026-09-27,C0107,P0032,8
T004171,2026-09-10,C0051,,3
T004172,2026-09-04,C0111,P0010,1
T004173,2026-09-01,C0059,P0045,3
T004174,2026-09-20,C0112,P0023,6
T004175,2026-09-20,C0024,P0033,8
T004176,2026-09-05,C0098,P0036,2
T004177,2026-09-08,C0004,P0045,6
T004178,2026-09-23,C0119,P9487,1
T004179,2026-09-16,C0019,P0016,4
T004180,2026-09-03,C0050,P0032,2
T004181,2026-09-28,C0023,P0029,6
T004182,2026-09-04,C0121,P0034,7
T004183,2026-09-22,C0033,P0038,8
T004184,2026-09-22,C0018,P0024,4
T004185,2026-09-28,C0042,P0014,7
T004186,2026-09-24,C0074,P0040,2
T004187,2026-09-15,C9291,P0009,4
T004188,2026-09-28,C0043,P0022,7
T004189,2026-09-12,C0113,P0045,2
T004190,2026-09-17,C0107,P0048,6
T004191,2026-09-08,C0054,P0012,3
T004192,2026-09-02,C0013,P0032,7
T004193,2026-09-14,C0087,P0010,8
T004194,2026-09-18,C0107,P0013,8
T004195,2026-09-08,C0093,P0014,2
T004196,2026-09-19,C0069,P0015,5
T004197,2026-09-12,C0117,P0028,4
T004198,2026-09-07,C0119,P0026,3
T004199,2026-09-30,C0116,P0039,2
T004200,2026-09-03,C0124,P0035,7
T004201,2026-09-01,C0129,P0046,5
T004202,2026-09-19,C0145,P0014,7
T004203,2026-09-16,C0004,P0020,6
T004204,2026-09-20,C0138,P0035,4
T004205,2026-09-25,C0119,P0022,2
T004206,2026-09-14,C0058,P0022,2
T004207,2026-09-12,C0038,P0010,3
T004208,2026-09-27,C0129,P0036,6
T004209,2026-09-16,C0077,P0006,1
T004210,2026-09-28,C0046,P0001,3
T004211,2026-09-21,C0108,P0045,3
T004212,2026-09-05,C0025,P0029,2
T004213,2026-09-15,C0125,P0007,4
T004214,2026-09-01,C0125,P0018,5
T004215,2026-09-14,C0062,P0013,1
T004216,2026-09-19,C0054,P0036,2
T004217,2026-09-08,C0128,P0046,7
T004218,2026-09-29,C0110,P0026,2
T004219,2026-09-23,C0033,P0004,8
T004220,2026-09-24,C0111,P0044,7
T004221,2026-09-19,C0140,P0029,2
T004222,2026-09-19,C0107,P0045,1
T004223,2026-09-22,C0014,P0048,6
T004224,2026-09-04,C0013,P0013,8
T004225,2026-09-01,C0111,P0039,8
T004226,2026-09-01,C0023,,7
T004227,2026-09-17,C0027,P0005,2
T004228,2026-09-05,C0127,P0037,7
T004229,2026-09-23,C0041,P0050,2
T004230,2026-09-26,C0027,P0003,1
T004231,2026-09-17,C0089,P0011,1
T004232,2026-09-22,C0064,P0013,5
T004233,2026-09-28,C0070,P0019,5
T004234,2026-09-02,C0076,P0006,1
T004235,2026-09-27,C0143,P0037,4
T004236,2026-09-19,C0039,P0042,7
T004237,2026-09-09,C0122,P0032,6
T004238,2026-09-04,C0096,P0042,4
T004239,2026-09-11,C0057,P0047,6
T004240,2026-09-08,C0069,P0003,4
T004241,2026-09-06,C0114,P0025,8
T004242,2026-09-20,C0040,P0039,5
T004243,2026-09-01,C0139,P0043,6
T004244,2026-09-24,C0002,P0035,2
T004245,2026-09-03,C0072,P0025,6
T004246,2026-09-21,C0036,P0015,-1
T004247,2026-09-04,C0128,P0038,7
T004248,2026-09-28,C0032,P0016,4
T004249,2026-09-03,C0094,P9623,3
T004250,2026-09-30,C0014,P0007,2
T004251,2026-09-05,C0011,P0001,7
T004252,2026-09-08,C0119,P0001,3
T004253,2026-09-11,C0078,P0015,8
T004254,2026-09-15,C0006,P0014,4
T004255,2026-09-29,C0122,P0021,7
T004256,2026-09-04,C0101,P0017,6
T004257,2026-09-21,C0095,P0023,4
T004258,10/09/2026,C0103,P0026,4
T004259,2026-09-27,C0086,P0036,1
T004260,2026-09-10,C0070,P0022,6
T004261,2026-09-13,C0078,P0004,4
T004262,2026-09-08,C0023,P0002,4
T004263,2026-09-29,C0067,P0027,4
T004264,2026-09-05,C0126,P0004,7
T004265,2026-09-30,C0142,P0021,5
T004266,2026-09-16,C0068,P0029,6
T004267,2026-09-06,C0134,P0030,2
T004268,2026-09-25,C0025,P0048,1
T004269,2026-09-23,,P0009,5
T004270,2026-09-02,C0109,P0014,4
T004271,2026-09-20,C0117,P0024,4
T004272,2026-09-28,C0014,P0010,6
T004273,2026-09-24,C0072,P0018,1
T004274,2026-09-29,C0037,P0012,2
T004275,2026-09-13,C0082,P0024,7
T004276,2026-09-10,C0097,P0003,6
T004277,2026-09-21,C0034,P0021,6
T004278,2026-09-11,C0029,P0041,8
T004279,2026-09-23,C0097,P0022,8
T004280,2026-09-29,C0073,P0045,3
T004281,2026-09-06,C0032,P0004,1
T004282,2026-09-15,C0062,P0047,6
T004283,2026-09-04,C0050,P0009,5
T004284,2026-09-15,C0044,P0039,8
T004285,2026-09-15,C0109,P0020,1
T004286,2026-09-06,C0113,P0018,3
T004287,2026-09-02,C0006,P0030,5
T004288,2026-09-04,C0063,P0012,2
T004289,2026-09-08,C0065,P0021,5
T004290,2026-09-01,C0029,P0023,4
T004291,2026-09-27,C0022,P0001,8
T004292,2026-09-25,C0113,P0006,6
T004293,2026-09-27,C0119,P0019,5
T004294,2026-09-23,C0100,P0005,7
T004295,2026-09-14,C0051,P0028,5
T004296,2026-09-02,C0118,P0034,7
T004297,2026-09-29,C0038,P0016,4
T004298,2026-09-22,,P0038,1
T004299,2026-09-12,C0063,P0041,7
T004300,2026-09-21,C0064,P0046,6
T004301,2026-09-07,C0026,P0027,8
T004302,2026-09-28,C0113,P0007,5
T004303,2026-09-19,C0069,P0013,4
T004304,2026-09-24,C0005,P0008,8
T004305,2026-09-21,C0068,P0037,4
T004306,2026-09-15,C0069,P0027,6
T004307,2026-09-13,C0057,P0013,6
T004308,2026-09-07,C0098,P0010,1
T004309,2026-09-15,C0026,P0001,3
T004310,2026-09-19,C0006,P0018,3
T004311,2026-09-16,C0049,P0043,6
T004312,2026-09-19,C0061,,7
T004313,2026-09-16,C0055,P0035,1
T004314,2026-09-21,C0094,P0036,7
T004315,2026-09-24,C0014,P0014,7
T004305,2026-09-30,C0119,P0002,6
T004317,2026-09-23,C0112,P0022,8
T004318,2026-09-02,C9138,P0043,8
T004319,2026-09-11,C0098,P0027,4
T004320,2026-09-06,C0131,P0028,5
T004321,2026-09-03,C0139,P0008,1
T004322,2026-09-18,C0019,P0011,5
T004323,2026-09-24,C0012,P0042,8
T004324,2026-09-30,C0123,P0008,8
T004325,2026-09-05,C0130,P0047,6
T004326,2026-09-23,C0027,P0040,6
T004327,2026-09-19,C0095,P0034,6
T004328,2026-09-11,C0119,P0040,8
T004329,2026-09-01,C9814,P0008,5
T004330,2026-09-11,C0024,P0010,5
T004331,2026-09-15,C0015,P0048,4
T004332,2026-09-07,C0042,P0042,7
T004333,2026-09-08,C0080,P0011,5
T004334,2026-09-11,C0124,P0016,8
T004335,2026-09-11,C0132,P0017,7
T004336,2026-09-02,C0048,P0024,3
T004337,2026-09-07,C0032,,7
T004338,2026-09-14,C0090,P0036,7
T004339,2026-09-18,C0009,P0032,6
T004340,2026-09-22,C0018,P0022,3
T004341,2026-09-21,C0101,P0048,8
T004342,2026-09-15,C0108,P0045,4
T004343,2026-09-12,C0075,P0027,4
T004344,2026-09-16,C0010,P0045,7
T004345,2026-09-10,C0051,P0026,3
T004346,2026-09-04,C0002,P0021,4
T004347,2026-09-16,C0077,P0039,3
T004348,2026-09-13,C0019,P0021,4
T004349,2026-09-14,C0070,P0020,6
T004350,2026-09-12,C0031,P0033,4
T004351,2026-09-09,C0127,P0029,3
T004352,2026-09-21,C0037,P0023,8
T004353,2026-09-26,C0056,P0028,1
T004354,2026-09-05,C0110,P0014,1
T004355,2026-09-28,C0084,P0045,6
T004356,2026-09-19,C0092,P0014,1
T004357,2026-09-20,C0001,P0041,1
T004358,2026-09-17,C0147,P0032,5
T004359,2026-09-26,C0124,P0014,4
T004360,2026-09-22,C0023,P0037,2
T004361,2026-09-09,C0138,P0001,2
T004362,2026-09-27,C0109,P0045,5
T004363,2026-09-25,C0108,P0008,5
T004364,2026-09-14,C0052,P0044,5
T004365,2026-09-01,C0073,P0009,1
T004366,2026-09-18,C0090,P0021,2
T004367,2026-09-21,C0056,P0024,6
T004368,2026-09-22,C0141,P0029,2
T004369,2026-09-19,C0111,P0037,8
T004370,2026-09-10,C0117,P0050,3
T004371,2026-09-30,C0089,P0028,7
T004372,2026-09-05,C0043,P0015,8
T004373,2026-09-16,C0017,P0050,2
T004374,2026-09-19,C0048,P0017,2
T004375,2026-09-26,C0007,P0008,1
T004376,2026-09-11,C0002,P9781,7
T004377,2026-09-20,C0006,P0026,4
T004378,2026-09-19,C0071,P0015,7
T004379,2026-09-17,C0028,P0028,6
T004380,2026-09-08,C0092,P0019,3
T004381,2026-09-15,C0003,P0020,1
T004382,2026-09-27,C0090,P0043,4
T004383,2026-09-22,C0111,P0027,4
T004384,2026-09-07,C0107,P0004,3
T004385,2026-09-29,C0032,P0012,5
T004386,2026-09-07,C0093,P0016,8
T004387,2026-09-22,C0024,P0044,8
T004388,2026-09-28,C0067,P0042,1
T004389,2026-09-07,C0117,P0021,6
T004390,2026-09-18,C0015,P0046,3
T004391,2026-09-03,C0118,P0010,8
T004392,2026-09-24,C0128,P0001,4
T004393,2026-09-29,C0040,P0006,5
T004394,2026-09-03,C0140,P0024,4
T004395,2026-09-17,C0132,P0045,3
T004396,2026-09-04,C0137,P0050,7
T004397,2026-09-12,C0106,P0011,7
T004398,09/09/2026,C0144,P0033,5
T004399,2026-09-21,C0061,P0038,4
T004400,2026-09-02,C0060,P0043,5
T004401,2026-09-14,C0090,P0034,-1
T004402,2026-09-27,C0009,P0017,8
T004403,2026-09-17,C0115,P0038,2
T004404,2026-09-14,C0111,P0005,7
T004405,2026-09-01,C0067,P0039,4
T004406,2026-09-13,C0077,P0048,7
T004407,2026-09-14,C0026,P0002,5
T004408,2026-09-28,C0038,P0026,4
T004409,2026-09-06,C0042,P0049,2
T004410,2026-09-14,C0066,P0029,2
T004411,2026-09-14,C0013,P0029,5
T004412,2026-09-15,C0087,P0032,6
T004413,2026-09-04,C0048,P0048,7
T004414,2026-09-28,C0050,P0025,7
T004415,2026-09-15,C0049,P0012,2
T004416,2026-09-29,C0008,P0026,7
T004417,2026-09-12,C0013,P0019,8
T004418,2026-09-17,C0103,P0029,7
T004419,2026-09-18,C0088,P0016,1
T004420,2026-09-29,C0147,P0050,5
T004421,2026-09-19,C0072,P0008,3
T004422,2026-09-17,C0045,P0021,5
T004423,2026-09-14,C0061,P0036,4
T004424,2026-09-14,C0123,P0027,5
T004425,2026-09-11,C0103,P0027,3
T004426,2026-09-22,C0011,P0027,5
T004427,2026-09-13,C0127,P0039,1
T004428,2026-09-12,C0053,P0044,6
T004429,2026-09-15,C0093,P0024,4
T004430,2026-09-09,C0008,P0021,6
T004431,2026-09-11,C0129,P0030,3
T004432,2026-09-14,C0067,P0003,2
T004433,2026-09-08,C0143,P0042,8
T004434,2026-09-21,C0036,P0013,1
T004435,2026-09-02,C0067,P0022,3
T004436,2026-09-29,C0131,P0032,4
T004437,2026-09-06,C0142,P0036,7
T004398,2026-09-12,C0140,P0020,4
T004439,2026-09-10,C0008,P0028,3
T004440,2026-09-18,C0049,P0045,3
T004441,2026-09-13,C0112,P0015,5
T004442,2026-09-19,C0004,P0045,6
T004443,2026-09-24,C0094,P0041,2
T004444,2026-09-21,C0114,P0035,1
T004445,2026-09-22,C9349,P0048,2
T004446,2026-09-22,C0131,P0030,6
T004447,2026-09-11,C0001,P0018,1
T004448,2026-09-21,C0005,P0022,2
T004449,2026-09-23,C0149,P0036,8
T004450,2026-09-26,,P0024,3
T004451,2026-09-11,C0139,P0003,6
T004452,2026-09-23,C0105,P0026,6
T004453,2026-09-09,C0071,P0003,2
T004454,2026-09-21,C0127,P0026,5
T004455,2026-09-24,C0092,P0021,6
T004456,2026-09-15,C0082,P0047,4
T004457,2026-09-09,C0059,P0035,2
T004458,2026-09-07,C9346,P0042,6
T004459,2026-09-23,C0046,P0009,1
T004460,2026-09-27,C0093,P0047,6
T004461,2026-09-07,C0051,P0020,5
T004462,2026-09-17,C0067,P0049,3
T004463,2026-09-16,C0018,P0007,6
T004464,2026-09-04,C0039,P0010,8
T004465,2026-09-03,C0127,P0023,1
T004466,2026-09-13,C0134,P0025,4
T004467,2026-09-25,C0114,P0019,8
T004468,2026-09-10,C0121,P0035,6
T004469,2026-09-27,C0019,P0040,3
T004470,2026-09-10,C0017,P0033,4
T004471,08/09/2026,C0083,P0006,8
T004472,2026-09-18,C0147,P0033,2
T004473,2026-09-01,C0093,P0041,5
T004474,2026-09-16,C0091,P0002,1
T004475,2026-09-22,C0089,P0047,5
T004476,2026-09-22,C0072,P0029,7
T004477,2026-09-03,,P0040,3
T004478,2026-09-23,C0148,P0009,6
T004479,2026-09-01,C0111,P0025,8
T004480,2026-09-25,C0105,P0007,5
T004481,2026-09-18,C0060,P0047,2
T004482,2026-09-02,C0034,P0019,6
T004483,2026-09-26,C0069,P0032,8
T004484,2026-09-11,C0063,P0033,8
T004485,2026-09-03,C0132,P0025,6
T004486,2026-09-23,C0046,P0014,4
T004487,2026-09-18,C0086,P0011,7
T004488,2026-09-17,C0133,P0038,3
T004489,2026-09-11,C0009,P0015,2
T004490,2026-09-23,C0065,P0035,7
T004491,2026-09-05,C0044,P0025,7
T004492,2026-09-13,C0037,P0025,7
T004493,2026-09-28,C0010,P0016,8
T004494,2026-09-14,C0148,P0040,6
T004495,2026-09-29,C0018,P0038,8
T004496,2026-09-06,C0061,P0014,5
T004497,2026-09-10,C0009,P0006,6
T004498,2026-09-08,C0046,P0018,2
T004499,30/09/2026,C0098,P0003,8
T004500,2026-09-08,C0001,P0023,4
T004501,2026-09-16,C0051,P0011,3
T004502,2026-09-06,,P0011,3
T004503,2026-09-05,C0066,P0036,5
T004504,2026-09-26,C0030,P0020,8
T004505,2026-09-26,C0073,P0006,5
T004506,2026-09-03,C0069,P0046,4
T004507,2026-09-12,C0012,P0017,8
T004508,2026-09-07,C0133,P0035,2
T004509,2026-09-19,C0084,P0020,7
T004510,2026-09-28,C0050,P0002,7
T004511,2026-09-27,C0024,P0041,3
T004512,2026-09-07,C0111,P0015,7
T004513,2026-09-06,C0038,P0018,8
T004514,2026-09-13,C0086,P0050,5
T004515,2026-09-27,C0071,P0036,6
T004516,2026-09-19,C0112,P0022,5
T004517,2026-09-12,C0132,P0020,3
T004518,2026-09-03,C0038,P0008,6
T004519,2026-09-15,C0097,P0013,2
T004520,2026-09-28,C0090,P0047,5
T004521,2026-09-21,C0047,P0009,2
T004522,2026-09-16,C0106,P0018,4
T004523,2026-09-27,C0150,P0045,4
T004524,2026-09-22,C0093,P0028,1
T004525,2026-09-05,C0006,P0046,1
T004526,2026-09-11,C0020,P0036,8
T004527,2026-09-17,C0090,P0009,4
T004528,2026-09-18,C9627,P0037,5
T004529,2026-09-19,C0040,P0004,6
T004530,2026-09-09,C0095,P0010,6
T004531,2026-09-29,C0110,P0009,5
T004532,2026-09-09,C0094,P0050,0
T004533,2026-09-25,C0106,P0048,3
T004534,2026-09-03,C0119,P0026,3
T004535,2026-09-15,C0122,P0031,2
T004536,2026-09-07,C0017,P0006,4
T004537,2026-09-22,C0051,P0010,3
T004538,2026-09-20,C0007,P0048,8
T004539,2026-09-17,C0110,P0009,2
T004540,2026-09-30,C0118,P0024,1
T004541,2026-09-03,C0142,P0010,3
T004542,2026-09-25,C0142,P0027,3
T004543,2026-09-15,C0071,P0010,2
T004544,2026-09-12,C0115,P0031,8
T004545,2026-09-13,C0078,P0033,8
T004546,2026-09-07,C0084,P0041,3
T004547,2026-09-10,C0054,P0008,6
T004548,2026-09-30,C0112,P0011,4
T004549,2026-09-22,C0149,P0027,7
T004550,2026-09-21,C0125,P0050,7
T004551,2026-09-09,C0063,P0017,1
T004552,2026-09-18,C0039,P0004,7
T004553,2026-09-10,C0144,P0007,4
T004554,2026-09-05,C0099,P0034,2
T004555,2026-09-10,C0118,P0049,3
T004556,2026-09-27,C0066,P0005,6
T004557,2026-09-16,C0093,P0027,4
T004558,2026-09-17,C0057,P0015,6
T004559,2026-09-19,C0100,P0012,8
T004560,2026-09-15,,P0001,3
T004561,2026-09-13,C0072,P0038,2
T004562,2026-09-25,C0129,P0016,7
T004563,2026-09-06,C0140,P0043,2
T004564,2026-09-18,C0140,P0007,4
T004565,2026-09-19,C0045,P0008,7
T004566,2026-09-30,C0143,P0023,6
T004567,2026-09-12,C0138,P0007,2
T004568,2026-09-12,C0125,P0024,5
T004569,2026-09-21,C0024,P0038,1
T004570,2026-09-17,C0027,P0027,5
T004571,2026-09-18,C0094,P0013,1
T004572,2026-09-21,C0053,,1
T004573,2026-09-16,C0130,P0037,4
T004574,2026-09-20,C0144,P0034,1
T004575,2026-09-07,C0070,P0009,8
T004576,2026-09-10,,P0040,6
T004577,2026-09-07,C0013,P0025,6
T004578,2026-09-16,C0084,P0031,4
T004579,2026-09-11,C0047,P0021,5
T004580,2026-09-25,C0039,P0022,7
T004581,2026-09-17,C0093,P0020,2
T004582,2026-09-02,C0086,P0017,8
T004583,2026-09-10,C0128,P0039,6
T004584,2026-09-13,C0075,P0013,6
T004585,2026-09-22,C0096,,7
T004586,2026-09-04,C0122,P0019,4
T004587,2026-09-01,C0082,P0023,7
T004588,2026-09-30,C0141,P0040,8
T004589,2026-09-09,C0034,P0004,6
T004590,2026-09-19,C0071,P0010,7
T004591,2026-09-24,C0074,P0002,7
T004592,2026-09-05,C0116,P0014,3
T004593,2026-09-10,C0105,P0042,2
T004594,2026-09-09,C0096,P0032,-1
T004595,2026-09-21,C0090,P0042,6
T004596,2026-09-30,C0038,P0030,3
T004597,2026-09-09,C0140,P0043,5
T004598,2026-09-30,C0086,P0003,7
T004599,2026-09-27,C0115,P0026,6
T004600,2026-09-20,C0039,P0026,2
T004601,2026-09-06,C0116,P0041,6
T004602,2026-09-09,C0122,P0036,8
T004603,2026-09-22,C0095,P0005,1
T004604,2026-09-25,C0080,P0035,4
T004605,2026-09-07,C0106,P0026,8
T004606,2026-09-19,C0110,P0006,2
T004607,2026-09-22,C0036,P0014,6
T004608,2026-09-13,C0119,P0007,4
T004609,2026-09-05,C0004,P0047,6
T004610,2026-09-29,C0110,P0034,1
T004611,2026-09-27,C0097,P0049,6
T004612,2026-09-20,C0043,P0017,6
T004613,2026-09-14,C0054,P0030,4
T004614,2026-09-29,C0017,P0019,5
T004615,2026-09-15,C0027,P0049,7
T004616,2026-09-06,,P0029,2
T004617,2026-09-18,C0145,P0030,4
T004618,2026-09-20,C0103,P0026,5
T004619,2026-09-18,C0105,P0026,2
T004620,2026-09-29,C0018,P0036,5
T004621,2026-09-30,C0144,P0022,3
T004622,2026-09-04,C0105,P0018,8
T004623,2026-09-18,,P0032,1
T004624,2026-09-25,C0035,P0032,1
T004625,2026-09-25,C0048,P0032,8
T004626,2026-09-10,C0064,P0025,3
T004627,2026-09-24,C0063,P0043,3
T004628,2026-09-28,C0086,P0013,6
T004629,2026-09-08,C0075,P0005,4
T004630,2026-09-19,C0141,P0045,7
T004631,2026-09-09,C0013,P0047,2
T004632,2026-09-01,C0092,P0009,8
T004633,2026-09-08,C0030,P0031,3
T004634,2026-09-13,C9833,P0038,2
T004635,2026-09-04,C0016,P0009,5
T004636,11/09/2026,C0002,P0043,1
T004637,2026-09-26,C0011,P0005,6
T004638,2026-09-20,C0143,P0010,3
T004639,2026-09-29,C0136,P0024,2
T004640,2026-09-21,C0126,P0002,1
T004641,2026-09-24,C0069,P0029,4
T004642,2026-09-30,C0064,P0037,7
T004643,2026-09-07,C0010,P0040,8
T004644,2026-09-18,C0046,P0045,6
T004645,2026-09-16,C0065,P0034,5
T004646,2026-09-20,C0122,P0049,2
T004647,2026-09-01,C0059,P0035,7
T004648,2026-09-17,C0041,P0022,6
T004649,2026-09-04,C0008,P0042,8
T004650,2026-09-08,C0150,P0002,6
T004651,2026-09-07,C0018,P0022,3
T004652,2026-09-03,C0041,P0042,6
T004653,2026-09-21,C0079,P0046,6
T004654,2026-09-04,C0065,P0039,3
T004655,2026-09-10,C0134,P0022,8
T004656,2026-09-03,C0062,P0036,5
T004657,2026-09-22,C0076,,4
T004658,2026-09-20,C0107,P0004,6
T004659,2026-09-06,C0138,P0046,4
T004660,2026-09-24,C0039,P0042,2
T004661,2026-09-13,C0096,P0033,4
T004662,09/09/2026,C0120,P0027,8
T004663,2026-09-21,C0065,P0038,6
T004664,2026-09-04,C0044,P0030,2
T004665,2026-09-04,C0104,P0010,6
T004666,2026-09-25,C0100,P0008,1
T004667,2026-09-27,C0096,P0023,6
T004668,2026-09-21,C0018,P0028,6
T004669,2026-09-04,C0043,P0048,3
T004670,2026-09-26,C0087,P0012,7
T004671,2026-09-19,C0086,P0002,3
T004672,2026-09-07,C0054,P0027,4
T004673,2026-09-28,C0017,P0035,7
T004674,2026-09-21,C0093,P0002,3
T004675,2026-09-26,C0099,P0028,7
T004676,2026-09-29,C0067,P0032,2
T004677,2026-09-27,C0090,P0045,6
T004678,2026-09-06,C0116,P0034,5
T004679,2026-09-21,C0150,P0020,2
T004680,2026-09-20,C0092,P0022,7
T004681,2026-09-07,C0024,P0024,8
T004682,2026-09-02,C0106,P0021,5
T004683,2026-09-04,C0025,P0020,6
T004684,2026-09-18,C0116,P0036,3
T004685,2026-09-27,C0023,P0018,4
T004686,2026-09-23,C0143,P0026,3
T004687,2026-09-06,C0011,P0049,3
T004688,2026-09-05,C0052,P0013,5
T004689,2026-09-19,C0114,P0045,5
T004690,2026-09-08,C0079,P0001,6
T004691,2026-09-23,C0133,P0026,3
T004692,2026-09-09,C0018,P0018,7
T004693,2026-09-04,C0016,P0001,4
T004694,2026-09-25,C9627,P0010,5
T004695,2026-09-08,C0137,P0019,1
T004696,19/09/2026,C0148,P0010,5
T004697,2026-09-22,C0097,P0049,3
T004698,2026-09-24,C0067,,6
T004699,2026-09-29,C0061,P0036,4
T004700,2026-09-18,C0031,P0020,4
T004701,2026-09-13,C0003,P0047,3
T004702,2026-09-25,C0145,P0048,5
T004703,2026-09-22,C0146,P0010,2
T004704,2026-09-06,C0098,P0026,5
T004705,2026-09-12,C0150,P0050,1
T004706,2026-09-10,,P0037,5
T004707,2026-09-19,C0043,P0006,8
T004708,2026-09-05,C0091,P0001,6
T004709,2026-09-10,C0095,P9883,4
T004710,2026-09-04,C0108,P0034,2
T004711,2026-09-04,C0033,P0020,4
T004712,2026-09-02,C0101,P0006,5
T004713,2026-09-26,C0103,P9540,6
T004714,2026-09-11,C0084,P0013,8
T004715,2026-09-12,C0068,,8
T004716,2026-09-29,C0149,P0013,2
T004717,2026-09-23,C0049,P0009,8
T004718,2026-09-30,C0032,P0046,6
T004719,2026-09-06,C0085,P0045,8
T004720,2026-09-15,C0145,P0022,3
T004721,2026-09-15,C0135,,3
T004722,2026-09-06,C0085,P0010,4
T004723,2026-09-19,C0017,P0034,2
T004724,2026-09-26,C0005,P0042,8
T004725,2026-09-22,C0119,P0035,2
T004726,2026-09-16,C0040,P0026,7
T004727,2026-09-26,C0137,P0023,4
T004728,2026-09-28,C0069,P0038,8
T004729,2026-09-11,C0096,P0022,7
T004730,2026-09-07,C0141,P0045,4
T004731,2026-09-27,C0066,P0006,1
T004732,2026-09-19,C0007,P0013,1
T004733,2026-09-12,C0011,P0044,1
T004734,2026-09-28,C0057,P0027,4
T004735,2026-09-13,C0149,P0049,5
T004736,2026-09-18,C0004,P0048,7
T004737,2026-09-13,C0099,P0025,3
T004738,2026-09-23,C0147,P0003,3
T004739,2026-09-30,C0001,P0030,8
T004740,2026-09-02,C0076,P0027,4
T004741,2026-09-13,C0117,P0008,8
T004742,2026-09-20,C0143,P0010,3
T004743,2026-09-21,C0130,P0011,6
T004744,2026-09-07,C0144,P0027,8
T004745,2026-09-02,C0128,P0050,7
T004746,2026-09-10,C0035,P0046,6
T004747,2026-09-14,C0143,P0035,3
T004748,2026-09-03,C0047,P0050,5
T004749,2026-09-01,C0012,P0045,3
T004750,2026-09-24,C0126,P0049,6
T004751,2026-09-07,C0069,P0023,3
T004752,2026-09-28,C0075,P0016,2
T004753,2026-09-11,C0125,P0042,5
T004729,2026-09-21,C0138,P0030,1
T004755,2026-09-07,C0138,P0042,8
T004756,2026-09-03,C0028,P0014,1
T004757,2026-09-19,C0084,P0015,6
T004758,2026-09-01,C0081,P0013,5
T004759,2026-09-06,C0034,P0036,8
T004760,2026-09-20,C0070,P0050,7
T004761,2026-09-25,C0106,P0024,2
T004762,2026-09-01,C0108,P0021,2
T004763,2026-09-15,C0025,P0026,3
T004764,2026-09-07,C0150,P0005,-1
T004765,2026-09-09,,P0047,2
T004766,2026-09-11,C0093,P0020,4
T004767,2026-09-15,C0100,P0031,6
T004768,2026-09-24,C0060,P0006,4
T004769,2026-09-02,C0103,P0008,8
T004770,2026-09-03,C0060,P0049,5
T004771,2026-09-27,C0041,P0048,4
T004772,2026-09-29,C0125,P0049,5
T004773,2026-09-04,C0011,P0049,6
T004774,2026-09-13,C0042,P0020,2
T004775,2026-09-05,C0141,P0001,4
T004776,2026-09-23,C0094,P0034,3
T004777,2026-09-30,C0040,P0029,8
T004778,2026-09-30,C0005,P0047,8
T004779,2026-09-04,C0116,P0038,1
T004780,2026-09-25,C0086,P0005,3
T004781,2026-09-16,C0106,P0034,2
T004782,2026-09-20,C0011,P0026,1
T004783,2026-09-28,C0027,P0012,2
T004784,2026-09-07,C0117,P0028,1
T004785,2026-09-26,C0116,P0020,5
T004786,2026-09-05,C0056,P0034,7
T004787,2026-09-30,C0002,P0008,6
T004788,2026-09-20,C0067,P0041,7
T004789,2026-09-08,C0138,P0014,8
T004790,2026-09-06,C0072,P0040,5
T004791,2026-09-13,C9159,P0010,6
T004792,2026-09-10,C0082,P0028,5
T004793,2026-09-23,C0051,P0016,5
T004794,2026-09-18,C0031,P0019,2
T004795,2026-09-18,C0085,P0009,4
T004796,2026-09-24,C0032,P0046,4
T004797,2026-09-14,C0017,P0049,2
T004798,2026-09-23,C0032,P0028,-3
T004799,2026-09-27,C0084,P0023,7
T004800,2026-09-24,C0019,P0001,3
T004801,2026-09-16,C0038,P0043,5
T004802,2026-09-21,C0014,P0046,5
T004803,2026-09-06,C0058,P0044,4
T004804,2026-09-07,C0100,P0015,4
T004805,2026-09-08,C0078,P0030,4
T004806,2026-09-13,C0009,P0045,2
T004807,2026-09-25,C0071,P0008,4
T004808,2026-09-18,C0131,P0024,2
T004787,2026-09-10,C0130,P0043,1
T004810,2026-09-30,C0017,P0047,5
T004811,2026-09-12,C0002,P0048,7
T004812,2026-09-02,C0147,P0011,3
T004813,2026-09-03,C0127,P0014,7
T004814,2026-09-03,C0058,P0021,8
T004815,2026-09-06,C0040,P0015,3
T004816,2026-09-20,C0005,P0013,6
T004817,2026-09-09,C0130,P0028,6
T004818,2026-09-18,C0123,P0028,8
T004819,2026-09-13,C0035,P0011,1
T004820,2026-09-08,C0149,P0018,7
T004821,2026-09-23,C0109,P0028,8
T004822,2026-09-23,C0075,P0039,2
T004823,2026-09-29,C0031,P0047,6
T004824,2026-09-04,C0065,P0040,5
T004825,2026-09-15,C0010,P0040,6
T004826,2026-09-12,C0063,P0027,4
T004827,2026-09-01,C0085,P0015,7
T004828,2026-09-26,C0133,P0022,1
T004829,01/09/2026,C0149,P0028,7
T004830,2026-09-09,C0084,P0007,3
T004831,2026-09-15,C0150,P0043,5
T004832,2026-09-23,C0087,P9580,7
T004833,2026-09-13,C0053,P0027,4
T004834,2026-09-27,C0116,P0049,5
T004835,2026-09-06,C0115,P0003,5
T004836,2026-09-10,C0137,P0022,1
T004837,2026-09-09,C0032,P0034,4
T004838,2026-09-29,C0002,P9696,2
T004839,2026-09-07,C0019,P0008,1
T004840,2026-09-25,C0139,P0001,7
T004841,2026-09-07,C0012,P0013,3
T004842,2026-09-17,C0064,P0024,7
T004843,2026-09-18,C0093,P0001,5
T004844,2026-09-01,C0070,P0004,2
T004845,2026-09-04,C0024,P0019,4
T004846,2026-09-21,C0034,P0036,3
T004847,2026-09-16,C0026,P0036,4
T004848,2026-09-11,C0144,P0043,4
T004849,2026-09-14,,P0015,6
T004850,2026-09-16,C0061,P0008,6
T004851,2026-09-04,C0134,P0012,7
T004852,2026-09-23,C0097,P0006,2
T004853,2026-09-02,C0056,P0027,2
T004854,2026-09-03,C0059,P0018,5
T004808,2026-09-12,C0088,P0018,5
T004856,2026-09-29,C0019,P0033,5
T004857,2026-09-09,C0072,P0032,5
T004858,2026-09-20,C0099,P0029,8
T004859,2026-09-05,C0125,P0007,6
T004860,2026-09-13,C0090,P0004,4
T004861,2026-09-24,C0066,P0001,7
T004862,2026-09-24,C0102,P0001,1
T004863,2026-09-29,C0046,P0015,8
T004864,2026-09-18,C0017,P0044,2
T004865,2026-09-24,C0008,P0024,8
T004866,2026-09-22,C0077,P0030,8
T004867,2026-09-11,C0139,P0013,5
T004868,2026-09-13,C0045,P0002,1
T004869,2026-09-10,C0053,P0022,7
T004870,2026-09-10,C0077,P0021,6
T004871,2026-09-04,C0138,P0001,3
T004872,2026-09-09,C0046,P0016,2
T004873,2026-09-10,C0117,P0046,6
T004874,2026-09-08,C9263,P0044,1
T004875,2026-09-18,C0040,P0031,4
T004876,2026-09-26,C0049,P0029,1
T004877,2026-09-29,C0074,P0002,8
T004878,2026-09-19,C0147,P0038,5
T004879,2026-09-22,C0065,P0021,8
T004880,2026-09-10,C0039,P0045,7
T004881,2026-09-22,C0011,P0037,1
T004882,2026-09-27,C0089,P0049,5
T004883,2026-09-26,C0098,P0029,1
T004884,2026-09-17,C0138,P0049,2
T004885,2026-09-23,C0098,P0040,8
T004886,2026-09-30,C0126,P0013,1
T004887,2026-09-23,C0123,P0048,6
T004888,2026-09-09,C0149,P0018,7
T004889,2026-09-02,C0135,P0027,8
T004890,2026-09-26,C0034,P0047,6
T004891,2026-09-24,C0010,P0048,4
T004892,2026-09-22,C0141,P0001,8
T004893,2026-09-01,C0037,P0004,7
T004894,2026-09-03,C0114,P0012,2
T004895,2026-09-09,C0130,P0044,7
T004896,2026-09-30,C0034,P0022,8
T004897,2026-09-09,C0007,P0030,4
T004898,2026-09-07,C0128,P0024,5
T004899,2026-09-25,C0135,P0019,7
T004900,2026-09-04,C0056,P0023,7
T004901,2026-09-19,,P0018,2
T004902,2026-09-30,C0142,P0020,6
T004903,2026-09-29,C0039,P0029,1
T004904,2026-09-23,C0093,P0010,7
T004905,2026-09-01,C0008,P0022,6
T004906,2026-09-11,C0003,P0035,3
T004907,2026-09-21,C0141,P0041,4
T004908,2026-09-20,C0080,P0022,2
T004909,2026-09-05,C0021,P0014,4
T004910,2026-09-29,C0086,P0043,1
T004911,2026-09-19,C0034,P0044,3
T004912,2026-09-11,,P0012,1
T004913,2026-09-03,C0111,P0003,6
T004914,2026-09-14,C0127,P0012,2
T004915,2026-09-28,C0076,P0012,8
T004916,2026-09-24,C0010,P0038,6
T004917,2026-09-20,C0028,P0039,6
T004918,2026-09-09,C0131,P0038,4
T004919,2026-09-09,C0037,P0024,3
T004920,2026-09-03,C0098,P0027,6
T004921,2026-09-06,C0070,P0016,6
T004922,2026-09-15,C0016,P0030,5
T004923,2026-09-27,C0018,P0035,3
T004924,2026-09-10,C0068,P0048,2
T004925,2026-09-23,C0010,P0008,8
T004926,2026-09-02,C0062,P0042,3
T004927,2026-09-13,C0140,P0004,2
T004928,2026-09-27,C0075,P0046,8
T004929,2026-09-25,C0148,P0040,4
T004930,2026-09-21,C0135,P0015,4
T004931,2026-09-29,C0091,P0019,1
T004932,2026-09-21,C0017,P0035,8
T004933,2026-09-25,C0120,P0048,5
T004934,2026-09-18,C0075,P0032,4
T004935,2026-09-07,C0031,P0005,3
T004936,2026-09-30,,P0042,1
T004937,2026-09-27,C0138,P0038,3
T004938,2026-09-10,C9430,P0010,4
T004939,2026-09-11,C0114,P0018,1
T004940,2026-09-28,C0002,P0047,7
T004941,2026-09-20,C0116,P0033,3
T004942,2026-09-10,C0098,P0022,4
T004943,2026-09-12,C0108,P0026,5
T004944,2026-09-27,C0071,P0013,8
T004945,2026-09-22,C0003,P0049,-1
T004946,2026-09-18,C0072,P0023,8
T004947,2026-09-10,C0116,P0044,3
T004948,2026-09-17,C0003,P0032,7
T004905,2026-09-01,C0014,P0009,4
T004950,2026-09-21,C0038,P0028,5
T004951,2026-09-22,C0066,P0023,8
T004952,2026-09-20,C0038,P0042,4
T004953,2026-09-03,C0050,P0045,1
T004954,2026-09-29,,P0022,8
T004955,2026-09-11,C0120,P0042,4
T004956,2026-09-01,C0009,P0049,4
T004957,2026-09-22,C0061,P0004,2
T004958,2026-09-03,C0090,P0015,6
T004959,2026-09-09,C0053,P0019,5
T004960,2026-09-09,C0055,P0026,4
T004961,2026-09-09,C0097,P0007,1
T004962,2026-09-22,C0057,P0026,3
T004963,2026-09-07,C0145,P0032,5
T004964,2026-09-22,C9272,P0038,7
T004965,2026-09-12,C0044,P0044,4
T004966,2026-09-12,C0081,P0002,2
T004967,2026-09-07,C0145,P0050,3
T004968,2026-09-02,C0131,P0026,6
T004969,2026-09-02,C0045,P0030,8
T004950,2026-09-27,C0143,P0034,3
T004971,2026-09-18,C0118,P0023,5
T004972,2026-09-02,C0119,P9637,2
T004973,2026-09-06,C0018,P0028,2
T004974,2026-09-13,C0073,P0022,1
T004975,2026-09-20,C0082,P0037,6
T004976,2026-09-27,C0029,P0048,6
T004977,2026-09-18,C0065,P0045,4
T004978,2026-09-11,C0008,,5
T004979,2026-09-21,C0134,P0044,1
T004980,2026-09-04,C0029,P0045,5
T004981,2026-09-26,C0139,P0018,1
T004982,2026-09-13,C0013,,1
T004983,2026-09-04,C0130,P9737,4
T004984,2026-09-08,C0086,P0038,6
T004985,2026-09-04,C0032,P0015,1
T004986,2026-09-11,C0127,P0037,1
T004987,2026-09-21,C0101,P0045,7
T004988,2026-09-24,C0061,P0027,-1
T004989,2026-09-10,C0084,P0013,6
T004990,2026-09-15,C0077,P0020,3
T004991,2026-09-28,C0112,P0009,6
T004992,2026-09-30,C0105,P0042,5
T004993,2026-09-06,C0032,P0017,6
T004994,2026-09-21,C0058,P0047,2
T004995,2026-09-11,C0130,P0014,7
T004996,2026-09-06,C0002,,8
T004997,2026-09-21,C0136,P0045,8
T004998,2026-09-19,C0139,P0027,8
T004999,2026-09-06,C0121,P0045,3
T005000,2026-09-02,C0011,P0016,5
T005001,2026-09-03,C0121,P0049,4
T005002,2026-09-27,C0080,P0003,2
T005003,2026-09-18,C0097,P0012,1
T005004,2026-09-11,C0113,P0043,6
T005005,2026-09-19,C9841,P0031,2
T005006,2026-09-24,C0097,P0020,1
T005007,2026-09-05,C0010,P0050,8
T005008,2026-09-28,C0033,P0023,3
T005009,2026-09-11,C0003,P0034,8
T005010,2026-09-04,C0090,P0022,8
T005011,2026-09-12,C0016,P0039,7
T005012,2026-09-23,C0106,P9792,7
T005013,2026-09-13,C0052,P0049,2
T005014,2026-09-19,C0113,P0040,6
T005015,2026-09-22,C0091,P0047,6
T005016,2026-09-28,C0008,P0004,6
T005017,2026-09-12,C0110,P0012,6
T005018,2026-09-20,C0032,P0021,3
T005019,2026-09-26,C0057,P0026,5
T005020,2026-09-02,C0133,P0025,6
T005021,2026-09-02,C0091,P0029,7
T005022,2026-09-24,C0059,P0014,6
T005023,2026-09-15,C0019,P0018,5
T005024,2026-09-02,C0144,P0020,8
T005025,2026-09-19,,P0032,8
T005026,2026-09-27,C0076,P0018,6
T005027,2026-09-27,C0124,P0036,3
T005028,2026-09-17,C0002,P0026,1
T005029,2026-09-06,C0027,P0008,2
T005030,2026-09-10,C0047,P0010,1
T005031,2026-09-06,C0045,P0035,8
T005032,2026-09-12,C0121,P0024,6
T005033,2026-09-29,C0012,P0024,3
T005034,2026-09-18,C0063,P0023,4
T005035,2026-09-02,C0036,P0026,1
T005036,2026-09-26,C0019,P0045,4
T005037,2026-09-30,C0060,P0048,6
T005038,2026-09-16,C0042,P0011,3
T005039,2026-09-12,C0139,P0041,4
T005040,2026-09-26,C0068,P0024,6
T005041,2026-09-13,C0041,P0007,3
T005042,2026-09-27,C0142,P0013,6
T005043,2026-09-21,C0050,P0049,2
T005044,2026-09-08,C0132,P0012,2
T005045,2026-09-14,C0082,P0038,4
T005046,2026-09-13,C0128,P0024,5
T005047,2026-09-02,C0046,P0002,8
T005048,2026-09-09,C0073,P0044,4
T005049,2026-09-18,C0092,P0025,6
T005050,2026-09-22,C0011,P0005,7
T005051,2026-09-21,C0098,P0028,5
T005052,2026-09-22,C0005,P0002,5
T005053,2026-09-03,C0134,P9437,6
T005054,2026-09-17,C0126,P0038,3
T005055,2026-09-24,C0067,P0029,3
T005056,2026-09-22,C0144,P0049,4
T005057,2026-09-08,C0134,P0038,5
T005058,2026-09-22,C0014,P0028,3
T005059,2026-09-29,C0008,P0034,3
T005060,2026-09-10,C0075,P0026,3
T005061,2026-09-24,C0092,P0046,3
T005062,2026-09-25,C0100,P0038,4
T005063,2026-09-20,C0136,P0032,1
T005064,2026-09-23,C0143,P9318,5
T005065,2026-09-24,C0099,P0027,4
T005066,2026-09-14,C0005,P0027,7
T005067,2026-09-02,C0149,P0022,6
T005068,2026-09-28,C0063,P0034,3
T005069,2026-09-08,C0136,P0027,5
T005070,2026-09-20,C0015,P0044,1
T005071,2026-09-05,C0057,P0005,6
T005072,2026-09-14,C0026,P0025,5
T005073,2026-09-07,C0002,P0045,6
T005074,2026-09-14,C0001,P0014,1
T005075,2026-09-17,C0018,P0032,3
T005076,2026-09-10,C0130,P0012,6
T005077,2026-09-03,C0117,P0022,5
T005078,2026-09-30,C0053,P0020,2
T005079,2026-09-11,C0078,P0005,6
T005080,2026-09-24,C0123,P0018,3
T005081,2026-09-03,C0104,P0003,4
T005082,2026-09-03,C0100,P0017,8
T005083,2026-09-29,C0024,P0017,2
T005084,2026-09-06,C0043,P0015,2
T005085,2026-09-07,C0136,P0044,5
T005086,2026-09-28,C0078,P0036,3
T005087,2026-09-26,C0070,P9359,7
T005088,2026-09-14,C0048,P0040,2
T005089,2026-09-16,C0061,P0003,4
T005090,2026-09-24,C0024,P0017,6
T005091,2026-09-16,C0128,P0014,1
T005092,2026-09-18,C0029,P0043,2
T005093,2026-09-13,C0034,P0033,6
T005094,2026-09-11,C0080,P0046,7
T005095,2026-09-15,C0080,P0033,5
T005096,2026-09-21,C0080,P0012,4
T005097,2026-09-18,C0010,P0025,7
T005098,2026-09-04,C0055,P0035,-3
T005099,2026-09-20,C0049,P0024,7
T005100,2026-09-19,C0109,P0045,3
T005101,2026-09-03,C0141,P0023,5
T005102,2026-09-30,C0142,P0030,7
T005103,2026-09-16,C0047,P0049,6
T005104,2026-09-11,C0010,P0009,5
T005105,2026-09-10,C0118,P0038,5
T005106,2026-09-23,C0009,P0030,7
T005107,2026-09-03,C0025,P0047,8
T005108,2026-09-21,C0050,P0046,3
T005109,2026-09-15,C0146,P0040,1
T005110,2026-09-14,C0105,P0033,7
T005111,2026-09-16,C0132,P0025,5
T005112,2026-09-17,C0121,P0010,6
T005113,2026-09-19,C0012,P0006,1
T005114,2026-09-05,C0078,P0008,6
T005115,2026-09-01,C0088,P0006,7
T005116,2026-09-02,C0149,P0011,5
T005117,2026-09-17,C0001,P0012,4
T005118,2026-09-23,C0012,P0020,6
T005119,2026-09-17,C0122,P0013,5
T005120,2026-09-14,C0115,P0048,1
T005121,2026-09-06,C0090,P0013,3
T005122,2026-09-15,C0099,P0031,1
T005123,2026-09-23,C0053,P0017,4
T005124,2026-09-28,C0075,P0026,7
T005125,2026-09-06,C0133,P0012,1
T005126,2026-09-06,C0055,P0007,2
T005127,2026-09-14,C0032,P0039,4
T005128,2026-09-05,C0049,P0047,7
T005129,2026-09-27,C0029,P0017,6
T005130,2026-09-06,C0109,P0010,4
T005131,2026-09-03,C0038,P0030,4
T005132,2026-09-12,C0019,P0023,7
T005133,2026-09-05,C0044,P0046,4
T005134,2026-09-03,C0090,P0047,5
T005135,2026-09-21,C0027,P0015,8
T005136,2026-09-26,C0071,P0003,7
T005137,2026-09-10,C0094,P0048,3
T005138,2026-09-08,C0031,P0017,4
T005139,2026-09-30,C0071,P0024,8
T005140,2026-09-02,C0127,P0049,6
T005141,2026-09-20,C0047,P0017,6
T005142,2026-09-08,C0054,P0014,4
T005143,2026-09-16,C0066,P0041,6
T005144,2026-09-07,C0077,P0019,3
T005145,2026-09-18,C0025,P0003,3
T005146,2026-09-15,C0042,P0046,5
T005147,2026-09-21,C0089,P0004,8
T005148,2026-09-21,C0145,P0009,4
T005149,14/09/2026,C0047,P0014,2
T005150,2026-09-01,C0070,P0027,7
T005151,2026-09-22,C0001,P0014,8
T005152,2026-09-12,C0006,P0018,1
T005153,2026-09-28,C0126,P0046,5
T005154,14/09/2026,C0026,P0005,4
T005155,2026-09-10,C0018,P0041,1
T005156,2026-09-07,C0016,P0045,2
T005157,2026-09-29,C0005,P0036,1
T005158,2026-09-11,C0002,P0050,7
T005159,2026-09-06,C0115,P0044,2
T005160,2026-09-08,C0109,P0033,8
T005161,2026-09-14,C0090,P0050,7
T005162,2026-09-14,C0069,P0008,3
T005163,2026-09-27,C0003,P0044,1
T005164,2026-09-06,C0001,P0015,0
T005165,2026-09-21,C0110,P0014,4
T005166,2026-09-12,C0015,P0030,2
T005167,2026-09-12,C0043,P0042,4
T005168,2026-09-17,C0051,P0010,1
T005169,2026-09-18,C0019,P0026,4
T005170,2026-09-25,C0026,P0039,2
T005171,2026-09-08,C0044,P0025,6
T005172,2026-09-22,C0036,P0023,8
T005173,2026-09-06,C0101,P0022,7
T005174,2026-09-16,C0063,P0019,3
T005175,2026-09-22,C0125,P0034,4
T005176,2026-09-28,C0084,P0039,8
T005177,2026-09-23,C0045,P0027,4
T005178,2026-09-01,C0079,P0014,7
T005179,2026-09-27,C0001,P0036,1
T005180,2026-09-19,C0129,P0024,1
T005181,2026-09-01,C0119,P0005,8
T005182,2026-09-05,C0131,P0022,5
T005183,2026-09-16,C0101,P0045,3
T005184,2026-09-16,C0084,P0018,3
T005185,2026-09-18,C0051,P0003,7
T005186,2026-09-13,C0049,P0050,6
T005187,2026-09-11,C0041,P0039,-1
T005188,2026-09-07,C0132,P0050,8
T005189,2026-09-11,C0068,P0027,8
T005190,2026-09-04,C0037,P0018,8
T005191,2026-09-13,C0119,P0043,5
T005192,22/09/2026,C0068,P0001,8
T005193,2026-09-10,C0135,P0004,2
T005194,2026-09-03,C0050,P0043,2
T005195,2026-09-10,C0021,P0043,1
T005196,2026-09-11,C0005,P0039,7
T005197,2026-09-14,C0036,P0011,8
T005198,2026-09-18,C0137,P0008,7
T005199,2026-09-20,C0146,P0009,7
T005200,2026-09-12,C0075,P0037,3
T005201,2026-09-25,C0059,P0032,4
T005202,2026-09-05,C0022,P0020,7
T005203,2026-09-22,C0074,,3
T005204,2026-09-27,C0014,P0009,6
T005205,2026-09-28,C0133,P0025,7
T005206,2026-09-16,C0007,P0016,6
T005166,2026-09-15,C0003,P0011,6
T005208,2026-09-23,C0078,P0019,7
T005209,2026-09-24,C0017,P0010,6
T005210,2026-09-09,C0138,P0022,5
T005211,2026-09-06,C0100,P0035,3
T005212,2026-09-13,C0149,P0022,1
T005213,2026-09-01,C0037,P0033,5
T005214,2026-09-29,,P0048,3
T005215,2026-09-22,C0023,P0035,7
T005216,2026-09-19,C0088,P0034,3
T005217,2026-09-13,C0143,P0043,8
T005218,2026-09-20,C0105,P0033,3
T005219,2026-09-12,C0121,P0038,5
T005220,2026-09-17,C0150,P0033,6
T005221,2026-09-01,C0090,P0041,3
T005222,2026-09-27,C0145,P0041,7
T005223,2026-09-12,C0108,P0006,1
T005224,2026-09-21,C0006,P0047,3
T005225,2026-09-02,C0031,P0043,1
T005226,2026-09-08,C0095,P0007,4
T005227,2026-09-17,C0076,P0018,6
T005228,2026-09-19,C0144,P0012,2
T005229,2026-09-23,C0131,P0037,5
T005230,2026-09-14,C0127,P0011,8
T005231,2026-09-23,C0141,P0023,7
T005232,2026-09-09,C0100,P0001,7
T005233,2026-09-14,C0080,P0025,4
T005234,2026-09-08,C9374,P0010,6
T005235,2026-09-18,C0067,P0001,7
T005236,2026-09-24,C0106,P0033,5
T005237,2026-09-25,C0108,P0047,4
T005238,2026-09-14,C0103,P0024,2
T005235,2026-09-21,C0013,P0017,5
T005240,2026-09-02,C0138,P0016,2
T005241,2026-09-30,C0129,P0011,5
T005242,2026-09-02,C0066,P0005,3
T005243,2026-09-15,C0063,P0004,1
T005244,2026-09-10,C0102,P0010,4
T005245,2026-09-02,C0135,P0015,4
T005246,2026-09-13,C0120,P0004,1
T005247,2026-09-22,C0107,P0049,1
T005248,2026-09-13,C0001,P0032,6
T005249,2026-09-28,,P0036,5
T005250,2026-09-09,C0050,P0022,5
T005251,2026-09-20,C0040,P0001,6
T005222,2026-09-28,C0035,P0029,3
T005241,2026-09-07,C0083,P0024,6
T005254,2026-09-17,C0124,P0041,4
T005255,2026-09-11,C0011,P0046,5
T005256,2026-09-03,C0135,P0040,5
T005257,2026-09-24,C0002,P0009,7
T005258,2026-09-17,C0068,P0033,4
T005259,2026-09-29,C0096,P0023,2
T005260,2026-09-27,C0139,P0021,3
T005261,2026-09-29,C0135,P0036,7
T005262,2026-09-13,C0134,P0004,3
T005263,2026-09-27,C0138,P0004,6
T005264,28/09/2026,C0024,P0029,5
T005265,2026-09-16,C0139,P0040,5
T005266,2026-09-21,C0022,P0016,4
T005267,15/09/2026,C0056,P0023,6
T005268,2026-09-02,C0097,P0036,7
T005269,2026-09-29,C0075,P0022,5
T005270,2026-09-14,C0061,P0050,4
T005271,2026-09-04,C0063,P0030,3
T005272,2026-09-06,C0068,P0045,4
T005273,2026-09-22,C0109,P0028,3
T005274,2026-09-10,C0024,P0049,3
T005275,2026-09-19,C0071,P0005,4
T005276,2026-09-14,C0137,P0009,1
T005277,2026-09-12,C0139,P0019,8
T005278,2026-09-11,C0012,P0018,1
T005265,2026-09-19,C0083,P0040,4
T005280,2026-09-07,C0021,P0040,4
T005281,2026-09-16,C0080,P0047,6
T005282,2026-09-29,C0041,P0043,5
T005283,2026-09-23,C0097,P0034,3
T005284,2026-09-08,,P0032,1
T005285,2026-09-18,C0101,P0025,7
T005286,2026-09-03,C0084,P0027,3
T005287,2026-09-18,C0060,P0008,7
T005288,2026-09-21,C0086,P0015,4
T005289,2026-09-28,C0090,P0023,2
T005290,2026-09-22,C9744,P0023,3
T005291,2026-09-24,C0113,P0036,7
T005292,2026-09-14,C0021,P0002,4
T005293,2026-09-01,C0093,P0039,5
T005294,2026-09-06,C0039,P0035,7
T005295,2026-09-25,C0150,P0044,1
T005296,2026-09-07,C0101,P0015,7
T005297,2026-09-07,C0116,P0016,2
T005298,2026-09-17,C0148,P0024,4
T005299,2026-09-15,C0041,P0029,3
T005300,2026-09-13,C0127,P0040,5
T005301,2026-09-23,C0025,P9270,1
T005302,2026-09-10,C0038,P0039,2
T005303,2026-09-12,C0059,P0036,5
T005304,2026-09-27,C0033,P0034,4
T005305,2026-09-24,C0118,P0025,5
T005306,2026-09-13,C0090,P0042,4
T005307,2026-09-30,C0132,,6
T005308,2026-09-05,C0124,P0008,5
T005309,2026-09-08,C0106,P0009,6
T005310,2026-09-10,C0103,P0024,3
T005311,2026-09-30,C0095,P0040,8
T005312,2026-09-15,C0101,P0012,2
T005313,2026-09-14,C0122,P0025,2
T005314,2026-09-27,C0121,P0038,3
T005315,2026-09-25,C0019,P0035,5
T005316,2026-09-28,C0146,P0042,1
T005317,2026-09-08,,P0001,7
T005318,2026-09-24,C0005,P0022,4
T005319,2026-09-21,C0131,P0042,1
T005320,2026-09-17,C0148,P0024,4
T005321,2026-09-22,C0126,P0042,8
T005322,2026-09-27,C0025,P0034,5
T005323,2026-09-21,C0081,P0030,3
T005324,2026-09-10,C0148,P0013,2
T005325,2026-09-08,C0130,P0017,5
T005326,2026-09-27,C0022,P0022,1
T005327,2026-09-03,C0079,P0035,4
T005328,2026-09-02,C0055,P0009,3
T005329,2026-09-22,C0062,P0042,6
T005330,2026-09-09,C0086,P0010,2
T005331,2026-09-18,C0127,P0022,6
T005332,2026-09-18,C0033,P0042,7
T005333,2026-09-15,C0054,P0005,1
T005334,2026-09-07,C0036,P0045,3
T005335,2026-09-03,C0110,P0006,3
T005336,2026-09-29,C0139,P0035,7
T005337,2026-09-25,C0096,P0016,3
T005338,2026-09-12,C0016,P0042,4
T005339,2026-09-06,C0008,P0047,2
T005340,2026-09-25,C0072,P0028,-1
T005341,2026-09-17,C0042,P0043,7
T005342,2026-09-22,C0103,P0019,4
T005343,2026-09-12,C0106,P0018,6
T005344,2026-09-26,C0118,P0042,5
T005345,2026-09-11,C0068,P0029,5
T005346,2026-09-17,C0045,P0015,4
T005347,2026-09-13,C0056,P0038,7
T005348,2026-09-19,C0066,P0049,3
T005349,2026-09-01,C0121,P0036,7
T005350,2026-09-14,C0069,P0032,1
T005351,2026-09-09,C0063,P0007,1
T005352,2026-09-23,C0148,P0041,4
T005353,2026-09-26,,P0048,1
T005354,2026-09-29,C0079,P0030,3
T005355,2026-09-23,C0059,P0038,2
T005356,2026-09-05,C0074,P0005,7
T005357,2026-09-02,C0059,P0049,3
T005358,2026-09-02,C0064,P0005,7
T005359,2026-09-02,C0037,P0047,7
T005360,2026-09-21,C0101,P0021,6
T005361,2026-09-24,C0090,P0003,4
T005362,2026-09-10,C0022,P0028,8
T005363,2026-09-05,C0114,P0027,1
T005364,2026-09-13,C0040,P0001,3
T005365,2026-09-14,C0097,P0039,1
T005366,2026-09-06,C0145,P0042,2
T005367,2026-09-20,C0001,P0008,1
T005368,2026-09-18,C0108,P0033,2
T005369,2026-09-18,C0049,P0049,5
T005370,2026-09-28,C0111,P0044,2
T005371,2026-09-02,C0015,P0003,3
T005372,2026-09-21,C0051,P0012,2
T005373,2026-09-06,C0104,P0014,3
T005374,2026-09-23,C0059,P0020,6
T005375,2026-09-02,C0120,P0027,5
T005331,2026-09-28,C0022,P0030,5
T005377,2026-09-19,C0011,P0022,3
T005378,2026-09-26,C0112,P0016,3
T005379,2026-09-06,C0063,P0007,5
T005380,2026-09-15,C0031,P0019,5
T005381,2026-09-05,C0027,P0001,0
T005382,2026-09-27,C0050,P0025,7
T005383,2026-09-24,C0079,P0005,1
T005384,2026-09-08,C0020,P0035,1
T005385,2026-09-18,C0084,,1
T005386,2026-09-04,C0035,P0049,5
T005387,2026-09-06,C0054,P0036,1
T005388,2026-09-16,C0144,P0027,7
T005389,2026-09-10,C0074,P0038,3
T005390,2026-09-27,C0066,P9155,5
T005391,2026-09-05,C0037,P0031,1
T005392,2026-09-11,C0095,P0011,4
T005393,2026-09-14,C0018,P0030,4
T005394,2026-09-28,C0091,P0031,3
T005395,2026-09-10,C0010,P0039,7
T005396,2026-09-15,C0059,P0007,3
T005397,2026-09-01,C0061,P0046,7
T005398,2026-09-27,C0090,P0008,5
T005399,2026-09-02,C0089,P0045,1
T005400,2026-09-01,C0066,P0015,6
T005401,2026-09-18,C0115,P0047,8
T005402,2026-09-01,C0046,P0041,3
T005403,2026-09-24,C0086,P0008,1
T005404,2026-09-04,C0118,P0030,1
T005405,2026-09-06,C0136,P0029,6
T005406,2026-09-16,C0133,P0025,2
T005407,2026-09-23,C0123,P0030,0
T005408,2026-09-03,C0072,P0003,3
T005409,2026-09-09,C0087,,7
T005410,2026-09-09,C0064,P0008,8
T005411,2026-09-22,C0146,P0048,3
T005412,2026-09-04,C0041,P0042,7
T005413,2026-09-08,C0083,P0007,4
T005414,2026-09-26,C0126,P0041,7
T005415,2026-09-06,C0105,P0015,2
T005416,2026-09-15,C0099,P0029,8
T005417,2026-09-30,C0095,P0048,1
T005418,2026-09-09,C0134,P0007,5
T005419,2026-09-05,C0032,P0039,6
T005420,2026-09-02,C0075,P0018,7
T005421,2026-09-29,C0105,,2
T005422,2026-09-17,C0005,P0026,4
T005423,2026-09-14,C0060,P0046,4
T005424,2026-09-10,C0073,P0038,7
T005425,2026-09-26,C0046,P0019,4
T005426,2026-09-10,C0061,P0014,3
T005427,2026-09-22,C0012,P0014,8
T005428,2026-09-11,C0042,P0039,3
T005429,2026-09-20,C0109,P0045,1
T005430,2026-09-30,C0026,P0047,8
T005431,2026-09-27,C0070,P0014,6
T005432,2026-09-16,C0076,P0020,4
T005433,2026-09-03,C0009,P0030,1
T005434,2026-09-26,C0080,P0028,4
T005435,2026-09-17,C0120,P0009,2
T005436,2026-09-29,C0088,,2
T005437,2026-09-05,C0091,P0016,1
T005438,2026-09-07,C0059,P0004,8
T005439,2026-09-16,C0021,P0007,8
T005440,2026-09-12,C0087,P0026,6
T005441,2026-09-07,C0145,P9580,3
T005442,2026-09-25,C0134,P0026,5
T005443,2026-09-23,C0102,P0015,6
T005444,2026-09-01,C0072,P0014,7
T005445,2026-09-09,C0120,P0008,3
T005446,2026-09-30,,P0006,1
T005447,2026-09-28,C0001,P0039,6
T005448,2026-09-14,C0140,P0040,3
T005449,2026-09-02,C0084,P0009,6
T005450,2026-09-01,C0082,P0050,1
T005451,2026-09-13,C0091,P0012,1
T005452,2026-09-20,C0074,P0007,2
T005453,2026-09-26,C9254,P0037,8
T005454,2026-09-29,C0115,P0006,7
T005455,2026-09-26,C0122,P0036,1
T005456,2026-09-03,C0149,P0013,1
T005457,2026-09-01,C0097,P0047,8
T005458,2026-09-05,,P0022,5
T005459,2026-09-13,C0135,P0026,-3
T005460,2026-09-28,C0064,P0040,5
T005461,2026-09-28,C0069,P0026,7
T005462,2026-09-21,C0021,P0039,4
T005463,2026-09-23,C0045,P0047,8
T005464,2026-09-23,C0005,P0002,2
T005465,2026-09-23,C0015,P0047,4
T005466,2026-09-15,C0058,P0012,5
T005467,2026-09-22,C0092,P0008,5
T005468,2026-09-17,C0009,P0006,3
T005469,2026-09-22,C0011,P0016,4
T005470,2026-09-19,C0009,P9314,2
T005471,2026-09-18,C0134,P0021,2
T005472,2026-09-05,C0041,P0016,5
T005473,2026-09-16,C0111,,6
T005474,2026-09-06,C0145,P0006,4
T005475,2026-09-10,C0106,P9801,7
T005476,2026-09-23,C0076,P0032,5
T005477,2026-09-26,C0130,P0011,3
T005478,2026-09-22,C0111,P0048,4
T005479,2026-09-08,C0088,P0027,3
T005480,2026-09-16,C0057,P0018,3
T005481,23/09/2026,C0140,P0022,3
T005482,2026-09-23,C0138,P0030,3
T005483,2026-09-28,C0016,P0021,8
T005484,2026-09-07,C0119,P0016,6
T005485,2026-09-12,C0125,P0030,-1
T005486,2026-09-30,C0116,P0024,3
T005487,2026-09-20,C0034,P0040,3
T005488,2026-09-30,C0015,P0029,5
T005489,2026-09-17,C0004,,7
T005490,2026-09-25,C0067,P0025,1
T005491,2026-09-13,C0015,P0001,6
T005492,2026-09-20,C0030,P0015,3
T005493,2026-09-05,C0099,P0025,2
T005494,2026-09-21,C0041,P0048,6
T005495,2026-09-17,C0020,P0008,3
T005496,2026-09-19,C0135,P0043,1
T005497,2026-09-19,C0088,P0005,2
T005498,2026-09-12,C0080,P0006,3
T005499,2026-09-27,C0088,P0025,3
T005500,2026-09-26,C0038,P0016,8
T005501,2026-09-30,C0121,P0033,6
T005502,2026-09-13,C0069,P0045,8
T005503,2026-09-09,,P0005,5
T005504,2026-09-08,C0049,P0038,2
T005505,2026-09-02,C0112,P0026,5
T005506,2026-09-03,C0072,P0016,5
T005507,2026-09-19,C0131,P0006,1
T005508,2026-09-11,C0004,P0028,5
T005509,2026-09-30,C0002,P0021,1
T005510,2026-09-27,C0078,P0006,3
T005511,2026-09-05,C0069,P0034,3
T005512,2026-09-26,C0127,P0019,7
T005513,2026-09-08,C0107,P0029,-1
T005514,2026-09-29,C0028,P0038,5
T005515,2026-09-18,C0061,P0006,8
T005516,2026-09-25,C0127,P0018,4
T005517,2026-09-16,C0053,P0004,2
T005518,2026-09-25,C0022,P0048,7
T005519,2026-09-01,C0037,P0026,5
T005520,2026-09-20,C0132,P0027,2
T005521,2026-09-27,C0132,P0035,1
T005522,2026-09-29,C0140,P0050,6
T005523,2026-09-19,C0126,P0013,8
T005524,2026-09-24,C0146,P0047,8
T005525,2026-09-07,C0150,P0040,2
T005526,2026-09-27,C0033,P0028,7
T005527,2026-09-27,C0056,P0046,2
T005528,2026-09-20,C0134,P0006,1
T005529,2026-09-19,C0002,P0018,8
T005530,2026-09-13,C0083,P0034,3
T005531,2026-09-08,C0083,P0030,4
T005532,2026-09-02,C0141,P0028,2
T005533,2026-09-10,C0074,P0009,8
T005534,2026-09-22,C0071,P0030,6
T005535,2026-09-16,C0028,P0038,6
T005536,2026-09-23,C0019,P0008,2
T005537,2026-09-12,C0105,P0012,1
T005538,2026-09-03,C0029,P0043,3
T005539,2026-09-05,C0027,P0034,2
T005540,2026-09-11,C0026,P0017,1
T005541,2026-09-16,C0128,P0024,6
T005542,2026-09-13,C0035,P0011,5
T005543,2026-09-27,C0020,P0004,5
T005544,2026-09-02,C0002,P0018,1
T005545,2026-09-28,C0066,P0021,3
T005546,2026-09-04,C0005,P0049,5
T005547,2026-09-02,C0095,P0050,8
T005548,2026-09-19,C0079,P0045,-3
T005549,2026-09-09,C0131,P0019,6
T005550,2026-09-23,C0057,P0001,8
T005551,2026-09-06,C0108,P0032,4
T005552,2026-09-25,C0056,P0030,7
T005553,2026-09-04,C0062,P0006,7
T005554,2026-09-25,C0067,P0029,1
T005555,2026-09-16,C0082,P0013,8
T005556,2026-09-22,C0037,P0033,5
T005557,2026-09-18,C0115,P0049,4
T005558,2026-09-17,C0104,P0023,7
T005559,2026-09-03,C0083,P0011,8
T005560,2026-09-02,C0004,P0038,7
T005561,2026-09-20,C0012,P9373,5
T005562,2026-09-25,C0114,P0001,8
T005563,2026-09-02,C0084,P0048,5
T005564,2026-09-16,C0092,P0047,7
T005565,2026-09-15,C0044,P0017,7
T005566,2026-09-18,C0028,P0001,2
T005567,2026-09-14,C0130,P0018,5
T005568,2026-09-01,C0086,P0050,8
T005569,2026-09-02,C0150,P0004,6
T005570,2026-09-27,C0100,P0031,4
T005571,2026-09-27,C0105,P0012,4
T005572,2026-09-18,C0082,P0043,5
T005573,2026-09-19,C0080,,7
T005574,2026-09-07,C0021,P0031,6
T005575,2026-09-04,C0058,P0004,1
T005576,2026-09-26,,P0003,6
T005577,2026-09-09,C0062,P0050,8
T005578,2026-09-22,C0055,P0008,6
T005579,2026-09-03,C0113,P0031,-3
T005580,2026-09-26,C0098,P0044,3
T005581,2026-09-09,C0142,P0048,7
T005582,2026-09-01,C0027,P0042,3
T005583,2026-09-10,C0131,P0007,3
T005584,2026-09-19,C0085,P0019,6
T005585,2026-09-04,C0144,P0040,7
T005586,2026-09-30,C0056,P0026,3
T005587,2026-09-03,C0023,P0044,5
T005588,2026-09-21,C0094,P9175,5
T005589,2026-09-17,C0051,P0007,6
T005590,2026-09-10,C0119,P0028,1
T005591,2026-09-23,C0133,P0017,5
T005592,2026-09-09,C0001,P0033,6
T005593,2026-09-16,C0127,P0035,5
T005594,2026-09-04,C0094,P0022,2
T005595,2026-09-10,C0051,P0019,7
T005596,2026-09-13,C0054,P0043,5
T005597,2026-09-22,C0005,P0017,7
T005598,2026-09-27,C0140,P0044,8
T005599,2026-09-14,C0079,P0032,4
T005600,2026-09-15,C0064,P0005,4
T005601,2026-09-13,C0088,P0016,4
T005602,2026-09-22,C0124,P0031,7
T005603,2026-09-05,C0134,P0023,3
T005604,2026-09-18,C0063,P0038,7
T005605,2026-09-02,C0104,P0005,1
T005606,2026-09-29,C0141,P0015,3
T005607,2026-09-15,C0147,P0044,5
T005608,2026-09-03,C0023,P0038,3
T005609,2026-09-07,C0002,P0025,4
T005610,2026-09-26,C0132,P0015,2
T005611,2026-09-07,C0056,P0005,2
T005612,2026-09-23,C0089,P0047,4
T005613,2026-09-26,C0064,P9401,3
T005614,2026-09-16,,P0037,7
T005615,2026-09-06,C0078,P0033,3
T005616,2026-09-14,C0023,P0049,7
T005617,2026-09-17,C0105,P0005,7
T005618,2026-09-04,C9530,P0014,6
T005619,2026-09-11,C0051,P0009,3
T005620,2026-09-19,C0060,P0012,3
T005621,2026-09-01,C0007,P0006,5
T005622,2026-09-24,C0093,P0049,3
T005623,2026-09-13,C0110,P0032,5
T005624,2026-09-30,C0131,P0049,7
T005625,2026-09-02,C0079,P0032,4
T005626,2026-09-02,C0139,P0038,2
T005627,2026-09-08,C0061,P0016,4
T005628,2026-09-08,,P0013,2
T005629,2026-09-16,C0043,P0009,2
T005630,2026-09-17,C0106,P0016,4
T005631,2026-09-14,C0127,P0021,5
T005632,2026-09-16,C0085,P0005,1
T005633,2026-09-14,C0002,P0047,4
T005634,2026-09-26,C0031,P0034,4
T005635,2026-09-19,C0130,P0002,1
T005636,2026-09-18,C0111,P0007,1
T005637,2026-09-19,C0041,P0038,7
T005638,2026-09-01,C0084,P0044,8
T005639,2026-09-02,C0014,P0004,7
T005640,2026-09-22,C0138,P0024,8
T005641,2026-09-08,C0049,P0046,1
T005642,2026-09-28,C0059,P0035,5
T005643,2026-09-06,C0060,,6
T005644,2026-09-26,C0108,P0035,7
T005645,2026-09-25,C0121,P0014,1
T005646,2026-09-29,C0086,P0008,5
T005647,2026-09-08,C0064,P0041,8
T005648,2026-09-14,C0095,P0005,6
T005649,2026-09-07,C0014,P0036,8
T005650,2026-09-02,C0030,P0036,4
T005651,2026-09-18,C0090,P0006,5
T005652,2026-09-29,C0031,P0023,3
T005653,2026-09-02,C0139,P0016,3
T005654,2026-09-01,C0140,P0037,2
T005655,2026-09-08,C0123,P0015,3
T005656,2026-09-21,C0058,P0007,4
T005657,2026-09-07,C0004,P0019,3
T005658,2026-09-08,C0108,P0026,6
T005659,2026-09-16,C0106,P0041,7
T005660,2026-09-09,C0014,P0015,6
T005661,2026-09-07,C0024,P0031,8
T005648,2026-09-30,C0068,P0044,1
T005663,2026-09-23,,P0014,2
T005664,2026-09-10,C0065,P0018,2
T005665,2026-09-29,C0033,P0048,1
T005666,2026-09-17,C0116,P0016,4
T005667,2026-09-27,C0007,P0040,3
T005668,2026-09-15,C0039,P0020,1
T005669,2026-09-06,C0001,P0007,1
T005670,2026-09-26,C0029,P0032,5
T005671,2026-09-15,C0098,P0011,1
T005672,2026-09-04,C0045,P0044,6
T005673,29/09/2026,C0141,P0047,1
T005674,2026-09-12,C0045,P0018,6
T005675,2026-09-14,C0027,P0005,4
T005676,2026-09-02,C0111,P0005,1
T005677,2026-09-06,C0054,P0036,1
T005678,2026-09-13,C0070,P0009,8
T005679,2026-09-21,C0141,P0027,1
T005680,2026-09-11,C0004,P0016,5
T005681,2026-09-21,C0075,P0032,3
T005682,2026-09-25,C0135,P0025,4
T005683,2026-09-06,C0063,P0005,3
T005684,2026-09-22,C0139,P0018,5
T005685,2026-09-14,C0023,P0023,4
T005686,2026-09-27,C0055,,8
T005687,2026-09-16,,P0014,8
T005688,2026-09-14,C0051,P0010,4
T005689,2026-09-26,C0131,P0001,6
T005690,2026-09-09,C0014,P0011,2
T005691,2026-09-23,C0106,P0002,3
T005692,2026-09-22,C0039,P0023,3
T005693,2026-09-25,C0139,P0026,8
T005694,2026-09-11,C0062,P0049,4
T005695,2026-09-26,C0149,P0029,8
T005696,2026-09-21,C0033,P0008,4
T005697,2026-09-20,C0090,P0030,5
T005698,2026-09-13,C0136,P0040,8
T005699,2026-09-07,C0107,P0009,6
T005700,2026-09-10,C0135,P0013,-3
T005701,2026-09-30,C0067,P0031,2
T005702,2026-09-04,C0106,P0045,1
T005703,2026-09-19,C0004,P0013,7
T005704,2026-09-11,C0097,P0007,6
T005705,2026-09-16,C0098,P0007,1
T005706,2026-09-25,C0046,P0009,6
T005707,2026-09-12,C0104,P0042,3
T005708,2026-09-26,C0091,P0008,5
T005709,2026-09-24,C0133,P0046,2
T005710,2026-09-19,C0056,P0010,5
T005711,2026-09-07,C0015,P0015,5
T005712,2026-09-06,C0028,P0042,5
T005713,2026-09-03,C0107,P0049,7
T005714,2026-09-10,C0020,P0027,6
T005715,2026-09-22,C0102,P0027,0
T005716,2026-09-07,C0134,P0020,8
T005717,2026-09-02,C0124,P0032,2
T005718,2026-09-14,C0031,P0016,7
T005719,2026-09-07,C0057,P0016,1
T005720,2026-09-12,C0124,P0012,1
T005721,2026-09-25,C0063,P0011,4
T005722,2026-09-06,C0007,P0023,7
T005723,2026-09-30,C0030,P0005,4
T005724,2026-09-20,C0012,P0023,7
T005725,2026-09-03,C0015,P0032,1
T005726,2026-09-26,C0022,P0030,1
T005727,2026-09-03,C0011,P0046,3
T005728,2026-09-30,C0055,P0036,2
T005729,2026-09-04,C0075,P0008,6
T005730,2026-09-15,C0083,P0037,5
T005731,2026-09-14,C0064,,4
T005732,2026-09-03,C0046,P0037,2
T005733,2026-09-30,C0113,P0020,1
T005734,2026-09-06,C0061,P0011,8
T005735,2026-09-02,C0135,P0049,1
T005736,2026-09-21,C0061,P0029,3
T005737,2026-09-15,C0088,P0033,2
T005738,2026-09-07,C0119,P0032,7
T005739,2026-09-05,C0131,P0002,8
T005740,2026-09-04,C0018,P0041,1
T005741,2026-09-13,C0135,P0035,3
T005742,2026-09-01,C0094,P0040,3
T005743,2026-09-10,C0033,P0012,2
T005744,2026-09-15,C0062,P0041,3
T005745,2026-09-08,C0149,P0009,7
T005746,2026-09-29,C0071,P0005,8
T005747,2026-09-09,C0085,P0039,6
T005748,2026-09-24,C0142,P0047,5
T005749,2026-09-23,C0041,P0037,7
T005750,2026-09-28,C0020,P0023,8
T005751,2026-09-09,C0149,P0015,6
T005752,2026-09-03,C0091,P0050,4
T005753,2026-09-04,C0065,P0032,2
T005754,2026-09-02,C0088,P0017,1
T005755,2026-09-26,,P0037,7
T005756,2026-09-05,C9343,P0026,6
T005757,2026-09-25,C0137,P0016,1
T005758,2026-09-25,C0091,P0036,3
T005759,2026-09-28,C0069,P0041,5
T005760,2026-09-12,C0040,P0005,1
T005761,2026-09-22,C0093,P0030,6
T005762,2026-09-22,C0150,P0001,8
T005763,2026-09-22,C0103,P0049,8
T005764,2026-09-04,C0067,P0028,2
T005765,2026-09-08,C0078,P0001,5
T005766,2026-09-15,C0143,P0012,4
T005767,2026-09-03,C0055,,4
T005768,2026-09-04,C0103,P0013,5
T005769,2026-09-30,C0090,P0048,3
T005770,12/09/2026,C0039,P0023,3
T005771,2026-09-03,C0051,P0016,1
T005772,2026-09-07,C0073,P0020,5
T005773,2026-09-17,C0121,P0015,3
T005774,2026-09-17,C0067,P0028,7
T005775,2026-09-26,C9331,P0028,8
T005776,2026-09-13,C0121,P0049,2
T005777,2026-09-10,C0035,P0041,8
T005778,14/09/2026,C0110,P0035,2
T005779,2026-09-22,C0134,P0037,0
T005780,2026-09-21,C0058,P0030,6
T005781,2026-09-12,C0126,P0048,1
T005782,2026-09-02,C9159,P0025,7
T005783,2026-09-12,C0061,,2
T005784,2026-09-25,C0039,P0036,2
T005785,2026-09-01,C0077,P0026,3
T005786,2026-09-02,C0055,P0049,4
T005787,2026-09-14,C0136,P0036,6
T005788,2026-09-23,,P0003,8
T005789,2026-09-13,C0037,P0025,8
T005790,2026-09-17,C0122,P0025,7
T005791,2026-09-22,C0113,P0027,-1
T005792,2026-09-20,C0126,P0048,2
T005793,2026-09-29,C0127,P0021,5
T005794,2026-09-03,C0112,P0041,1
T005795,2026-09-19,C0109,P0034,4
T005796,2026-09-06,C0032,P0027,3
T005797,2026-09-17,C0015,,6
T005798,2026-09-01,C0096,P0040,6
T005799,2026-09-02,C0147,P0003,5
T005800,2026-09-01,C0093,P0016,1
T005801,2026-09-27,C0040,P0015,6
T005802,2026-09-04,C0091,P0011,3
T005803,2026-09-19,C0147,P0029,1
T005804,2026-09-08,C0138,P0038,1
T005805,2026-09-16,C0015,P0045,1
T005806,2026-09-13,C0022,P0005,2
T005807,2026-09-16,C0006,P0039,3
T005808,2026-09-16,C0080,P0011,7
T005809,2026-09-06,C0055,P0038,6
T005810,2026-09-08,C0069,P0047,5
T005811,2026-09-30,C0109,P0007,2
T005812,2026-09-12,C0045,P0037,8
T005813,2026-09-17,C0075,P0003,3
T005814,2026-09-03,C9588,P0050,7
T005815,2026-09-14,C0017,P0031,7
T005816,2026-09-24,C0014,P0013,2
T005817,2026-09-08,C0096,P0047,6
T005818,2026-09-17,C0034,P0021,7
T005819,2026-09-01,C0131,P0045,1
T005820,2026-09-08,,P0005,7
T005821,2026-09-04,C0027,P0038,5
T005822,2026-09-30,C0004,P0040,5
T005823,2026-09-06,C0122,P0003,4
T005824,2026-09-12,C0039,P0019,7
T005825,2026-09-07,C0019,P0010,3
T005826,2026-09-13,C0135,P0007,7
T005827,2026-09-16,C0025,P0030,7
T005828,2026-09-05,C0019,P0012,8
T005829,2026-09-03,C0106,P0001,6
T005830,2026-09-06,C0061,P0026,2
T005831,2026-09-18,C0074,P0049,6
T005832,2026-09-29,C0031,P0038,3
T005833,2026-09-10,C0122,P0016,3
T005834,2026-09-12,C0148,P0039,5
T005835,2026-09-30,C0102,P0004,7
T005836,2026-09-13,C0015,P0034,7
T005837,2026-09-10,C0095,P0028,5
T005838,2026-09-03,C9769,P0012,2
T005839,2026-09-11,C0117,P0020,1
T005840,2026-09-06,C0135,P0009,1
T005841,2026-09-24,C0007,P0036,8
T005842,2026-09-12,C0026,P0019,5
T005843,2026-09-07,C9991,P0025,1
T005844,2026-09-21,C0084,P0008,6
T005845,2026-09-13,C0095,P0037,7
T005846,2026-09-22,C0014,P0050,7
T005847,2026-09-03,C0139,P0031,1
T005848,2026-09-23,C0036,P0026,8
T005849,2026-09-12,C0123,P0018,3
T005850,2026-09-19,C0141,P0039,1
T005851,2026-09-14,C0079,P0007,2
T005852,2026-09-09,,P0037,8
T005853,2026-09-21,C0031,P9354,8
T005854,2026-09-21,C0062,P0005,7
T005855,2026-09-24,C0087,P0011,1
T005856,2026-09-17,C0071,P0048,3
T005857,2026-09-28,C0058,P0048,2
T005858,2026-09-09,C0135,P0030,8
T005859,2026-09-20,C0122,P0045,2
T005860,2026-09-02,C0143,P0015,1
T005861,2026-09-18,C0045,P0010,3
T005862,2026-09-09,C0069,P0037,8
T005863,2026-09-27,C0100,P0020,8
T005864,2026-09-23,C0102,P0001,8
T005865,2026-09-14,C0134,P0015,2
T005866,2026-09-24,C0022,P0022,5
T005867,2026-09-15,C0057,P9124,3
T005868,2026-09-13,C0065,P0015,4
T005869,2026-09-17,C0098,P0017,0
T005870,2026-09-29,C0146,P0031,7
T005871,2026-09-19,C0098,P0032,3
T005872,2026-09-18,C0081,P0044,7
T005873,2026-09-08,C0129,P0016,7
T005874,2026-09-23,C0099,P0047,4
T005875,2026-09-27,C0141,P0012,5
T005876,2026-09-27,C0104,P0005,4
T005877,2026-09-04,C0087,P0050,8
T005878,2026-09-23,C0038,P0014,1
T005879,2026-09-03,C0083,P0010,5
T005880,2026-09-16,C0126,P0048,6
T005881,2026-09-05,C0023,P0033,6
T005882,2026-09-03,C0017,P0009,5
T005883,2026-09-30,C0099,P0019,2
T005884,2026-09-28,C0112,P0033,4
T005885,2026-09-22,C0075,,8
T005886,2026-09-15,C0042,P0021,2
T005887,2026-09-19,C0011,P0044,3
T005888,2026-09-30,C0119,P0006,1
T005889,2026-09-16,C0031,P0001,-3
T005890,2026-09-20,C0087,P0024,2
T005891,2026-09-28,C0141,P0042,5
T005892,2026-09-14,C0008,P0011,6
T005893,2026-09-20,C0112,P0013,2
T005894,2026-09-04,C0082,P0044,3
T005895,2026-09-01,C0081,P0008,-3
T005896,2026-09-28,C0097,P0044,3
T005897,2026-09-30,C0041,P0049,7
T005898,2026-09-03,C0121,P0032,2
T005899,2026-09-02,C0065,P0011,8
T005900,2026-09-17,C0128,P0007,3
T005901,2026-09-10,C0098,P0001,5
T005902,2026-09-17,C0112,P0042,5
T005903,2026-09-27,C0020,P0022,5
T005904,2026-09-22,C0110,P0038,2
T005905,2026-09-23,C0025,P0021,5
T005906,2026-09-11,C0052,P0024,4
T005907,2026-09-11,C0007,P0013,3
T005908,2026-09-08,C0131,P0006,4
T005909,2026-09-17,,P0017,6
T005910,2026-09-06,C0068,P0049,4
T005911,2026-09-09,C0062,P0045,8
T005912,2026-09-12,C0013,P0017,1
T005913,2026-09-03,C0067,P0049,2
T005914,2026-09-12,C0070,P0020,8
T005915,2026-09-28,C0112,P0039,1
T005916,2026-09-12,C9444,P0034,2
T005917,2026-09-12,C0090,P0046,8
T005918,2026-09-10,C0102,P0010,4
T005919,2026-09-15,C0046,P0002,8
T005920,2026-09-10,C0136,,2
T005921,2026-09-23,C0051,P0003,8
T005922,2026-09-03,C0058,P0035,5
T005923,2026-09-04,C0083,P0021,6
T005924,2026-09-02,C0071,P0030,7
T005925,2026-09-08,C0105,P0040,1
T005926,2026-09-21,C0070,P0012,8
T005927,2026-09-04,C0060,P0050,4
T005928,2026-09-09,C0141,P0021,8
T005929,2026-09-05,C0122,P0015,3
T005930,2026-09-21,C0034,P0001,2
T005931,2026-09-09,C0021,P0037,4
T005932,2026-09-04,C0017,P0015,2
T005933,2026-09-16,C0114,P0025,2
T005934,2026-09-09,C0020,P0043,4
T005935,2026-09-26,C0008,,5
T005936,2026-09-28,C0135,P0038,2
T005937,2026-09-29,C0014,P0009,6
T005938,2026-09-08,C0037,P0004,1
T005939,2026-09-30,C0043,P0042,2
T005940,2026-09-17,C0038,P0024,2
T005941,2026-09-28,C0099,P0015,3
T005942,2026-09-22,C0012,P0015,8
T005943,2026-09-29,C0111,P0023,6
T005944,2026-09-03,C0022,P0049,3
T005945,2026-09-17,C0085,P0049,7
T005946,2026-09-22,C0038,P0045,8
T005947,2026-09-20,C0058,P0041,2
T005948,2026-09-14,C0005,P0044,7
T005949,2026-09-29,C0055,P0046,6
T005950,2026-09-18,C0138,P0002,4
T005951,2026-09-11,C0146,P0033,7
T005952,2026-09-27,C0120,P0027,5
T005953,2026-09-13,C0056,P0031,3
T005954,2026-09-14,C0090,P0049,1
T005955,2026-09-24,C0147,P0010,5
T005956,2026-09-06,C0136,P0050,5
T005957,2026-09-15,C0122,P0018,6
T005958,2026-09-20,C0074,P0009,1
T005959,2026-09-06,C0111,P0047,2
T005960,2026-09-10,C0125,P0015,4
T005961,2026-09-14,C0081,P0020,3
T005962,2026-09-04,C0009,P0031,3
T005956,2026-09-10,C0031,P0040,7
T005964,2026-09-26,C0119,P0037,4
T005965,2026-09-06,,P0005,4
T005966,2026-09-30,C0148,P0016,4
T005967,2026-09-28,C0107,P0040,2
T005968,2026-09-02,C0069,P0008,8
T005969,2026-09-26,C0007,P0030,8
T005970,2026-09-30,C0035,P0011,5
T005971,2026-09-28,C0032,P0034,2
T005972,2026-09-25,C0107,P0050,6
T005973,2026-09-07,C0010,P0008,3
T005974,2026-09-28,C0058,P0007,1
T005975,2026-09-29,C0025,P0002,3
T005976,2026-09-13,C0071,P0039,3
T005977,2026-09-12,C0049,P0043,8
T005978,2026-09-19,C0055,P0050,7
T005979,2026-09-20,C0044,P0030,1
T005980,2026-09-01,C0132,P0023,6
T005981,2026-09-25,C0028,P0009,6
T005982,2026-09-30,C0142,P0001,2
T005983,2026-09-10,C0021,P0038,2
T005984,2026-09-21,C0023,P0039,4
T005985,2026-09-20,C0142,P0031,0
T005986,2026-09-13,C0135,P0036,5
T005987,2026-09-23,C0131,P0019,6
T005988,2026-09-17,C0003,,3
T005989,2026-09-02,C0050,P0012,3
T005990,2026-09-18,C0008,P0045,1
T005991,2026-09-30,C0066,P0045,2
T005992,2026-09-21,C0069,P0020,8
T005993,2026-09-22,C0062,P0040,1
T005994,2026-09-18,C0013,P0023,7
T005995,2026-09-03,C0102,P0045,6
T005996,2026-09-27,C0140,P0026,8
T005997,2026-09-20,C0106,P0016,4
T005998,2026-09-06,C0139,P0036,1
T005999,2026-09-22,C0134,P0038,1
T006000,2026-09-18,C0144,P0050,2
T006001,2026-09-20,C0124,P0031,-3
T006002,2026-09-03,C0108,P0037,4
T006003,2026-09-12,C0112,P0034,8
T006004,2026-09-30,C0142,P0044,5
T006005,2026-09-20,,P0017,1
T006006,2026-09-10,C0033,P0045,2
T006007,2026-09-24,C0092,P0022,3
T006008,2026-09-04,C0145,P0029,8
T006009,2026-09-12,C0068,P0020,2
T006010,2026-09-22,C0039,P0048,5
T006011,2026-09-28,C0118,P0025,2
T006012,2026-09-13,C0031,P0032,6
T006013,2026-09-21,C0097,P0048,6
T006014,2026-09-28,C0121,P0037,3
T006015,2026-09-15,C9227,P0023,2
T006016,2026-09-28,C0020,P0021,8
T006017,2026-09-28,C0141,P0005,7
T006018,2026-09-05,C0009,P0026,5
T006019,2026-09-07,C0022,P0020,8
T006020,2026-09-21,C0141,P0027,5
T006021,2026-09-14,C0069,P0047,4
T006022,2026-09-30,C0080,P0009,1
T006023,2026-09-23,C0043,P0038,2
T006024,2026-09-10,C0070,P0047,1
T006025,2026-09-23,C0081,P0027,3
T006026,2026-09-30,C0076,P0024,8
T006027,2026-09-24,C0139,P0040,6
T006028,2026-09-10,C0110,,1
T006029,2026-09-05,C0082,P0008,1
T006030,2026-09-01,C0141,P0011,2
T006031,2026-09-25,C0051,P0011,5
T006032,2026-09-10,C0085,P0027,6
T006033,2026-09-11,C0072,P0006,8
T006034,2026-09-03,C0094,P0012,8
T006035,2026-09-17,C0096,P0006,1
T006036,2026-09-23,C0061,P0025,8
T006037,2026-09-25,C0069,P0047,7
T006038,2026-09-14,C0044,P0038,1
T006039,2026-09-02,C0113,P0011,3
T006040,2026-09-10,C0110,P0047,1
T006041,2026-09-14,C0143,P0038,2
T006042,2026-09-02,C0089,P0033,8
T006043,2026-09-04,C0044,P0049,5
T006044,2026-09-25,C0112,P0013,5
T006045,2026-09-10,,P0039,4
T006046,2026-09-02,C0135,P0003,3
T006047,2026-09-06,C0074,P0022,2
T006048,2026-09-28,C0150,P0050,-3
T006049,2026-09-29,C0145,P0022,8
T006050,2026-09-14,C0059,P0022,6
T006051,2026-09-09,C0040,P0023,1
T006052,2026-09-25,C0058,P0010,5
T006053,2026-09-22,C0138,P0005,2
T006054,2026-09-16,C0022,P0022,1
T006055,2026-09-09,C0141,P0039,7
T006056,2026-09-07,C0135,P0028,7
T006057,2026-09-05,C0091,P0017,6
T006058,2026-09-27,C0008,P0043,1
T006059,2026-09-18,C0148,P0023,2
T006060,2026-09-21,C0005,P0049,7
T006061,2026-09-23,C0091,P0047,1
T006062,2026-09-14,C0059,,5
T006063,2026-09-24,C0046,P0049,3
T006064,2026-09-15,C0022,P0041,8
T006065,2026-09-17,C0137,P0026,5
T006066,2026-09-30,C0100,P0017,8
T006067,2026-09-23,C0148,P0001,6
T006068,2026-09-08,C0010,P0001,6
T006069,2026-09-19,C0015,P0002,3
T006070,2026-09-24,C9685,P0037,8
T006071,2026-09-30,C0082,P0026,4
T006072,2026-09-23,C0052,P0025,2
T006073,2026-09-23,C0031,P0030,7
T006074,2026-09-02,C9581,P0029,7
T006075,2026-09-13,C0117,P0030,3
T006076,2026-09-20,C0147,P0031,8
T006077,2026-09-29,C0109,P0039,5
T006078,2026-09-03,C0045,P0045,2
T006079,2026-09-11,C0052,P0019,2
T006080,2026-09-01,C0039,P0049,6
T006081,2026-09-29,C0021,P0013,4
T006082,2026-09-17,C0043,P0013,6
T006083,2026-09-04,C0053,P0048,3
T006084,2026-09-19,C0129,P0020,2
T006085,2026-09-15,C0149,P0043,1
T006086,2026-09-14,C0146,P0019,2
T006087,2026-09-26,C0017,P0007,5
T006088,2026-09-26,C0097,P0019,4
T006089,2026-09-16,C0124,P0010,8
T006090,2026-09-29,,P0003,5
T006091,2026-09-07,C0103,P0022,7
T006092,2026-09-02,C0009,P0035,6
T006093,2026-09-15,C0117,P0022,1
T006094,2026-09-12,C0017,P0014,1
T006095,2026-09-28,C0083,P0007,7
T006096,2026-09-11,C0007,P0021,4
T006097,2026-09-08,C0035,P0037,0
T006098,2026-09-17,C0150,P0024,3
T006099,2026-09-01,C0003,P0011,8
T006100,2026-09-29,C0085,P0042,5
T006101,2026-09-17,C0127,P0044,6
T006102,2026-09-26,C0052,P0016,5
T006103,05/09/2026,C0005,P0048,4
T006104,2026-09-09,C0149,P0044,8
T006105,2026-09-19,C0004,P0021,1
T006106,2026-09-20,C0065,P0019,1
T006107,2026-09-27,C0120,P0035,7
T006108,2026-09-22,C0124,P0031,2
T006109,2026-09-02,C0125,P0015,3
T006110,2026-09-07,C0120,P0019,4
T006111,2026-09-30,C0106,P0034,2
T006112,2026-09-15,C0012,P0037,8
T006113,2026-09-01,C0034,P0028,6
T006114,2026-09-25,C0145,P0012,1
T006115,2026-09-14,C0063,P0028,7
T006116,2026-09-05,C0142,P0017,7
T006117,2026-09-16,,P0040,2
T006118,2026-09-28,C0107,P0008,4
T006119,2026-09-23,C0009,P0028,5
T006120,2026-09-05,C0042,P0041,1
T006121,2026-09-09,C0150,P0009,2
T006122,2026-09-16,C0110,P0043,6
T006123,2026-09-29,C0043,P0010,8
T006124,2026-09-10,C0114,P0030,1
T006125,2026-09-29,C0103,P0018,7
T006126,2026-09-18,C0090,P0037,4
T006127,2026-09-16,C0105,P0006,8
T006128,2026-09-14,C0040,P0028,3
T006129,2026-09-07,C0081,P0007,4
T006130,2026-09-19,C0020,P0026,4
T006131,2026-09-24,C0072,P0038,7
T006132,2026-09-13,C0063,P0012,4
T006133,2026-09-08,C0139,,7
T006134,2026-09-18,C0066,P0049,7
T006135,2026-09-05,C0135,P0001,8
T006136,2026-09-16,C0037,P0026,2
T006137,2026-09-15,C0047,P0016,6
T006138,2026-09-12,C0064,P0027,7
T006139,2026-09-13,C0073,P0007,6
T006140,2026-09-01,C0036,P0047,8
T006141,2026-09-03,C0086,P0049,6
T006142,2026-09-14,C0007,P0050,1
T006143,2026-09-16,C0094,,8
T006144,2026-09-21,C0138,P0011,2
T006145,2026-09-01,C0146,P0046,5
T006146,2026-09-09,C0045,P0003,4
T006147,2026-09-08,C0114,P0038,5
T006148,2026-09-01,C0002,P0008,1
T006149,2026-09-27,C0053,P0039,7
T006150,2026-09-07,C0030,P0049,8
T006151,2026-09-22,C0069,P0002,2
T006152,2026-09-25,C0143,P0050,8
T006153,2026-09-15,C0086,P0004,2
T006154,2026-09-19,C0006,P0008,1
T006155,2026-09-21,C0040,P0046,1
T006156,2026-09-17,C0108,P0005,7
T006157,2026-09-09,C0004,P0042,1
T006158,2026-09-01,C0145,P9376,5
T006159,2026-09-22,C0026,P0019,0
T006160,2026-09-18,C0060,P0042,5
T006161,2026-09-03,C0115,P0040,3
T006162,2026-09-30,C0072,P0036,3
T006163,2026-09-26,C0085,P0014,1
T006164,2026-09-28,C0114,P0048,5
T006165,2026-09-26,C0040,P9254,1
T006166,2026-09-23,C0149,P0011,4
T006167,2026-09-12,C0021,P0030,8
T006168,2026-09-27,C0063,P0030,4
T006169,2026-09-09,C0142,P0017,7
T006170,2026-09-30,C0148,P0006,1
T006171,25/09/2026,C0058,P0032,8
T006172,2026-09-28,C9367,P0012,8
T006173,2026-09-11,C0027,P0012,6
T006174,2026-09-05,C0004,P0001,8
T006175,2026-09-19,C0014,P0017,6
T006176,2026-09-07,C0063,P0045,7
T006177,2026-09-21,C0128,P0021,6
T006178,2026-09-02,C0114,P0022,1
T006179,2026-09-21,C0007,P0044,3
T006180,2026-09-29,C0140,P0038,4
T006181,2026-09-28,C0009,P0022,7
T006182,2026-09-14,C0033,P0030,7
T006183,2026-09-17,C0096,P0034,3
T006184,2026-09-15,C0050,P0025,5
T006185,2026-09-25,C0121,P0022,5
T006186,2026-09-29,C0023,P0007,1
T006187,2026-09-13,C0099,P0034,3
T006188,2026-09-07,C0090,P0010,6
T006189,2026-09-10,C0023,P0017,7
T006190,2026-09-27,C0104,P0018,7
T006191,2026-09-05,,P0028,4
T006192,2026-09-12,C0141,P0033,6
T006193,2026-09-02,C0077,P0001,6
T006194,2026-09-15,C0074,P0018,6
T006195,2026-09-28,C0103,P0042,7
T006196,2026-09-09,C0086,P0004,2
T006197,2026-09-27,,P0037,7
T006198,2026-09-26,C0060,P0050,6
T006199,2026-09-22,C0032,P0023,1
T006200,2026-09-20,C0022,P0008,6
T006201,2026-09-15,C0082,P0042,6
T006202,2026-09-20,C0049,P0037,8
T006203,2026-09-03,C0066,P0042,8
T006204,2026-09-16,C0087,P0037,5
T006205,2026-09-16,C0077,P0043,2
T006206,2026-09-05,C0041,P0004,7
T006207,2026-09-13,C0086,P0012,5
T006208,2026-09-20,C0046,P0001,6
T006209,2026-09-04,C0150,P0021,5
T006210,2026-09-21,C0133,P0040,7
T006211,2026-09-29,C0107,P0023,7
T006212,2026-09-12,C0014,P0037,3
T006213,2026-09-24,C0038,P0004,1
T006214,2026-09-02,C0031,P0007,8
T006215,2026-09-11,C0126,P0050,5
T006216,2026-09-06,C0015,P0048,4
T006217,2026-09-06,C0114,P0032,3
T006218,2026-09-05,C0018,P0044,1
T006219,2026-09-02,C0090,P0026,2
T006220,2026-09-06,C0062,P0007,6
T006221,2026-09-26,C0040,P0042,7
T006222,2026-09-26,C0097,P0002,7
T006223,2026-09-03,C0084,P0046,3
T006224,2026-09-22,C0132,P0017,0
T006225,2026-09-27,C0123,P0010,6
T006226,2026-09-08,C0071,P0022,4
T006227,2026-09-24,C0061,P0019,2
T006228,2026-09-21,C0134,P0017,3
T006229,2026-09-02,C9393,P0025,8
T006230,2026-09-03,C0052,P0032,3
T006231,2026-09-17,C0106,P0004,6
T006232,2026-09-09,C0015,P0043,2
T006233,2026-09-23,C9331,P0016,8
T006234,2026-09-19,C0120,P0040,4
T006235,2026-09-04,C0108,P0004,-1
T006236,2026-09-02,C0095,P0033,4
T006237,2026-09-20,C0074,P0009,5
T006238,2026-09-29,C0055,P0006,4
T006239,2026-09-15,C0026,P0022,1
T006240,2026-09-23,C0128,P0027,6
T006241,16/09/2026,C0048,P0042,1
T006242,2026-09-15,C0137,P0030,4
T006243,2026-09-27,C0017,P0023,3
T006244,2026-09-26,C0134,P0042,1
T006245,2026-09-14,C0081,P0027,8
T006246,2026-09-30,C0014,P0030,8
T006247,2026-09-24,C0047,P0004,2
T006248,2026-09-16,C0012,P9479,4
T006249,2026-09-22,C0018,P0039,4
T006250,2026-09-25,C0059,P0014,2
T006251,2026-09-29,C0067,P0042,7
T006252,2026-09-10,C0047,P0012,3
T006253,2026-09-12,C0150,P0046,0
T006254,2026-09-04,C0114,P0025,3
T006255,2026-09-23,C0088,P0028,2
T006256,2026-09-11,C0090,P0003,2
T006257,2026-09-16,C0039,,5
T006258,2026-09-21,C0146,P0044,1
T006259,2026-09-03,C0125,P0015,5
T006260,2026-09-22,C0042,P0050,7
T006261,2026-09-19,C0059,P0001,1
T006262,2026-09-29,C0140,P0037,2
T006263,2026-09-06,C0028,P0012,4
T006264,2026-09-19,C0137,P0039,5
T006265,2026-09-20,C0145,P0032,2
T006266,2026-09-02,C0109,P0045,8
T006267,2026-09-15,C0104,P0043,4
T006268,2026-09-12,C0062,P0028,2
T006269,2026-09-04,,P0009,4
T006270,2026-09-07,C0144,P0021,6
T006271,2026-09-27,C0027,P0012,4
T006272,2026-09-05,C0089,P0033,6
T006273,2026-09-04,C0053,P0013,7
T006274,2026-09-04,C0056,P0029,5
T006275,2026-09-27,C0039,P0020,7
T006276,2026-09-03,C0067,P0027,2
T006277,2026-09-18,C0118,P0023,5
T006278,2026-09-28,C0118,P0044,3
T006279,2026-09-08,C0033,P0028,7
T006280,2026-09-27,C0139,P0024,5
T006281,2026-09-04,C0141,P0050,2
T006282,2026-09-10,C0102,P0002,-1
T006283,2026-09-04,C0082,P0035,5
T006284,2026-09-15,C0076,P0046,5
T006285,2026-09-11,C0097,P0009,2
T006286,2026-09-15,C0098,P0027,6
T006287,2026-09-17,C0081,P0026,4
T006288,2026-09-19,C0101,P0004,6
T006289,2026-09-22,C0119,P0043,8
T006290,2026-09-24,C0089,P0006,3
T006291,2026-09-21,C0062,P0027,8
T006292,2026-09-23,C0034,P0017,6
T006293,2026-09-21,C0125,P0023,2
T006294,2026-09-13,C0028,P0029,7
T006295,2026-09-09,C0074,P0043,3
T006296,2026-09-08,C0083,P0034,3
T006297,2026-09-16,C0032,P0022,6
T006298,2026-09-07,C0053,P0022,5
T006299,2026-09-20,C0045,P0043,8
T006300,2026-09-03,C9461,P0028,3
T006301,2026-09-02,C0088,P0029,8
T006302,2026-09-24,C0061,P0015,3
T006303,2026-09-29,C0136,P0043,4
T006304,2026-09-29,C0044,P0035,4
T006305,2026-09-29,C0039,P0037,8
T006306,2026-09-12,C0059,P0037,8
T006307,2026-09-24,C0063,P0046,1
T006308,2026-09-05,C0066,P0031,1
T006309,2026-09-13,C0044,P0025,2
T006310,2026-09-07,C0075,P0022,1
T006311,2026-09-03,C0050,P0016,5
T006312,2026-09-23,C0130,P0013,7
T006313,2026-09-21,C0054,P0033,2
T006314,2026-09-11,C0031,P0041,3
T006315,2026-09-30,C0104,P0048,4
T006316,2026-09-02,C0011,P0007,7
T006317,2026-09-23,C0063,P0012,1
T006318,2026-09-28,C0031,P0004,4
T006319,2026-09-09,C0012,P0034,3
T006320,2026-09-08,C0078,,1
T006321,2026-09-07,C0094,P0016,7
T006322,2026-09-24,C0058,P0047,8
T006323,2026-09-14,C0101,P9314,2
T006324,2026-09-23,C0020,P0038,2
T006325,2026-09-08,C0104,P0031,4
T006326,2026-09-18,C0139,P0033,1
T006327,2026-09-13,C0111,P0044,7
T006328,2026-09-03,C0058,P0028,2
T006329,2026-09-04,C0049,P0046,4
T006330,2026-09-06,C0013,P0049,4
T006331,2026-09-12,C0052,P0040,1
T006332,2026-09-06,C0109,P0021,5
T006333,2026-09-16,C0121,P0050,2
T006334,2026-09-21,C0047,P0009,5
T006335,2026-09-25,C0120,P0006,6
T006336,2026-09-11,C0131,P0047,5
T006337,2026-09-02,C0108,P0024,8
T006338,2026-09-11,C0072,P0050,7
T006339,2026-09-13,C0041,P0028,2
T006340,2026-09-10,C0139,P0011,5
T006341,2026-09-22,C0060,P0043,6
T006342,2026-09-12,C0089,P0026,7
T006343,2026-09-18,C0125,P0015,3
T006344,2026-09-11,C0002,P0032,8
T006345,2026-09-12,C0114,P0021,5
T006346,2026-09-04,C0080,P0013,3
T006347,2026-09-05,C0038,P0048,1
T006348,2026-09-18,C0076,P0008,2
T006349,2026-09-29,C0077,P0029,5
T006350,2026-09-18,C0109,P0044,4
T006351,2026-09-19,C0144,P0020,4
T006352,2026-09-23,C0127,P0032,6
T006353,2026-09-24,C0022,P0042,3
T006354,2026-09-10,C0061,P0031,7
T006355,2026-09-11,C0117,P0038,4
T006356,2026-09-27,C0021,P0044,-3
T006357,2026-09-15,C0051,P0015,7
T006358,2026-09-16,C0021,P0022,4
T006359,2026-09-13,C0035,P0030,7
T006360,2026-09-30,C0005,P0045,6
T006361,2026-09-10,C0134,P0029,8
T006362,2026-09-10,C0010,P0028,4
T006363,2026-09-12,C0127,P0025,6
T006364,2026-09-28,C0050,P0007,7
T006365,2026-09-19,C0128,P0041,4
T006366,2026-09-10,C0135,P0009,3
T006367,2026-09-11,C0092,P0040,7
T006368,2026-09-19,C0022,P0022,3
T006369,2026-09-10,C0079,P0019,7
T006370,2026-09-16,C0008,P0015,5
T006371,2026-09-08,C0149,,4
T006372,2026-09-19,C0114,P0001,2
T006373,2026-09-17,C0142,P0040,1
T006374,2026-09-10,C0058,P0023,2
T006375,2026-09-21,C0113,P0004,5
T006376,2026-09-22,C0040,P0026,1
T006377,2026-09-13,C0096,P0036,7
T006378,2026-09-15,C0079,P0046,4
T006379,2026-09-29,C0022,P0041,7
T006380,2026-09-15,C0142,P0001,8
T006381,2026-09-08,C0103,P0047,6
T006382,2026-09-06,C0008,P0027,7
T006383,19/09/2026,C0034,P0042,4
T006384,2026-09-13,C0046,P0008,7
T006385,2026-09-01,C0132,P0004,7
T006386,2026-09-21,C0136,P0030,8
T006387,2026-09-04,C0072,P0019,3
T006388,2026-09-21,C0115,P0045,6
T006389,2026-09-09,C0022,P0017,4
T006390,2026-09-23,C0081,P0043,5
T006391,2026-09-04,C0120,P0001,4
T006392,2026-09-19,C0084,P0012,1
T006393,2026-09-19,C0090,P0049,1
T006394,2026-09-18,C0107,P0025,1
T006395,2026-09-28,C0084,P0032,6
T006396,2026-09-16,C0139,P0026,8
T006397,2026-09-06,C0110,P0029,8
T006398,2026-09-25,C0058,P0033,7
T006399,2026-09-25,C0020,P0037,8
T006400,2026-09-16,C0105,P0009,2
T006401,2026-09-09,C0086,P0043,6
T006402,2026-09-09,C0028,P0021,7
T006403,2026-09-10,C0066,P0023,1
T006404,2026-09-13,C0062,P0002,5
T006405,2026-09-05,C0041,P0019,2
T006406,2026-09-04,C0106,P0012,8
T006407,2026-09-01,C0104,P0006,7
T006408,2026-09-18,,P0017,6
T006409,2026-09-18,C0150,P0049,8
T006410,2026-09-30,C0037,P0044,2
T006411,2026-09-02,C0135,P0038,1
T006412,2026-09-09,C0124,P0019,6
T006413,2026-09-06,C0095,P0022,1
T006414,2026-09-09,C0062,P0036,7
T006399,2026-09-15,C0006,P0030,8
T006416,2026-09-21,C0025,P0031,2
T006417,2026-09-06,C0064,P0039,8
T006418,2026-09-11,C0098,P0002,7
T006419,2026-09-03,C0127,P0042,1
T006420,2026-09-19,C0062,P0045,1
T006421,2026-09-16,C0079,P0011,8
T006422,2026-09-11,C0107,P0012,1
T006423,2026-09-19,C0018,P0012,3
T006393,2026-09-29,C0118,P0040,4
T006425,2026-09-04,C0136,P0008,1
T006426,2026-09-15,C0059,P0029,1
T006427,2026-09-24,C0122,P0013,6
T006428,2026-09-05,C0127,P0045,5
T006429,2026-09-19,C0092,P0015,1
T006430,2026-09-17,C0110,P0001,7
T006431,2026-09-20,C0118,P0037,2
T006432,2026-09-26,C0124,P0004,4
T006433,2026-09-15,C0091,P0002,5
T006434,2026-09-01,C0086,P0047,5
T006435,2026-09-18,C0137,P0010,5
T006436,2026-09-01,C0059,P0027,7
T006437,2026-09-14,C0078,P0040,8
T006438,2026-09-19,C0026,P0040,2
T006439,2026-09-07,C0125,P0004,2
T006440,2026-09-15,C0065,P0004,5
T006441,2026-09-05,C0048,P0033,7
T006442,2026-09-27,C0037,P0050,2
T006443,09/09/2026,C0025,P0048,8
T006444,2026-09-06,C0105,P0024,5
T006445,2026-09-05,C0119,P0028,2
T006446,2026-09-06,C0015,P0042,1
T006447,2026-09-28,C0116,P0016,4
T006448,2026-09-12,C0101,P0028,5
T006449,2026-09-06,C0008,P0041,1
T006450,2026-09-17,C0149,P0013,2
T006451,2026-09-22,C0062,P0007,8
T006452,2026-09-09,C0080,P0038,4
T006453,2026-09-03,C0047,P0012,2
T006454,2026-09-19,C0132,P0043,6
T006455,2026-09-06,C0124,P0034,3
T006456,2026-09-17,C0032,P0038,3
T006457,2026-09-20,C0083,P0050,4
T006458,04/09/2026,C0120,P0005,3
T006459,2026-09-25,C0041,P0035,4
T006460,2026-09-27,C0065,P0033,2
T006461,2026-09-16,C0082,P0035,6
T006462,2026-09-09,C0097,P0010,0
T006463,2026-09-18,C0107,P0009,7
T006464,2026-09-18,C0128,P0005,4
T006465,2026-09-17,,P0007,8
T006466,2026-09-30,C0119,P0007,1
T006467,2026-09-28,C0094,P0009,5
T006468,2026-09-02,C0126,P0030,6
T006469,2026-09-11,C0027,P0037,5
T006470,2026-09-03,C0144,P0025,5
T006471,2026-09-09,C0088,P0024,2
T006472,2026-09-29,C0145,P0032,4
T006473,2026-09-05,C0052,P0023,1
T006474,2026-09-09,C0080,P0005,3
T006475,2026-09-20,C0024,P0003,4
T006476,2026-09-19,C0085,P0024,7
T006477,2026-09-08,C0077,P0013,3
T006478,2026-09-27,C0059,,4
T006479,2026-09-04,C0021,P0048,2
T006480,2026-09-18,C0141,P0014,6
T006481,2026-09-16,C0091,P0008,2
T006482,2026-09-19,C0096,P0047,8
T006483,2026-09-23,C0041,P0033,1
T006484,2026-09-30,C0071,P0035,8
T006485,2026-09-30,C0024,P0048,6
T006486,2026-09-12,C0136,P0011,8
T006487,2026-09-16,C0085,P0047,4
T006488,2026-09-07,C0105,P0040,5
T006489,2026-09-04,C0143,P0023,6
T006490,2026-09-07,C0138,P0013,8
T006491,2026-09-07,C0038,P0001,5
T006492,2026-09-13,C0032,P0039,8
T006493,2026-09-22,C0076,P0037,5
T006494,2026-09-16,C0130,P0016,6
T006495,2026-09-04,C0120,,8
T006496,2026-09-07,C0012,P0010,-3
T006497,2026-09-20,C0052,P0025,8
T006498,2026-09-06,C0080,,2
T006499,2026-09-12,C0116,P0047,1
T006500,2026-09-17,C0003,P0044,5
T006501,2026-09-07,C0065,P0035,-3
T006502,2026-09-05,C0117,P0044,8
T006460,2026-09-17,C0038,P0026,4
T006504,2026-09-15,C0005,P0033,7
T006505,2026-09-01,C0074,P0017,4
T006506,2026-09-23,C0095,P0021,7
T006507,2026-09-23,C0007,P0044,2
T006508,2026-09-19,C0038,P9306,5
T006509,2026-09-11,C0018,P0032,6
T006510,2026-09-24,C0039,P0014,2
T006511,2026-09-12,C0013,P0046,1
T006512,2026-09-05,C0071,P0015,4
T006513,2026-09-13,C9718,P0007,8
T006514,2026-09-03,C0012,P0001,2
T006515,2026-09-04,C0026,P0015,8
T006516,2026-09-05,C0068,P0012,7
T006517,2026-09-20,C0149,P0039,4
T006518,2026-09-22,C0147,P0028,2
T006519,2026-09-06,C0048,P0038,2
T006520,2026-09-20,C0135,P0007,4
T006521,2026-09-26,C0050,P0017,8
T006522,2026-09-23,C0139,P0042,4
T006523,2026-09-25,C0004,P0029,6
T006524,2026-09-22,C0037,P0009,1
T006525,2026-09-17,C0138,P0010,7
T006526,2026-09-10,C0110,P0021,1
T006527,2026-09-18,C0101,P0034,6
T006528,2026-09-15,C0129,P0017,3
T006529,2026-09-08,C0145,P0045,5
T006530,2026-09-13,C0120,P0044,2
T006531,2026-09-01,C0081,P0025,4
T006532,2026-09-13,C0033,P0024,7
T006533,2026-09-17,C0096,P0046,7
T006534,2026-09-21,C0047,P0033,8
T006535,2026-09-08,C0031,P0026,6
T006536,2026-09-20,C0115,P0024,8
T006537,2026-09-01,C0108,P0041,6
T006538,2026-09-06,C0132,P0045,1
T006539,2026-09-02,C0110,P0040,5
T006540,2026-09-08,C0061,P0015,8
T006541,2026-09-30,C0053,P0036,7
T006542,2026-09-09,C0034,P0030,6
T006543,2026-09-10,C0122,P0032,7
T006544,2026-09-11,C0119,P0014,1
T006545,2026-09-21,C0124,P0048,6
T006546,2026-09-18,C0054,P0015,7
T006547,2026-09-10,C0117,P0025,1
T006548,2026-09-26,C0007,P0012,5
T006549,2026-09-04,C0054,P0040,7
T006550,2026-09-30,C0127,P0029,6
T006551,2026-09-18,C0069,P0026,1
T006552,2026-09-28,C0112,P0012,5
T006553,2026-09-19,C0058,P0027,-1
T006554,2026-09-13,C0134,P0015,6
T006555,2026-09-04,C0141,P0015,7
T006556,2026-09-26,C0028,P0009,4
T006557,2026-09-02,C0043,P0017,8
T006558,2026-09-08,C0134,P0018,2
T006559,2026-09-05,C0087,P0034,7
T006560,2026-09-22,C0128,P0005,3
T006561,19/09/2026,C0024,P0050,7
T006562,2026-09-03,C0031,P0002,6
T006563,2026-09-13,C0056,P0008,6
T006564,2026-09-08,C0081,P0036,8
T006565,2026-09-09,C0076,P9130,2
T006566,2026-09-19,C0050,P0016,8
T006567,2026-09-14,C0049,P0029,6
T006568,2026-09-19,C0047,P0009,1
T006569,2026-09-13,C0072,P0046,5
T006570,2026-09-27,C0066,P0012,2
T006571,2026-09-18,C0114,P0018,2
T006572,2026-09-25,C0002,P0014,6
T006573,2026-09-22,C0017,P0046,4
T006574,2026-09-12,C0039,P0031,4
T006575,2026-09-29,C0138,,3
T006576,2026-09-06,C0073,P0030,1
T006577,2026-09-12,C0079,P0002,7
T006578,2026-09-23,C0078,P0041,8
T006579,2026-09-23,C0027,P0036,4
T006580,2026-09-15,C0137,P0022,1
T006581,2026-09-12,C0046,P0049,1
T006582,2026-09-29,C0093,P0012,7
T006583,2026-09-28,C0019,P0015,2
T006584,2026-09-15,C0084,P0046,5
T006585,2026-09-19,C0029,P0003,7
T006586,2026-09-06,C0110,P0049,6
T006587,2026-09-30,C0095,P0014,8
T006588,2026-09-02,C0122,P0017,7
T006589,2026-09-16,C0017,P0015,3
T006590,2026-09-10,C0031,P0049,5
T006591,2026-09-17,C0019,P0025,2
T006592,2026-09-01,C0050,P0034,4
T006593,2026-09-04,C9154,P0022,8
T006576,2026-09-21,C0115,P0007,5
T006595,2026-09-08,C0128,P0040,2
T006596,2026-09-18,C0147,P0016,8
T006597,2026-09-22,C0106,P0037,4
T006598,2026-09-18,C0070,P0005,8
T006599,2026-09-29,C0111,P0047,3
T006600,2026-09-13,C0096,P0047,6
T006601,2026-09-05,C0021,P0044,4
T006602,2026-09-03,C0143,P0046,1
T006603,2026-09-27,C0054,P0025,8
T006604,2026-09-21,C0111,P0037,2
T006605,2026-09-22,C0083,P9634,8
T006606,2026-09-29,C0148,P0046,7
T006607,2026-09-19,C0008,P0048,1
T006608,2026-09-30,C0051,P0024,3
T006609,2026-09-27,C0034,P0003,6
T006610,2026-09-20,C0079,P0031,5
T006611,2026-09-05,C0133,P0025,3
T006612,2026-09-06,C0105,P0021,2
T006613,2026-09-20,C0114,P0027,6
T006614,2026-09-04,C0097,P0035,4
T006615,2026-09-18,C0057,P0044,5
T006616,2026-09-10,C0090,P0005,5
T006617,2026-09-19,C0117,P0047,6
T006618,2026-09-27,C0029,P0045,5
T006619,2026-09-26,C0098,P0019,2
T006620,2026-09-19,C0017,P0029,8
T006621,2026-09-21,C0074,P0027,5
T006622,2026-09-04,C0066,P0044,2
T006623,21/09/2026,C0020,P0006,3
T006624,2026-09-22,C0007,P0050,3
T006625,2026-09-11,C0003,P0004,4
T006626,2026-09-05,C0081,P0029,5
T006627,2026-09-03,C0032,P9170,7
T006628,2026-09-09,C0144,P0034,8
T006629,2026-09-18,C0138,P0002,7
T006630,2026-09-08,C0017,P0045,8
T006631,2026-09-07,,P0010,4
T006632,2026-09-07,C0070,P0033,4
T006633,2026-09-02,C0125,P0025,8
T006634,2026-09-18,C0003,P0006,7
T006635,2026-09-13,C0055,P0008,8
T006636,2026-09-29,C0049,P0037,5
T006637,2026-09-19,C0017,P0006,3
T006638,2026-09-06,C0149,P0027,3
T006639,2026-09-22,C0063,P0031,7
T006640,2026-09-24,C0038,P0035,8
T006641,2026-09-19,C0033,P0023,1
T006642,2026-09-14,C0015,P0045,5
T006643,2026-09-29,C0027,P0004,8
T006644,2026-09-13,C0063,P0043,1
T006645,2026-09-05,C0116,P0047,4
T006646,2026-09-23,C0013,P0018,5
T006647,2026-09-18,C0051,P0012,6
T006648,2026-09-08,C0038,P0045,6
T006649,2026-09-18,C0099,P0005,1
T006650,2026-09-27,C0008,P0031,2
T006651,2026-09-15,C0101,P0040,3
T006652,2026-09-24,C0089,P0011,1
T006653,2026-09-18,C0135,P0016,1
T006654,2026-09-28,C0054,P0012,8
T006655,2026-09-18,C0054,P0010,8
T006656,2026-09-23,C0040,P0005,5
T006657,2026-09-22,C0043,P0007,4
T006658,2026-09-05,C0115,P0043,2
T006659,2026-09-15,C0079,P0002,1
T006660,2026-09-04,C0094,P0047,7
T006661,2026-09-02,C0113,P0026,6
T006662,2026-09-03,C0105,P0021,8
T006663,2026-09-04,C0137,P0018,2
T006664,2026-09-24,C0136,P0016,2
T006665,2026-09-25,C0012,P0002,7
T006666,2026-09-04,C0025,P0022,8
T006667,2026-09-23,C0129,P0024,2
T006668,2026-09-08,C0145,P0044,4
T006669,2026-09-15,,P0024,8
T006670,2026-09-28,C0063,P0033,3
T006671,2026-09-18,C0078,P0039,4
T006672,2026-09-22,C0021,P0009,2
T006673,2026-09-28,C0150,P0010,4
T006674,2026-09-08,C0093,P0013,4
T006675,2026-09-08,C0146,P0032,1
T006676,2026-09-11,C0119,P0046,2
T006677,2026-09-01,C0065,P0014,1
T006678,2026-09-05,C0113,P0022,2
T006679,2026-09-14,C0092,P0013,8
T006680,2026-09-28,C0133,P0001,7
T006681,2026-09-12,C0042,P0028,3
T006682,2026-09-19,C0037,P0005,3
T006683,2026-09-30,C0046,P0018,5
T006684,2026-09-06,C0145,P0006,1
T006685,2026-09-07,C0141,P0005,3
T006686,2026-09-04,C0122,P0037,8
T006687,2026-09-23,C0091,P0024,1
T006688,2026-09-23,C0059,P0029,1
T006689,2026-09-03,C0043,P0032,3
T006690,2026-09-01,C0118,P0039,8
T006691,2026-09-16,C0150,P0005,6
T006692,2026-09-05,C0073,P0040,8
T006693,2026-09-18,C0050,P0003,4
T006694,2026-09-11,C0008,P0018,3
T006695,2026-09-03,C0068,P0012,1
T006696,2026-09-23,C0140,P0017,5
T006697,2026-09-05,C0116,P0037,7
T006698,2026-09-09,C0071,P0012,5
T006699,2026-09-07,C0006,P0011,1
T006700,2026-09-16,C0129,P0026,8
T006701,2026-09-18,C0024,P0023,8
T006702,2026-09-24,C0032,P0039,7
T006703,2026-09-20,C0130,P0014,2
T006704,2026-09-29,C0006,P0015,7
T006705,2026-09-01,C0119,P0014,5
T006706,2026-09-16,C0055,P0039,3
T006707,2026-09-28,C0091,P0023,1
T006708,2026-09-07,C0060,P0044,1
T006709,2026-09-28,C0002,P0046,8
T006710,2026-09-30,C0150,P0045,3
T006711,2026-09-16,C0095,P0029,5
T006712,2026-09-03,C0049,P0028,2
T006713,2026-09-20,C0127,P0037,2
T006714,2026-09-08,C0124,P0045,2
T006715,2026-09-10,C0122,P0024,6
T006716,2026-09-30,C0094,P0042,6
T006717,2026-09-17,C0101,P0009,7
T006718,2026-09-05,C0109,P0036,1
T006719,2026-09-06,C0121,P0045,5
T006685,2026-09-06,C0064,P0015,3
T006721,2026-09-03,C0089,P0042,5
T006722,2026-09-05,C0079,P0032,3
T006723,2026-09-18,C0099,P0002,7
T006724,2026-09-20,C0126,P0030,7
T006725,2026-09-06,C0017,P9650,2
T006726,2026-09-15,C0068,P0026,3
T006727,2026-09-24,C0058,P0032,5
T006728,2026-09-21,C0047,P0049,8
T006729,2026-09-14,C0056,P0014,8
T006730,2026-09-18,C0127,P0036,7
T006731,2026-09-29,C0135,P0046,8
T006732,2026-09-11,C0149,P0042,1
T006733,2026-09-29,C0131,P0041,3
T006734,2026-09-29,C0017,P0002,3
T006735,2026-09-25,C0098,P0010,8
T006736,2026-09-09,C0038,P0014,4
T006737,2026-09-22,C0018,P0004,4
T006738,2026-09-22,C0037,P0048,6
T006739,2026-09-04,,P0036,1
T006740,2026-09-09,C0094,P0035,1
T006741,2026-09-09,C0087,P0039,2
T006742,2026-09-27,C0074,P0043,3
T006710,2026-09-28,C0044,P0012,7
T006744,2026-09-23,,P0009,8
T006745,2026-09-05,C0078,P0003,2
T006746,2026-09-22,C0095,P0027,4
T006747,2026-09-01,C0052,P0005,1
T006748,2026-09-14,C0143,P0029,6
T006749,2026-09-27,C0115,P0009,7
T006750,2026-09-25,C0032,P0012,7
T006751,2026-09-25,C0015,P0025,8
T006752,2026-09-25,C0104,P0020,6
T006753,2026-09-03,C0141,P0002,5
T006754,2026-09-03,C0101,P0004,7
T006755,2026-09-03,C0065,P0001,3
T006756,2026-09-03,C0051,P0039,4
T006757,2026-09-30,C0129,P0035,1
T006758,2026-09-30,C0008,P0040,6
T006759,2026-09-25,C0031,P0032,6
T006760,2026-09-26,C0142,P0041,4
T006761,2026-09-12,C0030,P0005,5
T006762,2026-09-30,C0058,P0042,4
T006763,2026-09-25,C0100,P0013,8
T006764,2026-09-07,C0149,P0037,6
T006765,2026-09-02,C0085,P0004,4
T006766,2026-09-14,C0087,P0030,1
T006767,2026-09-02,C0060,P0023,2
T006768,2026-09-15,C0146,P0039,8
T006769,2026-09-02,C0145,P0002,8
T006770,2026-09-18,C0117,P0031,8
T006771,2026-09-27,C0025,P0008,5
T006772,2026-09-06,C0048,P0039,6
T006773,2026-09-17,C0140,P0036,7
T006774,2026-09-19,C0144,P0010,2
T006775,2026-09-22,C0122,P0045,4
T006776,2026-09-04,C0138,P0018,2
T006777,2026-09-21,C0075,P0025,5
T006778,2026-09-24,C0093,P0023,1
T006779,2026-09-08,C0064,P0005,6
T006780,2026-09-11,C0010,P0014,1
T006781,2026-09-12,C0112,P0049,8
T006782,2026-09-08,C0033,P0041,1
T006783,2026-09-17,C0072,P0021,4
T006784,2026-09-09,C0002,P0037,4
T006785,2026-09-02,C0127,P0028,2
T006786,2026-09-11,C0042,P0016,7
T006787,2026-09-07,C0105,P0041,4
T006788,2026-09-12,C0062,P0014,2
T006789,2026-09-26,C0145,P0008,8
T006790,2026-09-29,C0130,P0025,6
T006791,2026-09-09,C0031,P0028,4
T006792,2026-09-05,C0091,P0043,6
T006793,2026-09-28,C0034,P0034,8
T006794,2026-09-05,C9738,P0027,5
T006795,2026-09-15,C0109,P0034,1
T006796,2026-09-02,C0032,P0048,7
T006797,2026-09-20,C0004,P0034,7
T006798,2026-09-05,C0030,P0020,5
T006799,2026-09-15,C0045,P0047,5
T006800,2026-09-06,C0046,P0034,5
T006801,2026-09-22,C0143,P0012,4
T006802,2026-09-17,C0142,P0006,4
T006803,2026-09-25,C0125,P0038,7
T006804,2026-09-16,C0090,P0042,4
T006805,2026-09-20,C0079,P0031,3
T006806,2026-09-15,C0069,P0012,7
T006807,2026-09-15,C0066,P0002,7
T006808,2026-09-01,C0094,P0021,1
T006809,2026-09-04,C0089,P0003,3
T006810,2026-09-14,C0049,P0043,2
T006811,2026-09-14,C0036,P0031,6
T006812,2026-09-10,C0101,P0021,8
T006813,2026-09-30,C0054,P0038,4
T006814,2026-09-24,C0141,P0039,1
T006815,2026-09-24,C0039,P0002,2
T006816,2026-09-13,C0038,P0014,3
T006817,2026-09-24,C0004,P0030,8
T006818,2026-09-28,C0028,P0013,1
T006819,2026-09-02,C0125,P0031,7
T006820,2026-09-10,C0014,P0002,5
T006821,2026-09-27,C0007,P0049,2
T006822,2026-09-07,C0148,P0045,1
T006823,2026-09-09,C0069,,2
T006824,2026-09-20,C0042,P0036,6
T006825,2026-09-23,C0031,P0025,2
T006826,2026-09-02,C0097,P0018,2
T006827,2026-09-24,,P0049,4
T006828,2026-09-05,C0075,P0018,6
T006829,2026-09-12,C0133,P0029,5
T006830,2026-09-25,C0094,P0020,3
T006831,2026-09-22,C0086,P0028,2
T006832,2026-09-01,C0016,P0005,5
T006833,2026-09-07,C0031,P0012,4
T006834,2026-09-17,C0135,P0015,7
T006835,2026-09-04,C0124,P0048,3
T006836,2026-09-17,C0138,P0046,1
T006837,2026-09-22,C0057,P0002,7
T006838,2026-09-16,C0127,P0026,5
T006839,2026-09-19,C0083,P0012,5
T006840,2026-09-15,,P0008,4
T006841,2026-09-17,C0018,P0001,1
T006842,2026-09-25,C0049,P0004,6
T006843,2026-09-05,C0077,P0006,8
T006844,2026-09-23,C0027,P0036,4
T006845,2026-09-25,C0120,,5
T006846,2026-09-22,C0095,P0049,2
T006847,2026-09-15,C0031,P0038,2
T006848,2026-09-04,,P0019,5
T006849,2026-09-28,C0117,P0027,7
T006850,2026-09-18,C0121,P0037,4
T006851,2026-09-22,C0145,P9763,2
T006852,2026-09-24,C0042,P0041,1
T006853,2026-09-08,C0107,P0047,1
T006854,2026-09-24,C0037,P0017,4
T006855,2026-09-15,C0060,P0031,5
T006856,2026-09-07,C0038,P0001,1
T006857,2026-09-01,C0033,P0041,6
T006858,2026-09-29,C0057,P0044,8
T006859,2026-09-09,C0008,P0032,6
T006860,2026-09-20,C0003,P0048,8
T006861,2026-09-22,C0134,P0032,8
T006862,2026-09-24,C0020,P0030,2
T006863,2026-09-22,C0121,P0019,7
T006864,2026-09-02,C0138,P0031,8
T006865,2026-09-14,C0033,P0032,7
T006866,2026-09-03,C0109,P0007,5
T006867,2026-09-10,C0019,P0015,5
T006847,2026-09-23,C0030,P0042,1
T006869,2026-09-07,C0040,P0007,7
T006870,2026-09-04,C0004,P0022,8
T006871,2026-09-11,C0059,P0039,6
T006872,2026-09-03,C0046,P0039,3
T006873,2026-09-29,C0085,P9901,3
T006874,2026-09-06,C0073,P0026,2
T006875,2026-09-27,C0080,P0044,2
T006876,2026-09-25,C0025,P0045,3
T006877,2026-09-13,C0057,P0046,4
T006878,2026-09-05,C0108,P0006,2
T006879,2026-09-18,C0136,P0042,5
T006880,2026-09-18,C0104,P0031,3
T006881,2026-09-23,C0127,P0005,5
T006882,2026-09-30,C0024,P0021,3
T006883,2026-09-17,C0083,P0040,5
T006884,2026-09-27,C0144,P0031,3
T006885,2026-09-29,C0003,P0027,7
T006886,2026-09-11,C0112,P0037,-1
T006887,2026-09-15,C0120,P0005,5
T006888,2026-09-14,C0038,P0042,3
T006889,2026-09-01,C0030,P0004,3
T006890,2026-09-10,C0116,P0004,5
T006891,2026-09-07,C0147,P0014,4
T006892,2026-09-20,C0134,P0040,6
T006893,2026-09-15,C0045,P0044,8
T006894,2026-09-02,C0056,P0009,8
T006895,2026-09-21,C0064,P0049,4
T006896,2026-09-04,C0015,P0015,3
T006897,2026-09-21,C0127,P0035,3
T006898,2026-09-23,C0015,P0024,4
T006899,2026-09-19,C0111,P0005,8
T006900,2026-09-08,C0092,P0049,2
T006901,2026-09-03,C0114,P0021,1
T006902,2026-09-26,C0113,P0036,1
T006903,2026-09-22,C0074,P0044,4
T006904,2026-09-14,C0065,P0038,3
T006905,2026-09-21,C0115,,7
T006906,2026-09-29,C0122,P0019,1
T006907,2026-09-08,C0137,P0006,2
T006908,2026-09-20,C0146,P0005,6
T006909,2026-09-29,C0143,P0009,5
T006910,2026-09-12,C0140,P0008,4
T006911,2026-09-03,C0052,P0009,1
T006912,2026-09-22,C0111,P0030,2
T006890,2026-09-17,C0124,P0006,7
T006914,2026-09-20,C0099,P0046,7
T006915,2026-09-28,C0032,P0048,6
T006916,2026-09-28,C0116,P0014,8
T006917,2026-09-10,C0104,P0017,6
T006918,2026-09-25,C0026,,2
T006919,2026-09-24,C0082,P0040,1
T006920,2026-09-08,C0050,P0019,6
T006921,2026-09-03,C0060,P0035,5
T006922,2026-09-20,C0123,P0050,1
T006923,2026-09-02,C0041,P0038,2
T006924,2026-09-13,C0136,P0050,6
T006925,2026-09-11,C0095,P0026,1
T006926,2026-09-24,C0052,P0020,5
T006927,2026-09-01,C0073,P0027,7
T006928,2026-09-25,C0003,P0008,3
T006929,2026-09-28,C0122,P0019,3
T006930,2026-09-01,C0150,P0024,2
T006931,2026-09-30,C0056,P0032,7
T006932,2026-09-08,C0056,P0014,7
T006933,2026-09-18,,P0046,8
T006934,2026-09-08,C0104,P0046,2
T006935,2026-09-14,C0035,P0011,2
T006936,2026-09-05,C0089,P0006,2
T006937,2026-09-10,C0003,P0047,4
T006938,2026-09-11,C0110,P0031,8
T006939,2026-09-27,C0105,P0028,8
T006940,2026-09-06,C0119,P0028,7
T006941,2026-09-16,C0103,P0046,6
T006942,2026-09-08,C0047,P0018,8
T006943,2026-09-29,C0054,P0029,4
T006944,2026-09-09,C0143,P0034,1
T006945,2026-09-30,C0069,P0006,3
T006946,2026-09-19,C0052,P0022,6
T006947,2026-09-22,C0138,P0022,3
T006948,2026-09-30,C0138,P0042,5
T006949,2026-09-09,C0137,P0034,8
T006950,2026-09-08,C0140,P0005,1
T006951,2026-09-19,C0069,P0005,3
T006952,2026-09-23,C0097,P0036,3
T006953,2026-09-11,C0079,P0009,2
T006954,2026-09-16,C0141,P0007,5
T006955,2026-09-15,C0145,P0024,5
T006956,2026-09-15,C0148,P0024,3
T006957,2026-09-05,C0055,P0041,6
T006958,2026-09-09,C0149,,2
T006959,2026-09-10,C0121,P0014,8
T006960,2026-09-14,C0002,P0013,5
T006961,2026-09-17,C0084,P0020,2
T006962,2026-09-03,C0022,P0023,5
T006963,2026-09-24,C0009,P0003,4
T006964,2026-09-14,C0060,P0018,6
T006965,2026-09-27,C0091,P0019,5
T006966,2026-09-22,C0028,P0009,6
T006967,2026-09-20,,P0032,3
T006968,2026-09-11,C0079,P0037,7
T006969,2026-09-29,C0068,P0024,7
T006970,2026-09-25,C0048,P0006,8
T006971,2026-09-09,C0069,P0028,2
T006972,2026-09-18,C0087,P0006,3
T006973,2026-09-08,C0091,P0024,6
T006974,2026-09-15,C0144,P0032,8
T006975,2026-09-12,C0059,P0013,5
T006976,2026-09-02,C0114,P0040,6
T006977,2026-09-28,C0075,P0005,8
T006978,2026-09-21,C0107,P0041,3
T006979,2026-09-05,C0054,P0050,7
T006980,2026-09-20,C0086,P0048,1
T006981,2026-09-08,C0057,P0015,7
T006982,2026-09-12,C0001,P0045,5
T006983,25/09/2026,C0038,P0045,5
T006984,2026-09-24,C0074,P0003,6
T006985,2026-09-06,C0094,P0010,7
T006986,2026-09-07,,P0010,8
T006987,2026-09-20,C0045,P0015,5
T006988,2026-09-10,C0128,P0008,5
T006989,2026-09-21,C0027,P0009,4
T006990,2026-09-07,,P0033,5
T006991,2026-09-23,C0100,P0011,3
T006992,2026-09-18,C0058,P0019,3
T006993,2026-09-25,,P0014,1
T006994,2026-09-29,C0120,P0020,3
T006995,2026-09-22,C9112,P0021,5
T006996,2026-09-23,C0029,P0025,2
T006997,2026-09-30,C0117,P0030,4
T006998,2026-09-08,C0002,P0025,3
T006999,2026-09-06,C0067,P0030,8
T007000,2026-09-25,C0058,P0043,2
T007001,2026-09-25,C0062,P0047,-1
T007002,2026-09-26,C0118,P0037,4
T007003,2026-09-17,C0045,P0013,8
T007004,2026-09-05,C0057,P0029,7
T007005,2026-09-11,C0028,P0049,2
T007006,2026-09-25,C0008,P0013,6
T007007,2026-09-18,C0149,P9480,6
T007008,2026-09-18,C0092,P0017,7
T007009,2026-09-07,C0004,P0027,-1
T007010,2026-09-18,C0002,P0030,2
T007011,2026-09-13,C0086,P0007,5
T007012,2026-09-21,C0090,P0027,-1
T007013,2026-09-10,C0072,P0001,1
T007014,2026-09-16,C0085,P0015,2
T007015,2026-09-24,C0069,P0028,3
T007016,2026-09-07,C0005,P0045,2
T007017,2026-09-20,C9821,P0040,5
T007018,2026-09-01,C0107,P0007,5
T007019,2026-09-24,C0087,P0001,7
T007020,2026-09-06,C0126,P0042,1
T006974,2026-09-09,C0032,P0010,2
T007022,2026-09-15,C0115,P0024,1
T007023,2026-09-14,C0133,P0026,4
T007024,2026-09-21,C0090,P0022,4
T007025,2026-09-01,C0145,P0008,6
T007026,2026-09-29,C0088,P0029,3
T007027,2026-09-18,C0100,P0034,2
T007028,2026-09-22,C0065,P0038,2
T007029,2026-09-13,C0038,P0003,4
T007030,2026-09-26,C0023,P0011,3
T007031,2026-09-01,C0050,P0002,2
T007032,2026-09-04,C0020,P9646,5
T007033,2026-09-05,C0064,P0027,7
T007034,2026-09-03,C0047,P0048,2
T007035,2026-09-15,C0091,P0030,1
T007036,2026-09-27,C0134,P0027,7
T007037,2026-09-20,C0078,P0049,8
T007038,2026-09-01,C0125,P0046,2
T007039,2026-09-21,C0076,P0026,7
T007040,2026-09-25,C0134,P0039,2
T007041,2026-09-29,C0026,P0007,3
T007042,2026-09-07,C0054,P0017,6
T007043,2026-09-08,C0088,P0034,6
T007044,2026-09-25,C0008,P0022,2
T007045,2026-09-02,C0071,P0017,3
T007046,2026-09-14,C0047,P0005,8
T007047,2026-09-10,C0122,P0050,6
T007048,2026-09-02,C0060,P0005,3
T007049,2026-09-30,C0110,P0010,6
T007050,2026-09-28,C0107,P0013,8
T007051,2026-09-29,C0002,P0024,1
T007052,2026-09-26,C0122,P0014,3
T007053,2026-09-22,C0025,P0039,2
T007054,2026-09-14,C0100,P0025,6
T007055,2026-09-25,C0131,P0017,7
T007056,2026-09-24,C0046,P0005,5
T007057,2026-09-27,C0128,P0003,3
T007058,2026-09-10,C0042,P0044,1
T007059,2026-09-06,C0049,P0011,8
T007060,2026-09-13,C0022,P0007,1
T007061,2026-09-29,C0134,P0020,3
T007062,2026-09-24,,P0044,6
T007063,2026-09-06,C0145,P0041,4
T007064,2026-09-17,C0010,P0026,1
T007065,2026-09-12,C0007,P0008,8
T007066,2026-09-26,C0055,P0008,4
T007067,2026-09-17,C0071,P0040,8
T007068,2026-09-19,C0109,P0033,1
T007069,2026-09-11,C0001,P0011,6
T007070,2026-09-16,C0029,P0019,5
T007071,2026-09-22,C0107,P0043,7
T007072,2026-09-02,C0022,P0038,4
T007073,2026-09-23,C0103,P0017,6
T007074,2026-09-06,C0133,P0035,7
T007075,2026-09-21,C0081,P0024,6
T007076,2026-09-03,C0095,,3
T007077,2026-09-22,C0079,P0012,3
T007078,2026-09-16,C0062,P0027,5
T007079,2026-09-07,C0092,P0004,2
T007080,2026-09-20,C0129,P0028,3
T007081,2026-09-06,C0073,P0006,8
T007082,2026-09-05,C0110,P0042,1
T007083,2026-09-22,C0095,P0005,3
T007084,2026-09-07,C0150,P0046,8
T007085,2026-09-22,C0028,P0044,2
T007086,2026-09-06,C0002,P0013,4
T007087,2026-09-04,C0068,P0042,7
T007088,2026-09-25,C0020,P0014,7
T007089,2026-09-04,C0070,P0031,1
T007090,2026-09-30,C0146,P0008,4
T007091,2026-09-19,C0067,P0026,6
T007092,2026-09-26,,P0020,1
T007093,2026-09-16,C0057,P0042,1
T007094,2026-09-19,C0070,P0030,7
T007095,2026-09-01,C0123,P0014,6
T007096,2026-09-30,C0079,P0029,5
T007097,2026-09-18,C0057,P0026,8
T007098,2026-09-18,C0110,P0028,2
T007099,2026-09-20,C0092,P0028,6
T007100,2026-09-06,C0130,P0036,8
T007101,2026-09-20,C0126,P0024,7
T007102,2026-09-27,C0077,P0008,2
T007103,2026-09-23,C0094,P0007,4
T007104,2026-09-10,C0090,P0029,7
T007105,2026-09-30,C0066,P0004,7
T007106,2026-09-23,C0140,P0039,8
T007107,2026-09-26,C0110,P0040,3
T007108,2026-09-18,C0086,P0003,8
T007109,2026-09-14,C0022,P0024,7
T007110,2026-09-10,C0042,P0002,1
T007111,2026-09-04,C0130,P0031,2
T007112,2026-09-03,C0007,P0042,8
T007113,2026-09-25,C0010,P0029,1
T007114,2026-09-09,C0102,P0030,0
T007115,2026-09-24,C0109,P0042,7
T007116,2026-09-30,C0066,P0033,6
T007117,2026-09-02,C0010,P0043,6
T007118,2026-09-24,C0001,P0025,2
T007119,2026-09-18,C0028,P0039,5
T007120,2026-09-05,C0134,P0032,8
T007121,2026-09-27,C0123,P0018,4
T007122,2026-09-24,C0099,P0008,3
T007123,2026-09-02,C0113,P0049,8
T007124,2026-09-23,C0057,P0003,6
T007125,08/09/2026,C0039,P0048,3
T007126,2026-09-25,C0022,P0006,1
T007127,2026-09-23,C0089,P0025,7
T007128,2026-09-05,C0045,P0033,7
T007129,2026-09-14,C0120,P0007,2
T007130,2026-09-20,C0039,P0040,2
T007131,2026-09-28,C0093,P0034,1
T007132,2026-09-15,C0083,P0021,2
T007133,2026-09-21,C0139,P0050,2
T007134,2026-09-23,C0106,P0033,1
T007135,2026-09-27,C0053,P0044,7
T007136,2026-09-05,C0079,P0024,8
T007137,2026-09-22,C0097,P0028,8
T007138,2026-09-12,C0039,P0005,3
T007139,2026-09-08,C0001,P0025,6
T007140,2026-09-01,C0126,P0005,6
T007141,2026-09-10,C0073,P0037,7
T007142,2026-09-22,C0054,P0041,5
T007143,2026-09-09,C0134,P0031,4
T007144,2026-09-07,C0052,P0030,8
T007145,2026-09-27,C0128,P0035,4
T007146,2026-09-19,C0104,P0003,7
T007147,2026-09-09,C0141,P0018,3
T007148,2026-09-22,C0010,P0016,4
T007149,2026-09-12,C0028,P0002,6
T007150,2026-09-08,C0022,P0028,8
T007151,2026-09-05,C0119,P0022,5
T007152,2026-09-18,C0063,P0040,4
T007153,2026-09-27,C0006,P0025,2
T007154,2026-09-05,C0094,P0018,1
T007155,2026-09-25,C0049,P0043,3
T007156,2026-09-25,C0103,P0027,8
T007157,2026-09-11,C0150,P0011,4
T007158,2026-09-18,C0016,P0032,4
T007159,2026-09-23,C0069,P0029,8
T007160,2026-09-29,C0103,P0025,1
T007161,2026-09-28,C0038,P0037,6
T007162,2026-09-28,C0133,P0018,5
T007163,2026-09-24,C0144,,1
T007164,2026-09-23,C0111,P0037,2
T007165,2026-09-28,C0096,P0012,1
T007166,2026-09-17,C0118,P0034,6
T007167,2026-09-07,C0060,P0038,2
T007168,2026-09-28,C0112,P0017,6
T007169,2026-09-29,C0051,P0047,7
T007170,2026-09-12,C0080,P0002,1
T007171,2026-09-23,C0104,P0025,6
T007172,2026-09-04,C0091,P0010,6
T007173,2026-09-15,C0126,P0026,3
T007174,2026-09-06,C0126,P0034,2
T007175,2026-09-06,C0061,P0042,3
T007176,2026-09-16,C0144,P0037,1
T007177,2026-09-29,C0087,P0021,3
T007178,2026-09-02,C0025,P0042,8
T007179,2026-09-27,C0117,P0002,6
T007180,2026-09-05,C0135,P0036,8
T007181,2026-09-13,C0022,P0020,2
T007182,2026-09-13,C0002,P0032,6
T007183,2026-09-30,C0030,P0036,4
T007184,2026-09-04,C0056,P0030,2
T007185,2026-09-10,C0108,P0013,4
T007186,2026-09-29,C0113,P0016,6
T007187,2026-09-07,C0095,P0045,3
T007188,2026-09-12,C0110,P0044,5
T007189,2026-09-05,C0046,P0029,4
T007190,2026-09-03,C0105,P0003,4
T007191,2026-09-13,C0110,P0042,3
T007192,2026-09-23,C0144,P0016,2
T007193,2026-09-04,C0086,P0017,6
T007194,2026-09-10,C0042,,8
T007195,2026-09-21,C0030,P0020,7
T007196,2026-09-06,C0012,P0008,8
T007197,2026-09-26,C0014,P0013,1
T007198,2026-09-08,C0131,P0024,6
T007199,2026-09-17,C0052,,3
T007168,2026-09-28,C0119,P0003,5
T007201,2026-09-29,C0122,P0014,3
T007202,2026-09-28,C0095,P0016,5
T007203,2026-09-03,C9878,P0001,1
T007204,2026-09-28,C0115,P0001,3
T007205,2026-09-18,C0078,P0022,2
T007206,2026-09-05,C0070,P0014,1
T007207,2026-09-21,C0121,P0039,4
T007208,2026-09-22,C0146,P0014,3
T007209,2026-09-16,C0140,P0001,2
T007210,2026-09-11,C0058,P0002,1
T007211,2026-09-05,C0083,P0045,4
T007212,2026-09-23,C0076,P0022,4
T007213,2026-09-09,C0078,P0014,3
T007214,2026-09-11,C0084,P0031,7
T007215,2026-09-28,C0030,P0042,5
T007216,2026-09-27,C0129,P0037,5
T007217,2026-09-11,C0098,P0035,4
T007218,2026-09-07,C0148,P0040,8
T007219,2026-09-09,C0082,P0026,4
T007220,12/09/2026,C0099,P0014,5
T007221,2026-09-07,C0086,P0041,3
T007222,2026-09-09,C0029,P0006,7
T007223,2026-09-25,C0029,P0016,7
T007224,2026-09-30,C0087,P0034,1
T007225,2026-09-03,C0064,P0028,7
T007226,2026-09-11,C0115,P0020,7
T007227,2026-09-13,C0008,P0035,6
T007228,2026-09-12,C0007,P0021,-1
T007229,2026-09-26,C0006,P0037,3
T007230,2026-09-15,C0083,P0028,2
T007231,2026-09-10,C9738,P0020,1
T007232,2026-09-23,C0022,P0037,4
T007233,2026-09-10,C0027,P0044,7
T007234,2026-09-14,C0108,P0036,2
T007235,2026-09-23,C0018,P0023,7
T007236,2026-09-23,C0017,P0031,7
T007237,2026-09-30,C0033,P0042,8
T007238,2026-09-09,C0132,P0023,8
T007239,2026-09-18,C0072,P0016,5
T007240,2026-09-24,C0126,P0025,3
T007241,2026-09-02,,P0037,5
T007242,2026-09-30,C0043,P0019,6
T007243,2026-09-08,C0063,P0046,7
T007244,2026-09-17,C0024,P0005,2
T007245,2026-09-07,C0080,P0009,2
T007246,2026-09-30,C0147,P0009,6
T007247,2026-09-10,C0135,P0015,7
T007248,2026-09-04,C0071,P0048,8
T007249,2026-09-30,C0123,P0035,7
T007250,2026-09-22,C0103,P0012,2
T007251,2026-09-12,C0004,P0001,3
T007252,2026-09-15,C9238,P0026,2
T007253,2026-09-17,C0014,P0023,5
T007254,2026-09-18,C0075,P0036,6
T007255,2026-09-26,C0137,P0047,1
T007256,2026-09-25,C0075,P0050,2
T007257,2026-09-03,C0068,P0006,2
T007258,2026-09-12,C0100,P0044,5
T007259,2026-09-27,C0040,P0011,4
T007260,2026-09-18,C0002,P0005,1
T007261,2026-09-02,C0083,P0022,2
T007262,2026-09-11,C0049,P0007,7
T007263,2026-09-29,C0055,P0043,8
T007264,2026-09-01,C0047,P0015,5
T007265,2026-09-30,C0121,P0006,3
T007266,2026-09-19,C0054,P0048,4
T007267,2026-09-16,C0142,P0026,7
T007268,2026-09-05,C0117,P0033,4
T007269,2026-09-21,C0080,P0049,2
T007270,2026-09-18,C0025,P0030,2
T007271,2026-09-27,C0014,P0047,6
T007272,2026-09-02,C0034,P0004,2
T007273,2026-09-02,C0001,P0002,7
T007274,2026-09-28,C0143,P0002,4
T007275,2026-09-10,C0104,P0009,6
T007276,2026-09-04,C0100,P0042,4
T007277,2026-09-16,C0045,P0013,2
T007278,2026-09-12,C0003,P0008,4
T007279,2026-09-06,C0139,P0018,3
T007268,2026-09-24,C0013,P0001,3
T007281,2026-09-05,C0101,P0027,1
T007282,2026-09-23,C0028,P0012,3
T007283,2026-09-21,C0039,P0020,4
T007284,2026-09-30,C0015,P0019,5
T007285,2026-09-19,C0046,P0027,8
T007286,2026-09-20,C0140,P0041,5
T007287,2026-09-24,C0149,P0039,1
T007288,2026-09-15,C0108,P0025,7
T007289,2026-09-21,C0072,P0032,7
T007290,2026-09-30,C0090,P0033,5
T007291,2026-09-22,C0141,P0013,5
T007292,2026-09-30,C0085,P0015,6
T007293,2026-09-11,C0067,,2
T007294,2026-09-06,C0117,P0006,4
T007295,2026-09-15,C0006,P0037,6
T007296,2026-09-29,C0026,P0049,2
T007297,2026-09-17,C9137,P0047,5
T007298,2026-09-22,C0040,P0023,6
T007299,2026-09-04,C0015,,8
T007300,2026-09-06,C0066,P0013,3
T007301,2026-09-28,C0080,P0033,7
T007302,2026-09-12,C0042,P0007,6
T007303,2026-09-29,C0087,P0047,5
T007304,2026-09-02,C0123,P0014,1
T007305,2026-09-05,C0086,P0031,5
T007306,2026-09-27,C0078,P0002,4
T007307,2026-09-23,C0120,P0028,8
T007308,2026-09-24,C0097,P0027,4
T007309,2026-09-07,C0131,P0017,5
T007310,2026-09-03,C0124,P0027,4
T007311,2026-09-15,C0072,P0007,3
T007312,2026-09-09,,P0037,8
T007313,2026-09-28,C0148,P0038,6
T007314,2026-09-27,C0055,P0016,3
T007315,2026-09-09,C0079,P0016,5
T007316,2026-09-10,C0032,P0012,2
T007317,2026-09-02,C0139,P0027,2
T007318,2026-09-15,C0008,P0011,5
T007319,2026-09-07,C0018,P0016,1
T007320,2026-09-02,C0016,P0036,8
T007321,2026-09-30,C0113,P0047,4
T007322,2026-09-18,C0134,P0012,2
T007323,2026-09-20,C0104,P0034,2
T007324,2026-09-10,C0054,P0038,3
T007325,2026-09-11,C0049,P0023,6
T007326,2026-09-20,C0117,P0032,4
T007327,2026-09-04,C0139,P0020,5
T007328,2026-09-13,C0132,P0015,8
T007329,2026-09-20,C0117,P0044,7
T007330,2026-09-26,C0012,P0008,1
T007331,2026-09-23,C0100,P0041,6
T007332,2026-09-11,C0139,P0022,4
T007333,2026-09-07,C0032,P0028,6
T007334,2026-09-03,C0131,P0004,6
T007335,2026-09-15,C0072,P0043,7
T007336,2026-09-02,C0059,P0047,5
T007337,2026-09-19,C0066,P0025,5
T007338,2026-09-19,C0001,P0038,2
T007339,2026-09-06,C0126,P0010,4
T007340,2026-09-15,C0024,P0044,5
T007341,2026-09-09,C0132,P0011,1
T007342,2026-09-23,C0082,P0019,5
T007343,2026-09-18,C0120,P0032,2
T007344,2026-09-22,C0125,P0039,6
T007345,2026-09-26,C0044,P0011,7
T007346,2026-09-29,C0088,P0041,5
T007347,2026-09-30,C0002,P0036,1
T007348,2026-09-21,C0144,P0029,8
T007349,2026-09-22,C0086,P0019,1
T007350,2026-09-03,C0065,P0031,5
T007351,2026-09-12,C0046,P0047,3
T007352,2026-09-24,C0044,P0029,8
T007353,2026-09-25,C0013,P0017,6
T007354,2026-09-01,C0038,P0045,6
T007355,2026-09-13,C0129,P0029,7
T007356,2026-09-18,C0110,P0027,4
T007357,2026-09-22,C0022,P0047,4
T007358,20/09/2026,C0046,P0042,5
T007359,2026-09-01,C0060,P0014,8
T007360,2026-09-03,C9938,P0043,7
T007361,2026-09-05,C0079,P0042,4
T007362,2026-09-07,C0122,P0025,1
T007363,2026-09-08,C0073,P0038,1
T007364,2026-09-18,C0048,P0044,4
T007365,2026-09-15,C0130,P0005,5
T007366,2026-09-25,C0048,P0018,3
T007367,2026-09-05,C0030,P0039,3
T007368,2026-09-06,C0066,P0006,1
T007369,2026-09-10,C0093,P0039,6
T007370,2026-09-30,C0025,P0023,8
T007371,2026-09-20,C0088,P0021,6
T007372,2026-09-16,C0073,P0006,1
T007373,2026-09-07,C0072,P0037,7
T007374,2026-09-26,C0102,P0019,2
T007375,2026-09-12,C0033,P0018,7
T007376,2026-09-15,C0040,P0007,8
T007377,2026-09-09,C0097,,5
T007378,2026-09-23,C0012,P0016,3
T007379,2026-09-09,C0097,P0012,8
T007380,2026-09-21,C0013,P0048,4
T007381,2026-09-04,C0054,P0031,6
T007382,2026-09-25,C0072,P0029,1
T007383,2026-09-25,C0102,P0006,6
T007384,2026-09-13,C0056,P0021,7
T007385,2026-09-10,C0144,P0022,4
T007386,2026-09-25,C0013,P0045,2
T007387,2026-09-05,C0051,P0042,5
T007388,2026-09-03,C0085,P0001,2
T007389,2026-09-21,C0069,P0021,8
T007390,2026-09-01,C0082,P0040,7
T007391,2026-09-26,C0085,P0042,4
T007392,2026-09-03,C0142,P0027,7
T007393,2026-09-24,C0070,P0034,6
T007394,2026-09-25,C0086,P0042,7
T007395,2026-09-12,C0050,P0004,4
T007396,2026-09-23,C0136,P0003,6
T007397,2026-09-16,C0076,P0032,1
T007398,2026-09-28,C0022,P0047,7
T007399,2026-09-11,C0037,P0042,8
T007400,2026-09-20,C0137,P0029,8
T007401,2026-09-11,C0103,P0048,8
T007402,2026-09-19,C0093,P0003,7
T007403,2026-09-28,C0014,P0050,4
T007404,2026-09-25,C0128,P0013,6
T007405,2026-09-23,C0004,P0034,3
T007406,2026-09-12,C0106,P0037,7
T007407,2026-09-27,C0119,P0008,7
T007408,2026-09-09,C0041,P0008,3
T007409,2026-09-28,C0118,P0045,8
T007410,2026-09-25,C0138,P0019,4
T007411,2026-09-09,C0110,P0040,6
T007412,2026-09-06,C0078,P0035,3
T007413,2026-09-16,C0107,P0001,7
T007414,2026-09-10,C0115,P0014,2
T007415,2026-09-17,C0025,P0041,2
T007416,2026-09-12,C0090,P0041,8
T007417,2026-09-12,C0135,P0011,5
T007418,2026-09-30,C0095,P0042,8
T007419,2026-09-12,C0058,P0019,6
T007420,2026-09-25,C0115,P0048,2
T007421,18/09/2026,C0060,P0024,1
T007422,2026-09-10,C0018,P0020,6
T007423,2026-09-15,C0050,P0007,8
T007424,2026-09-08,C0144,P0010,6
T007425,2026-09-16,C0074,P0019,8
T007426,2026-09-13,,P0017,7
T007427,2026-09-06,C0073,P0027,7
T007428,2026-09-14,C0148,P0037,1
T007429,2026-09-08,C0043,P0013,6
T007430,2026-09-23,C0012,P0004,1
T007431,2026-09-02,C0084,P0002,1
T007432,2026-09-05,C0011,P0043,5
T007433,2026-09-07,C0044,P0050,4
T007434,2026-09-22,C0141,,1
T007435,2026-09-26,C0007,P0049,3
T007436,2026-09-18,C0105,P0017,8
T007437,03/09/2026,C0025,P0047,2
T007438,2026-09-20,C0017,P0037,5
T007439,2026-09-10,C0077,P0031,8
T007440,2026-09-27,C0041,P0028,1
T007441,2026-09-06,C0024,P0050,8
T007442,2026-09-14,C0042,P0015,-1
T007443,2026-09-04,C0149,P0035,2
T007444,2026-09-09,C0018,P0045,1
T007445,2026-09-07,C0121,P0049,-3
T007446,2026-09-20,C0110,P0042,7
T007447,2026-09-09,C0023,P9107,7
T007448,2026-09-03,C0133,P0039,3
T007449,2026-09-02,C0063,P0023,6
T007450,2026-09-03,C0053,P0013,3
T007451,2026-09-24,C0097,P0028,2
T007452,2026-09-24,C0038,P0023,7
T007453,2026-09-21,C0124,P0014,5
T007454,2026-09-24,C0148,P0009,1
T007455,2026-09-05,C0017,P0013,7
T007456,2026-09-22,C0026,P0037,1
T007457,2026-09-07,C0012,P0023,4
T007458,2026-09-05,C0073,P0031,5
T007459,2026-09-23,C0130,P0008,8
T007460,2026-09-11,C0126,P0020,4
T007461,2026-09-20,C0072,P0021,8
T007462,2026-09-21,C0110,P0031,5
T007463,2026-09-17,,P0047,3
T007464,2026-09-04,C0073,P0004,5
T007465,2026-09-06,C0086,P0040,5
T007466,2026-09-03,C0008,P0028,3
T007467,2026-09-26,C0126,P0050,2
T007468,2026-09-20,C0113,P0038,5
T007469,2026-09-02,C0137,P0044,4
T007470,2026-09-25,C0098,P0021,1
T007471,2026-09-14,C0020,P0030,3
T007472,2026-09-30,C0083,P0011,1
T007473,2026-09-11,C0039,P0048,7
T007474,2026-09-29,C0036,P0028,8
T007475,2026-09-27,C0145,P0009,8
T007476,2026-09-15,C0081,P0039,6
T007477,2026-09-17,C0054,P0020,5
T007478,2026-09-26,C0038,P0046,3
T007479,2026-09-10,C0141,P0020,1
T007480,2026-09-01,C0116,P0044,1
T007481,2026-09-20,C0027,P0050,1
T007482,2026-09-02,C0053,P0004,1
T007483,2026-09-01,C0142,P0013,7
T007484,2026-09-24,C0138,P0043,8
T007485,2026-09-01,C0090,P0002,4
T007486,2026-09-08,C0034,P0013,8
T007487,2026-09-24,C0146,P0033,4
T007465,2026-09-20,C0087,P0027,5
T007489,2026-09-28,C0145,P0015,8
T007490,2026-09-09,C0150,P0022,5
T007491,2026-09-16,C0120,P0034,4
T007492,2026-09-18,C0140,P0016,4
T007493,2026-09-06,C0140,P0039,6
T007494,2026-09-22,C0141,P0005,7
T007495,2026-09-27,C9699,P0041,2
T007496,2026-09-12,C0131,P0028,6
T007497,2026-09-19,C0090,P0002,5
T007498,2026-09-19,C0050,P0014,2
T007499,2026-09-13,C0079,P0004,1
T007500,2026-09-23,C0019,P0029,8
T007501,2026-09-30,C0056,P0009,7
T007502,2026-09-19,C0080,P0023,3
T007503,2026-09-27,C0077,P0013,8
T007504,2026-09-18,C0051,P0006,3
T007505,2026-09-02,C0089,,1
T007506,2026-09-25,C0103,P0026,2
T007507,2026-09-20,C0132,P0007,7
T007508,2026-09-18,C0062,P0005,8
T007509,2026-09-17,C0149,P0027,6
T007510,2026-09-07,C0056,P0029,4
T007511,2026-09-22,C0143,P0006,2
T007512,2026-09-28,C0079,P0028,5
T007513,2026-09-15,C0099,P0003,2
T007514,2026-09-18,C0003,P0041,2
T007515,2026-09-29,C0096,P0026,3
T007516,2026-09-01,C0026,P0004,8
T007517,2026-09-20,C0119,P0011,5
T007518,2026-09-11,C0004,,8
T007519,2026-09-08,C0107,P0009,7
T007520,2026-09-21,C0066,P0028,6
T007521,2026-09-14,C0103,P0034,6
T007522,2026-09-05,C0094,P0036,4
T007523,2026-09-04,C0088,,8
T007524,2026-09-07,C0064,P0045,8
T007525,2026-09-03,C0012,P0024,7
T007526,2026-09-18,C0008,P0001,2
T007527,2026-09-08,C0130,P0020,2
T007528,2026-09-11,C0090,P9632,6
T007529,2026-09-16,C0053,P0006,7
T007530,2026-09-09,,P0001,3
T007531,2026-09-21,C0142,P0004,6
T007532,2026-09-21,C0055,P0041,1
T007533,2026-09-29,C0043,P0009,4
T007534,2026-09-26,C0122,P0029,6
T007535,2026-09-13,C0062,P0028,4
T007536,2026-09-08,C0073,P0043,3
T007537,2026-09-13,C0062,P0001,4
T007538,2026-09-11,C0026,P0003,4
T007539,2026-09-01,C0075,P0038,7
T007540,2026-09-23,C0051,P0035,2
T007541,2026-09-25,C0009,P0044,1
T007542,2026-09-23,C0083,P0015,7
T007543,2026-09-19,C0108,,2
T007544,2026-09-24,C0005,P0015,1
T007545,2026-09-15,C0088,P0034,6
T007546,2026-09-13,C0077,P0029,4
T007547,2026-09-01,C0062,P0001,6
T007548,2026-09-03,C0079,P0030,6
T007549,2026-09-21,C0091,P0034,2
T007550,2026-09-17,C0025,P0014,2
T007551,2026-09-13,,P0024,1
T007552,2026-09-22,C0027,P0044,3
T007553,2026-09-17,C0011,P0004,6
T007554,2026-09-22,C0080,P0021,3
T007555,2026-09-07,C0077,P0019,4
T007556,2026-09-08,C0054,P0035,1
T007557,2026-09-20,,P0013,3
T007558,2026-09-14,C0047,P0050,8
T007559,2026-09-13,C0145,P0025,8
T007560,2026-09-06,C0058,P0025,8
T007561,2026-09-15,C0079,P0039,8
T007562,2026-09-02,C0128,P0039,5
T007563,2026-09-17,C0111,P0038,1
T007564,2026-09-11,C0140,P0005,7
T007565,2026-09-29,C0093,P0049,7
T007566,2026-09-18,C0146,P0008,6
T007567,2026-09-19,C0126,P0004,6
T007568,2026-09-18,C0096,P0006,3
T007569,2026-09-08,C0023,P0049,4
T007570,2026-09-14,C0035,P0003,7
T007571,2026-09-11,C0061,P0047,4
T007572,2026-09-28,C0057,P0022,7
T007573,2026-09-07,C0144,P0007,2
T007574,2026-09-08,C0009,P0009,1
T007575,2026-09-23,C0112,P0047,7
T007576,2026-09-13,C9304,P0037,3
T007577,2026-09-22,C0138,P0048,3
T007578,2026-09-17,C0005,P9982,2
T007579,2026-09-13,C0013,P0021,8
T007580,2026-09-27,C0123,P0040,4
T007581,2026-09-07,C0090,P0049,7
T007582,2026-09-01,C0038,P0017,2
T007583,2026-09-30,C0103,P0044,2
T007584,2026-09-27,C0096,P0039,2
T007585,2026-09-07,C0010,P0009,7
T007586,2026-09-02,C0047,P0029,7
T007587,2026-09-12,C0023,P0041,-1
T007588,2026-09-08,C0118,P0045,3
T007589,2026-09-07,C9368,P0028,4
T007590,2026-09-07,C0125,P0034,4
T007591,2026-09-18,C0122,P0015,4
T007592,2026-09-18,C0067,P0028,6
T007593,2026-09-29,C0044,P0020,6
T007594,2026-09-17,C0004,P0032,5
T007595,2026-09-09,C0127,P0033,3
T007596,2026-09-01,C0071,P0024,6
T007597,2026-09-15,C0057,P0034,5
T007598,2026-09-06,C0082,P0033,3
T007599,2026-09-20,C0019,P0034,5
T007600,2026-09-16,C0037,P0035,8
T007601,2026-09-23,C0012,P0017,1
T007602,2026-09-23,C0085,P0043,2
T007603,2026-09-05,C0076,P0014,3
T007604,2026-09-17,C0067,P0033,2
T007605,2026-09-19,C0146,P0012,5
T007606,2026-09-05,C0044,P0030,6
T007607,2026-09-03,C0004,P0008,6
T007608,2026-09-20,C0024,P0025,7
T007609,2026-09-23,C9381,P0050,2
T007610,2026-09-02,C0083,P0050,1
T007611,2026-09-20,C0115,P0042,5
T007612,2026-09-14,C0107,P0040,1
T007613,2026-09-11,C0111,P0025,7
T007614,2026-09-27,C0112,P0050,4
T007615,2026-09-07,C0067,P0047,5
T007616,2026-09-09,C0107,P0033,8
T007617,2026-09-28,C0138,P0031,8
T007618,2026-09-24,C0109,P0042,3
T007619,2026-09-03,C0096,P0046,8
T007620,2026-09-07,C0110,P0013,1
T007621,2026-09-02,C0028,P0013,6
T007622,2026-09-09,C0028,P0006,2
T007623,2026-09-22,C0094,P0015,5
T007624,2026-09-09,C0014,P0028,7
T007625,2026-09-26,C0079,P0033,1
T007626,2026-09-19,C0135,P0002,1
T007627,2026-09-10,C0013,P0043,5
T007628,2026-09-21,C0074,P0021,5
T007629,2026-09-29,C0112,P0002,2
T007630,2026-09-18,C0074,P0008,3
T007631,2026-09-26,C0054,P0045,5
T007632,2026-09-05,C0054,P0018,7
T007633,2026-09-10,C0035,P0038,8
T007634,2026-09-03,C0033,P0002,5
T007635,2026-09-12,C0085,P0032,7
T007636,2026-09-18,C0111,P0048,1
T007637,2026-09-28,C9896,P0018,1
T007638,2026-09-23,C0114,P0029,1
T007639,2026-09-22,C0026,P0031,2
T007640,2026-09-16,C0127,P0044,6
T007641,2026-09-08,C0146,P0044,1
T007642,2026-09-26,C0038,P0008,3
T007643,2026-09-20,,P0046,2
T007644,2026-09-13,C0007,P0023,8
T007645,2026-09-05,C0021,P0033,5
T007646,2026-09-03,C0129,P0037,4
T007647,2026-09-19,C0031,P0024,4
T007648,2026-09-17,C0055,P0027,5
T007649,2026-09-06,C0071,P0009,4
T007650,2026-09-18,C0138,P0032,7
T007651,2026-09-15,C0114,P0044,7
T007652,2026-09-20,C0080,P0020,8
T007653,2026-09-29,C0024,P0021,8
T007654,2026-09-09,C0043,P0002,7
T007655,2026-09-17,C0094,P0040,6
T007656,2026-09-17,C0124,P0043,5
T007657,2026-09-09,C0063,P0035,4
T007658,2026-09-20,C0138,P0046,2
T007659,26/09/2026,C0004,P0016,4
T007660,2026-09-05,C0076,P0005,8
T007661,2026-09-02,C0079,P0001,6
T007662,2026-09-25,C0136,P0024,3
T007663,2026-09-13,C0062,P0014,2
T007664,2026-09-13,C0014,P0030,7
T007665,2026-09-23,C0091,P0038,2
T007666,2026-09-12,C0130,P0014,6
T007667,2026-09-15,C0032,P0048,7
T007668,2026-09-28,C0012,P0026,8
T007669,2026-09-24,C0083,P0029,1
T007670,2026-09-19,C0099,P0045,3
T007671,2026-09-30,C0034,P0033,8
T007672,2026-09-25,C0049,P0026,8
T007673,2026-09-05,C0142,P0005,8
T007674,2026-09-19,C0125,P0043,4
T007675,2026-09-07,C0106,P0036,7
T007676,2026-09-20,,P0001,8
T007677,2026-09-09,C0102,P0040,6
T007678,2026-09-22,C0023,P0050,3
T007679,2026-09-26,C0143,P0011,3
T007680,2026-09-13,C0044,P0007,1
T007681,2026-09-14,C0021,P0011,1
T007682,2026-09-27,C0113,P0036,7
T007683,2026-09-27,C0089,P0032,3
T007684,2026-09-18,C0098,P0014,3
T007685,2026-09-17,C0087,P0003,7
T007686,2026-09-04,C0060,P0044,5
T007687,2026-09-23,C0041,P0049,4
T007688,2026-09-19,C0130,P0023,7
T007689,2026-09-15,C0003,P0002,3
T007690,2026-09-17,C0088,P0030,8
T007691,2026-09-23,C0068,P0045,4
T007692,2026-09-18,C0060,P0023,6
T007693,2026-09-24,C0117,P0016,2
T007694,2026-09-12,C0128,P0002,1
T007695,2026-09-19,C0110,P0027,8
T007696,2026-09-27,C0132,P0017,2
T007672,2026-09-04,C0125,P0005,1
T007698,2026-09-23,C0062,P0048,2
T007699,2026-09-16,C0091,P0020,5
T007700,2026-09-03,C0142,P0036,1
T007701,2026-09-18,C0066,P0046,6
T007702,2026-09-26,C0078,P0032,8
T007703,2026-09-17,C0057,P0026,7
T007704,2026-09-06,C0141,P0018,1
T007705,2026-09-29,C0106,P0004,8
T007706,2026-09-26,C0015,P0020,5
T007707,2026-09-07,C0032,P0039,1
T007708,2026-09-20,C0009,P0028,4
T007709,2026-09-09,C0051,P0036,4
T007710,2026-09-27,C0077,P0043,1
T007711,2026-09-10,C0106,P0026,1
T007712,2026-09-28,C0084,P0043,4
T007713,2026-09-09,,P0001,3
T007714,2026-09-23,C0132,P0038,-1
T007715,2026-09-24,C0118,P0041,3
T007716,2026-09-21,C0022,P9967,7
T007717,2026-09-22,C0118,P0024,2
T007718,2026-09-17,C0066,P0025,6
T007719,2026-09-03,C0049,P0030,2
T007720,2026-09-13,C0094,P0030,3
T007721,2026-09-18,C0085,P0020,2
T007722,2026-09-04,C0147,P0035,7
T007723,2026-09-19,C0017,P0016,6
T007724,2026-09-11,C0150,P0049,1
T007725,2026-09-01,C0124,P0023,5
T007726,2026-09-13,C0074,P0041,8
T007727,2026-09-03,C0108,P0035,3
T007728,2026-09-28,C0101,P0032,1
T007729,2026-09-24,C0008,P0043,2
T007730,2026-09-18,,P0022,1
T007731,2026-09-15,C0036,P0044,1
T007732,2026-09-16,C0135,P0021,3
T007703,2026-09-05,C0059,P0048,8
T007734,2026-09-29,C0065,P0030,1
T007735,2026-09-24,C0043,P0039,1
T007736,2026-09-18,C0111,P0016,8
T007737,2026-09-13,C0132,P0042,5
T007738,2026-09-20,C0087,P0024,8
T007739,2026-09-12,C0014,P0025,7
T007740,2026-09-08,C0028,P0013,8
T007741,2026-09-14,C0106,P0048,1
T007742,2026-09-23,C0056,P0050,6
T007743,2026-09-05,C0054,P0011,6
T007744,08/09/2026,C0054,P0042,7
T007745,2026-09-22,C0144,P0043,6
T007746,2026-09-03,C0053,P0045,3
T007747,2026-09-30,C0140,P0027,5
T007748,2026-09-18,C0130,P0016,7
T007749,2026-09-03,C0046,P0018,1
T007750,2026-09-07,C0061,P0028,6
T007751,2026-09-05,C0131,P0026,1
T007752,2026-09-26,C0066,P0036,3
T007753,2026-09-16,C0068,P0042,1
T007754,2026-09-28,C9382,P0026,2
T007755,2026-09-05,C0017,P0014,7
T007756,2026-09-13,C0126,P0032,7
T007757,2026-09-17,C0079,P0024,1
T007758,2026-09-09,C0117,P0007,5
T007759,2026-09-25,C0129,P0011,8
T007760,2026-09-15,C0082,P0027,6
T007761,2026-09-09,C0150,P0030,5
T007762,2026-09-22,C0023,P0004,8
T007763,2026-09-03,C0009,P0021,5
T007764,2026-09-01,C0017,P0030,7
T007765,2026-09-18,C0003,P0013,1
T007766,2026-09-14,C0050,P0001,8
T007767,2026-09-22,C0048,P0048,1
T007768,2026-09-07,C0102,P0046,7
T007769,2026-09-05,C0142,P0036,7
T007770,2026-09-22,C0141,P0030,1
T007771,2026-09-20,C0118,P0036,8
T007772,2026-09-20,C0043,P0015,4
T007773,2026-09-08,C0068,P0042,1
T007742,2026-09-27,C0138,P0043,7
T007775,2026-09-17,C0117,P0025,1
T007776,2026-09-02,C0120,P0035,2
T007777,2026-09-24,C0013,P0041,7
T007778,2026-09-20,C0141,P0046,3
T007779,2026-09-28,C0041,P0032,8
T007780,2026-09-19,C0049,P0001,6
T007781,2026-09-16,C0056,P0002,7
T007782,2026-09-07,C0066,P0018,1
T007783,2026-09-17,C0126,P0024,8
T007784,2026-09-27,C0031,P0006,3
T007785,2026-09-18,C0045,P0047,4
T007786,2026-09-03,C0150,P0032,7
T007787,2026-09-16,C0099,P0036,6
T007788,2026-09-18,C0028,P0020,5
T007789,2026-09-30,C0102,P0010,8
T007790,2026-09-23,C0068,P0002,5
T007791,2026-09-28,C0092,P0004,3
T007792,2026-09-24,C0088,P0039,7
T007793,2026-09-11,C0136,P0001,6
T007794,2026-09-18,C0093,P0031,3
T007795,2026-09-20,,P0010,1
T007796,2026-09-04,C0068,P0012,4
T007797,2026-09-08,C0014,P0048,8
T007798,2026-09-18,C0123,P0037,8
T007799,2026-09-19,C0101,P0025,1
T007800,2026-09-18,C0039,P0022,1
T007801,2026-09-09,C0090,P0050,6
T007802,2026-09-01,C0056,P0045,3
T007803,2026-09-16,C0085,P0032,4
T007804,2026-09-09,C0048,P0008,8
T007805,2026-09-17,C0009,P0001,2
T007806,2026-09-26,C0063,P0025,6
T007807,2026-09-01,C0141,P0031,4
T007808,2026-09-17,C0136,P0038,5
T007809,2026-09-15,,P0011,3
T007810,2026-09-04,C0010,P0018,4
T007811,2026-09-03,C0073,P0008,1
T007812,2026-09-05,C0146,P0009,7
T007813,2026-09-10,C0029,P0006,5
T007814,2026-09-05,C0106,P0032,3
T007815,2026-09-10,C0065,P0016,3
T007816,2026-09-17,C0059,P9915,8
T007817,2026-09-23,C0023,P0029,8
T007818,2026-09-02,C0007,P0037,7
T007819,2026-09-07,C0019,P0008,1
T007820,2026-09-18,C0035,P0030,4
T007821,2026-09-12,C0061,P0034,2
T007822,2026-09-07,C0101,P0006,5
T007823,2026-09-28,C0116,P0041,3
T007824,2026-09-19,C0074,P0025,2
T007825,2026-09-23,C0135,P0023,8
T007826,2026-09-30,C0024,P0042,8
T007827,2026-09-12,C0025,P0045,2
T007828,2026-09-08,C0053,P0035,2
T007829,2026-09-11,C0067,P0040,3
T007830,2026-09-13,C9341,P0039,5
T007831,2026-09-11,C0034,P0049,6
T007832,2026-09-08,C0104,P0039,7
T007833,2026-09-12,C0103,P0038,4
T007834,2026-09-27,C0114,P0040,2
T007835,2026-09-07,C0054,P0019,4
T007836,2026-09-05,C0106,P0029,3
T007837,2026-09-26,C0067,P0013,7
T007838,2026-09-05,C0085,P0041,5
T007839,2026-09-13,C0011,P0050,6
T007840,2026-09-21,C0078,P0011,7
T007841,2026-09-28,C0143,P0021,1
T007842,2026-09-11,C0067,P0003,4
T007843,2026-09-29,C0028,P0016,8
T007844,2026-09-02,C0101,P0040,8
T007845,2026-09-20,C0003,P0028,1
T007846,2026-09-16,C0056,P0049,5
T007847,2026-09-14,C0009,P0011,8
T007848,2026-09-02,C0082,P0033,1
T007849,2026-09-14,C0031,P0026,5
T007850,2026-09-09,C0064,P0041,4
T007851,2026-09-16,C0052,P0001,2
T007852,2026-09-18,C0118,P0048,7
T007853,2026-09-02,C0033,P0044,1
T007854,2026-09-18,C0141,P0030,4
T007855,2026-09-23,C0035,P0044,2
T007856,2026-09-07,C0118,P0035,6
T007857,2026-09-21,C0036,,3
T007813,2026-09-18,C0101,P0009,5
T007859,2026-09-11,C0046,P0035,8
T007860,2026-09-06,C0040,P0001,1
T007861,2026-09-17,C0014,P0045,4
T007862,2026-09-16,C0108,P0006,7
T007863,2026-09-04,C0118,P0007,5
T007864,2026-09-26,C9261,P0039,4
T007865,2026-09-16,C0080,P0028,8
T007866,2026-09-07,C0144,P0047,0
T007867,2026-09-19,C0118,P0004,2
T007868,2026-09-22,C0109,P0033,7
T007869,2026-09-26,C0094,P0018,6
T007870,2026-09-28,C0001,P0008,7
T007871,2026-09-13,C9508,P0009,5
T007872,2026-09-22,C0119,P0023,7
T007873,2026-09-02,C0002,P0014,2
T007874,2026-09-19,C0049,P0041,8
T007875,2026-09-01,C0106,P0040,8
T007876,2026-09-06,C0035,P0044,2
T007877,2026-09-11,C0124,P0046,6
T007878,2026-09-03,C0008,P0022,5
T007879,2026-09-28,C0082,P0032,5
T007880,2026-09-16,C0128,P0034,4
T007881,2026-09-08,C0117,P0035,8
T007882,2026-09-29,C0028,P0012,3
T007883,2026-09-22,C0071,P0036,5
T007884,2026-09-30,C0004,P0008,2
T007885,2026-09-16,C0071,P0009,8
T007886,2026-09-29,C0131,P0029,6
T007887,2026-09-12,C0013,P0038,6
T007888,2026-09-07,C0068,P0035,4
T007889,2026-09-14,C0115,P0045,2
T007890,2026-09-22,C0057,P0046,2
T007891,2026-09-27,C0003,P0005,7
T007892,2026-09-26,,P0035,6
T007893,2026-09-07,C0083,P0032,5
T007894,2026-09-16,C0017,P0003,3
T007895,2026-09-08,C0085,P0002,6
T007896,2026-09-07,C0003,P0030,6
T007897,2026-09-08,C0058,P0047,2
T007898,2026-09-05,C0019,P0003,4
T007899,2026-09-02,C0121,P0041,6
T007900,2026-09-12,C0135,P0047,3
T007901,2026-09-14,C0014,P0035,6
T007902,2026-09-10,C0099,P0036,3
T007903,2026-09-03,C0019,P0046,4
T007904,2026-09-23,C0081,P0031,1
T007905,2026-09-17,C0065,P0046,4
T007906,2026-09-09,C0055,P0044,8
T007907,2026-09-17,C0037,P0009,7
T007908,2026-09-21,C0095,P0032,8
T007909,04/09/2026,C0086,P0013,6
T007910,2026-09-09,C0150,P0037,3
T007911,2026-09-15,C0138,P0001,8
T007912,2026-09-14,C0119,P0016,7
T007913,2026-09-11,C0005,P0044,7
T007914,2026-09-25,C0135,P0021,3
T007915,2026-09-03,C0055,P0023,8
T007916,2026-09-16,C0148,P0035,2
T007917,2026-09-16,C0103,P0048,4
T007918,2026-09-30,C0047,P0046,3
T007919,2026-09-01,C0082,P0003,7
T007920,2026-09-03,C0028,P0043,6
T007921,2026-09-11,C0081,P0003,8
T007922,2026-09-18,,P0042,3
T007923,2026-09-02,C0140,P0030,5
T007924,2026-09-05,C0124,P0024,3
T007925,2026-09-14,C0115,P0040,3
T007926,2026-09-26,C0002,P0022,7
T007927,2026-09-10,C0122,P0026,1
T007928,22/09/2026,C0090,P0022,2
T007929,2026-09-25,C0143,P0044,8
T007930,2026-09-10,C0130,P0011,8
T007931,2026-09-13,C0110,P0039,8
T007932,2026-09-24,C0039,P0027,8
T007933,2026-09-29,C0014,P0031,2
T007934,2026-09-26,C0025,P0013,2
T007935,2026-09-22,C0113,P0003,7
T007936,2026-09-30,C0143,P0037,1
T007937,14/09/2026,C0104,P0011,5
T007938,2026-09-06,C0019,,3
T007939,2026-09-02,C0076,P0014,6
T007940,2026-09-09,C0027,P0047,1
T007941,2026-09-23,C0045,P0038,8
T007942,2026-09-16,C0081,P0001,6
T007943,2026-09-26,C0099,P0050,1
T007944,2026-09-27,C0043,P0039,7
T007945,2026-09-05,C0112,P0020,1
T007946,2026-09-11,C0064,P0027,6
T007947,2026-09-05,C0116,P0012,2
T007948,2026-09-01,C0136,P0015,4
T007949,2026-09-10,C0138,P0009,6
T007950,2026-09-25,C0103,P0029,6
T007951,2026-09-25,C0105,P0015,5
T007952,2026-09-13,C0134,P0014,7
T007953,2026-09-18,C0036,P0001,2
T007954,2026-09-27,C0035,P0041,4
T007955,2026-09-29,C0131,P0011,1
T007956,2026-09-02,C0058,P0045,4
T007957,2026-09-10,C0022,P0007,3
T007958,2026-09-27,C0031,P0031,3
T007959,2026-09-14,C0137,P0046,6
T007960,2026-09-29,C0003,P0038,6
T007961,2026-09-09,C0139,P0042,1
T007962,2026-09-23,C0012,P0027,2
T007963,2026-09-23,C0125,P0013,7
T007964,2026-09-17,C0070,P0042,6
T007965,2026-09-05,C0095,P0044,2
T007966,2026-09-01,C0062,P0001,8
T007967,2026-09-18,C0055,P0031,3
T007968,2026-09-18,C0131,P9975,7
T007969,2026-09-12,C0025,P0042,5
T007970,2026-09-08,C0017,P0045,2
T007971,2026-09-21,C0091,P0027,4
T007972,2026-09-18,C0148,P0017,3
T007973,2026-09-15,C0013,P0008,8
T007974,2026-09-06,C0091,P0015,6
T007975,2026-09-22,C0048,P0011,4
T007976,2026-09-28,C0131,P0033,1
T007977,2026-09-21,C0008,P0012,7
T007978,2026-09-11,C0100,P0033,5
T007979,2026-09-21,C0042,P0041,2
T007980,2026-09-18,C0078,P0032,6
T007981,2026-09-02,C0122,P0012,8
T007982,2026-09-03,C0001,P0007,3
T007983,2026-09-17,C0048,P0003,7
T007984,2026-09-18,C0061,P0043,8
T007985,2026-09-23,C0008,P0013,6
T007986,2026-09-18,C0005,P0038,6
T007987,2026-09-11,C0066,P0006,1
T007988,2026-09-29,C0054,P0047,7
T007989,2026-09-13,C0016,P0019,6
T007990,2026-09-23,C0149,P0034,6
T007991,2026-09-09,C0054,P0027,0
T007992,2026-09-23,C0105,P0008,3
T007993,2026-09-08,C0015,P0039,3
T007994,2026-09-17,C0041,P0015,2
T007995,2026-09-06,C0027,P0046,3
T007996,2026-09-23,C0047,P0027,6
T007997,2026-09-23,C9776,P0007,1
T007998,2026-09-05,C0138,P0050,8
T007999,2026-09-25,C0136,P0002,4
T008000,2026-09-19,C0058,P0047,4
